true,predicted,confidence,entropy,mean_entropy,mutual_info,prob_0,var_0,prob_1,var_1,prob_2,var_2,prob_3,var_3,prob_4,var_4,correct
0,0,0.9710432291030884,0.14400331676006317,0.1440027505159378,5.662441253662109e-07,0.9710432291030884,2.7693500825876072e-08,0.025181844830513,1.6647925704660338e-08,0.0033164822962135077,1.5210487314121224e-09,0.0001693444064585492,6.341888385968941e-12,0.00028910001856274903,1.5633463273934112e-11,True
2,1,0.4580986201763153,1.0527077913284302,1.0526889562606812,1.8835067749023438e-05,0.10807900875806808,1.3842193311575102e-06,0.4580986201763153,3.3213482311111875e-06,0.4141274392604828,7.1344875323120505e-06,0.013603083789348602,2.4224334538303083e-08,0.006091907620429993,3.74932307423137e-09,False
0,0,0.9593427777290344,0.19150683283805847,0.19150611758232117,7.152557373046875e-07,0.9593427777290344,5.462185370674888e-08,0.03405233100056648,2.9182174898778612e-08,0.005618181545287371,3.366542156157948e-09,0.00037251925095915794,2.274654943568155e-11,0.0006142487400211394,5.196556032704969e-11,True
0,0,0.9118176698684692,0.3632211685180664,0.3632185459136963,2.6226043701171875e-06,0.9118176698684692,3.760997913104802e-07,0.06234046444296837,1.022234741299144e-07,0.02275637723505497,6.822327947020312e-08,0.0013716511894017458,3.55820678477059e-10,0.0017139021074399352,4.453940827264802e-10,True
0,0,0.9257925152778625,0.31256914138793945,0.312563419342041,5.7220458984375e-06,0.9257925152778625,6.277319926084601e-07,0.056669335812330246,1.9064025025272713e-07,0.015534298494458199,1.0089041779792751e-07,0.0008661040919832885,5.79212677820351e-10,0.0011376870097592473,8.647653149118639e-10,True
0,0,0.9613170027732849,0.19282183051109314,0.19282059371471405,1.2367963790893555e-06,0.9613170027732849,7.858067618826681e-08,0.02759378030896187,2.415050914805761e-08,0.009381139650940895,1.3201940873841522e-08,0.0006717338692396879,1.0175846276716527e-10,0.0010363988112658262,1.9873047651941533e-10,True
0,0,0.9761671423912048,0.12941117584705353,0.1294110268354416,1.4901161193847656e-07,0.9761671423912048,9.229856878789633e-09,0.01772899739444256,2.7697668603110515e-09,0.005161099601536989,1.6096861621406333e-09,0.0003486895002424717,1.1837864022368194e-11,0.00059421022888273,2.9399239986904746e-11,True
0,0,0.9369999170303345,0.2919387221336365,0.29193735122680664,1.3709068298339844e-06,0.9369999170303345,1.3189864489504544e-07,0.033979784697294235,1.4564125905280889e-08,0.025431517511606216,4.902398487161008e-08,0.0015856862301006913,3.4789363057008416e-10,0.002003180095925927,4.848742518603899e-10,True
0,0,0.9814326167106628,0.09973977506160736,0.09973935782909393,4.172325134277344e-07,0.9814326167106628,1.297720597648322e-08,0.01655132882297039,7.509115995674165e-09,0.001752433367073536,5.969913452474884e-10,9.021770529216155e-05,2.6166484343864704e-12,0.00017339391342829913,8.177711979806546e-12,True
0,2,0.6282534599304199,0.961013674736023,0.9609901309013367,2.3543834686279297e-05,0.00434401398524642,1.996318665931085e-08,0.014894694089889526,1.466420087581355e-07,0.6282534599304199,6.066070909582777e-06,0.24696660041809082,4.922060270473594e-06,0.10554122179746628,5.88549482927192e-07,False
0,0,0.9719926714897156,0.14213955402374268,0.14213891327381134,6.407499313354492e-07,0.9719926714897156,2.9643642207588528e-08,0.02352864481508732,1.6601822139250544e-08,0.003908312879502773,1.8107930710442588e-09,0.00021199217007961124,7.132116511959774e-12,0.00035835159360431135,1.614674539907046e-11,True
0,0,0.962319552898407,0.19093850255012512,0.19093728065490723,1.2218952178955078e-06,0.962319552898407,8.032688469938876e-08,0.02537875436246395,2.8986415046006186e-08,0.010373192839324474,1.0703694819369503e-08,0.0007627704180777073,8.764336478783719e-11,0.0011657020077109337,1.710773328555959e-10,True
0,0,0.9257608652114868,0.30563884973526,0.30563679337501526,2.0563602447509766e-06,0.9257608652114868,2.229782722906748e-07,0.060527194291353226,8.941506024484625e-08,0.012250445783138275,2.798400622339159e-08,0.0006252246676012874,1.2335192589585375e-10,0.0008363184751942754,1.8908481724810855e-10,True
2,3,0.73597651720047,0.7598506212234497,0.7598193883895874,3.123283386230469e-05,1.3292014955368359e-07,1.24898237385758e-16,1.4919045497663319e-05,8.702272301201741e-13,0.1403849720954895,7.394348813249962e-06,0.73597651720047,8.470902685075998e-06,0.12362346798181534,1.577361530280541e-07,False
0,0,0.9685134887695312,0.16424454748630524,0.1642434448003769,1.1026859283447266e-06,0.9685134887695312,5.6588138619417805e-08,0.021810900419950485,1.472394295376489e-08,0.008271095342934132,1.1279410294662284e-08,0.0005488317692652345,7.549159908304404e-11,0.0008557316032238305,1.52867316027816e-10,True
0,0,0.6827468276023865,0.9232850074768066,0.9232714772224426,1.3530254364013672e-05,0.6827468276023865,4.935060132993385e-06,0.10771387815475464,8.808201812371408e-08,0.18402886390686035,3.046255415029009e-06,0.013625464402139187,3.296630168847514e-08,0.011884994804859161,2.0793899935256377e-08,True
0,0,0.933414101600647,0.3094264268875122,0.3094223141670227,4.112720489501953e-06,0.933414101600647,4.177609866928833e-07,0.03726575896143913,5.656280421817428e-08,0.023265240713953972,1.1117986531417046e-07,0.0024823283310979605,2.192853454374699e-09,0.00357258808799088,3.872153264694589e-09,True
2,2,0.743292510509491,0.8620809316635132,0.8620635867118835,1.7344951629638672e-05,0.016824860125780106,1.384236156809493e-07,0.12997093796730042,2.527230435589445e-06,0.743292510509491,1.4957842040530522e-06,0.07936909794807434,4.315125750053994e-07,0.03054267168045044,4.31288178504019e-08,True
2,2,0.7139495015144348,0.7900439500808716,0.7900338172912598,1.0132789611816406e-05,0.0011022966355085373,6.460865176194375e-10,0.0066016740165650845,1.5468332392742923e-08,0.7139495015144348,3.2175466913031414e-06,0.21200315654277802,2.3406014406646136e-06,0.06634338200092316,1.7275586117193598e-07,True
2,2,0.6146420240402222,0.9423045516014099,0.9422780871391296,2.6464462280273438e-05,0.03667072579264641,3.4321499242651043e-07,0.30607619881629944,7.988915058376733e-06,0.6146420240402222,7.647418897249736e-06,0.030866308137774467,1.7546740593843424e-07,0.011744752526283264,2.4571489731783913e-08,True
0,0,0.9573267102241516,0.2113955318927765,0.21139445900917053,1.0728836059570312e-06,0.9573267102241516,6.506714100851241e-08,0.027626944705843925,1.5373668560414444e-08,0.013007581233978271,1.585719644481287e-08,0.0008399875950999558,9.56973320032084e-11,0.0011987139005213976,1.614447880937675e-10,True
3,2,0.6756518483161926,1.0703561305999756,1.0703411102294922,1.5020370483398438e-05,0.09451454877853394,1.7407393215762568e-06,0.06190775707364082,3.3550227840351e-07,0.6756518483161926,1.0686192126740934e-06,0.10583140701055527,4.487715443701745e-07,0.06209443882107735,1.0360082569604856e-07,False
0,0,0.969875156879425,0.1543598771095276,0.15435941517353058,4.6193599700927734e-07,0.969875156879425,2.1169219266425898e-08,0.02334859035909176,7.817202885007646e-09,0.005926843732595444,2.9611448848498867e-09,0.00032912459573708475,1.4047165340647094e-11,0.0005202898173592985,2.9341820639849914e-11,True
2,0,0.9599514007568359,0.18512167036533356,0.1851203292608261,1.341104507446289e-06,0.9599514007568359,8.81067165892091e-08,0.0350799597799778,4.981885481925019e-08,0.0044507356360554695,4.932703578930386e-09,0.00020182579464744776,1.5470605699285933e-11,0.00031604329706169665,3.130455616950911e-11,False
0,0,0.8536681532859802,0.5497242212295532,0.5497180819511414,6.139278411865234e-06,0.8536681532859802,1.164479158433096e-06,0.07769775390625,7.56967608595005e-08,0.0598708800971508,5.235438607087417e-07,0.004206764046102762,4.4425680911786e-09,0.004556501749902964,4.367549433226259e-09,True
2,2,0.5844271779060364,0.9307259917259216,0.9307001233100891,2.586841583251953e-05,0.00038513517938554287,3.1052521665131394e-10,0.004618189763277769,2.307083235564278e-08,0.5844271779060364,1.0887967619055416e-05,0.31442543864250183,8.374770004593302e-06,0.09614405781030655,3.5525616226550483e-07,True
0,0,0.8981924057006836,0.4168770909309387,0.41687294840812683,4.1425228118896484e-06,0.8981924057006836,6.377775321197987e-07,0.06148548051714897,8.780610727399107e-08,0.03496464341878891,1.9454148514341796e-07,0.002429963555186987,1.4222504285399395e-09,0.002927519381046295,1.6834077465333053e-09,True
0,0,0.8487623333930969,0.5727546811103821,0.5727494955062866,5.185604095458984e-06,0.8487623333930969,1.0305695923307212e-06,0.06648022681474686,4.2596298044372816e-08,0.07222651690244675,5.160686669114511e-07,0.005974121391773224,6.3083493984095185e-09,0.006556890904903412,6.524009776853745e-09,True
0,0,0.9762463569641113,0.12884964048862457,0.1288491040468216,5.364418029785156e-07,0.9762463569641113,2.0410853451835465e-08,0.017955422401428223,6.835662702542322e-09,0.004789175000041723,2.813825616954091e-09,0.00036429293686524034,2.5162991482141628e-11,0.0006447639316320419,6.575364558392138e-11,True
0,0,0.9445900321006775,0.26513898372650146,0.26513490080833435,4.082918167114258e-06,0.9445900321006775,3.3607526006562694e-07,0.03156135231256485,3.1828268021172335e-08,0.020013978704810143,1.1048522452483667e-07,0.0016063720686361194,1.214322753462227e-09,0.0022282127756625414,1.9880150858853085e-09,True
2,2,0.5930644869804382,0.9238812923431396,0.9238670468330383,1.424551010131836e-05,0.00038406820385716856,1.4387470381738154e-10,0.00516844866797328,1.3410923038748024e-08,0.5930644869804382,6.013196525600506e-06,0.30827876925468445,4.390393314679386e-06,0.0931042805314064,2.623695820602734e-07,True
0,0,0.8791627287864685,0.47823405265808105,0.47823047637939453,3.5762786865234375e-06,0.8791627287864685,6.146206033008639e-07,0.06683178246021271,9.178006621368695e-08,0.0466526597738266,2.1651997883509466e-07,0.0034191501326858997,1.6574828176629808e-09,0.003933713771402836,1.7515063843731582e-09,True
0,0,0.9533054232597351,0.21667030453681946,0.21666912734508514,1.1771917343139648e-06,0.9533054232597351,7.938598400869523e-08,0.03734678775072098,2.8709644439572912e-08,0.008054014295339584,1.0632745350847017e-08,0.0005117901018820703,7.329446077841695e-11,0.0007820034516043961,1.4787908397817517e-10,True
0,0,0.8692094087600708,0.5089721083641052,0.5089682936668396,3.814697265625e-06,0.8692094087600708,6.178249236654665e-07,0.06922256201505661,3.2141926453732594e-08,0.053043462336063385,2.9063036777188245e-07,0.00399823859333992,2.918075781010998e-09,0.004526337143033743,3.1921827403635916e-09,True
2,2,0.7205721735954285,0.8157379627227783,0.8157232403755188,1.4722347259521484e-05,0.0016791498055681586,3.3259515141992324e-09,0.018850112333893776,1.9663676198433677e-07,0.7205721735954285,2.283690491822199e-06,0.19545991718769073,2.5556284981576027e-06,0.06343864649534225,1.5736588920844952e-07,True
2,2,0.8585368990898132,0.5613896250724792,0.5613850951194763,4.5299530029296875e-06,0.004191139247268438,3.92501942059198e-09,0.05731446295976639,3.3936439081116987e-07,0.8585368990898132,1.7884262604184187e-07,0.06275912374258041,1.2144494121457683e-07,0.017198367044329643,9.910394282997004e-09,True
3,3,0.7680897116661072,0.7013679146766663,0.7013497352600098,1.817941665649414e-05,5.646242584589345e-08,1.7241583943210348e-17,5.989475994283566e-06,1.0994146809302843e-13,0.105082668364048,3.314747345939395e-06,0.7680897116661072,4.44348461314803e-06,0.1268216222524643,1.1283533751793584e-07,True
0,0,0.9734213948249817,0.14027436077594757,0.14027392864227295,4.3213367462158203e-07,0.9734213948249817,1.7521266215680953e-08,0.02037753537297249,6.447591349711956e-09,0.00528761837631464,2.1437605024487993e-09,0.0003411537909414619,1.789094913884348e-11,0.000572282646317035,4.603931125224392e-11,True
0,0,0.9539799094200134,0.2201518714427948,0.22015070915222168,1.1622905731201172e-06,0.9539799094200134,7.887786068749847e-08,0.032394155859947205,2.1649203318929722e-08,0.012189202010631561,1.649416958571237e-08,0.0006079607992433012,6.334473223734705e-11,0.0008286894299089909,9.752004759278066e-11,True
0,0,0.9750667810440063,0.12917473912239075,0.12917377054691315,9.685754776000977e-07,0.9750667810440063,4.31745519335891e-08,0.021159740164875984,2.0817106261006302e-08,0.0032281503081321716,3.1863749416771725e-09,0.00019547359261196107,1.9838297671270766e-11,0.000349946494679898,5.420028661995424e-11,True
0,0,0.9718196988105774,0.14581798017024994,0.14581707119941711,9.08970832824707e-07,0.9718196988105774,4.717838919532369e-08,0.022209621965885162,2.2382337760973314e-08,0.005161192733794451,3.821782890156555e-09,0.00030546230846084654,2.247400009147693e-11,0.0005040544783696532,5.1923115113039486e-11,True
1,2,0.4631674885749817,1.213144302368164,1.2131325006484985,1.1801719665527344e-05,0.24346406757831573,2.7268224584986456e-06,0.24939250946044922,8.050370183809719e-07,0.4631674885749817,3.7229708595987177e-06,0.027714217081665993,4.4303142487933656e-08,0.016261717304587364,1.3378743446423869e-08,False
0,0,0.9590982794761658,0.20098158717155457,0.20098046958446503,1.1175870895385742e-06,0.9590982794761658,6.514861183859466e-08,0.029615962877869606,2.0597507699449125e-08,0.009515663608908653,1.1100266483765608e-08,0.0006958695012144744,9.228996733501305e-11,0.0010742045706138015,1.8364099130252498e-10,True
0,0,0.9370218515396118,0.29462140798568726,0.29461777210235596,3.635883331298828e-06,0.9370218515396118,3.563548034435371e-07,0.03374649956822395,3.7593917312506164e-08,0.024553287774324417,1.2151383543823613e-07,0.0019932265859097242,1.1174715597306317e-09,0.002685100305825472,1.6028472993312448e-09,True
0,2,0.6975156664848328,0.8746592998504639,0.8746525049209595,6.794929504394531e-06,0.04730359837412834,1.7773841420876124e-07,0.21680127084255219,1.415041197105893e-06,0.6975156664848328,1.5725167941127438e-06,0.027905309572815895,4.013029553107117e-08,0.010474205948412418,6.9266787861010926e-09,False
2,0,0.9439571499824524,0.26426011323928833,0.2642589807510376,1.1324882507324219e-06,0.9439571499824524,1.1040631164860315e-07,0.03466719388961792,2.4862714553819387e-08,0.018231196328997612,2.563924184073585e-08,0.001323582255281508,1.990261011552974e-10,0.0018209264380857348,3.0635680103863194e-10,False
0,0,0.9691875576972961,0.15572692453861237,0.15572643280029297,4.917383193969727e-07,0.9691875576972961,2.4792441877252713e-08,0.02473771572113037,1.0938815186989359e-08,0.005283819045871496,2.6796944663232125e-09,0.0003019784053321928,1.607904261125004e-11,0.0004889776464551687,3.73608331771802e-11,True
2,2,0.8725436329841614,0.5049952268600464,0.5049888491630554,6.377696990966797e-06,0.0013169161975383759,9.435213721431523e-10,0.030393457040190697,2.3527154269231687e-07,0.8725436329841614,1.0210804646249017e-07,0.07759828865528107,3.3473943972239795e-07,0.018147742375731468,1.3132777532121054e-08,True
2,2,0.8359462022781372,0.6247010231018066,0.6246897578239441,1.1265277862548828e-05,0.0049826884642243385,1.2547038963361956e-08,0.07154803723096848,1.0893314765780815e-06,0.8359462022781372,3.830615469269105e-07,0.06788500398397446,3.05361282926242e-07,0.01963813044130802,2.0630432473467408e-08,True
0,1,0.553578794002533,0.8803971409797668,0.880370557308197,2.658367156982422e-05,0.03824843466281891,2.9286539415807056e-07,0.553578794002533,9.408552614331711e-06,0.39580559730529785,1.142095061368309e-05,0.009198722429573536,1.8568774962091084e-08,0.003168430645018816,1.6911425593235663e-09,False
1,2,0.5501918792724609,1.1625502109527588,1.1625100374221802,4.017353057861328e-05,0.13375936448574066,4.558410182653461e-06,0.2520413100719452,4.722645371657563e-06,0.5501918792724609,1.2155396689195186e-05,0.041612159460783005,2.8799340157092956e-07,0.022395310923457146,6.10080874707819e-08,False
0,0,0.9614629745483398,0.18690653145313263,0.18690548837184906,1.043081283569336e-06,0.9614629745483398,5.968713168158502e-08,0.030503645539283752,2.405234766911235e-08,0.00694580003619194,7.720364791907741e-09,0.00042451624176464975,4.5394646375207515e-11,0.0006630556890740991,9.349144375336849e-11,True
2,2,0.6190606355667114,1.1733238697052002,1.1732597351074219,6.413459777832031e-05,0.13366186618804932,9.969669918064028e-06,0.10784317553043365,2.3839900222810684e-06,0.6190606355667114,8.215965863200836e-06,0.086472287774086,1.545956365589518e-06,0.05296206474304199,4.121421568470396e-07,True
1,2,0.5482637286186218,1.155609369277954,1.1555559635162354,5.340576171875e-05,0.11976470053195953,4.7581602302670944e-06,0.2670820653438568,7.766684575472027e-06,0.5482637286186218,1.5446983525180258e-05,0.04242640361189842,4.6074188730926835e-07,0.022463113069534302,9.996868044481744e-08,False
0,0,0.9253327250480652,0.32345908880233765,0.3234575390815735,1.5497207641601562e-06,0.9253327250480652,1.5894067928456934e-07,0.05048167333006859,4.030402678267819e-08,0.021275212988257408,4.096674288689428e-08,0.0012809804175049067,2.544645327784423e-10,0.0016294576926156878,3.534751935596603e-10,True
0,0,0.9082479476928711,0.3859142065048218,0.38591018319129944,4.023313522338867e-06,0.9082479476928711,5.607312232314143e-07,0.057055819779634476,1.0479153900178062e-07,0.02938380278646946,1.3648495666984672e-07,0.002336923498660326,1.3326652004153061e-09,0.0029754179995507,1.7676745622807744e-09,True
0,0,0.9808026552200317,0.10701969265937805,0.10701902955770493,6.631016731262207e-07,0.9808026552200317,2.341703186914401e-08,0.015262486413121223,9.06180908089027e-09,0.003192194504663348,2.3575159602273743e-09,0.0002544696908444166,2.232890435049928e-11,0.0004882684152107686,6.709882649502674e-11,True
0,2,0.45592451095581055,1.238661289215088,1.2386287450790405,3.254413604736328e-05,0.330979585647583,1.0954361641779542e-05,0.14097002148628235,5.42673149084294e-07,0.45592451095581055,9.839682206802536e-06,0.042691685259342194,2.749555960690486e-07,0.0294342041015625,9.976383807952516e-08,False
0,0,0.8169113397598267,0.645094633102417,0.6450788974761963,1.5735626220703125e-05,0.8169113397598267,3.642770252554328e-06,0.09441117197275162,1.8630223053150985e-07,0.07715728133916855,1.6200535810639849e-06,0.005652344319969416,1.720809450489469e-08,0.005867911037057638,1.603971178099073e-08,True
0,0,0.9607114195823669,0.1916087567806244,0.19160723686218262,1.519918441772461e-06,0.9607114195823669,9.065318096190822e-08,0.030232775956392288,3.132444348352692e-08,0.007703006267547607,1.2174346863957908e-08,0.0005241231410764158,1.0359892110844982e-10,0.0008286622469313443,2.264172460630931e-10,True
2,2,0.7694797515869141,0.7103509902954102,0.7103429436683655,8.046627044677734e-06,0.0016471300041303039,1.628460588598557e-09,0.010021607391536236,3.2975499664189556e-08,0.7694797515869141,1.6715620176910306e-06,0.16726230084896088,1.452065475859854e-06,0.051589228212833405,9.27982028997576e-08,True
0,0,0.9469023942947388,0.24313800036907196,0.24313664436340332,1.3560056686401367e-06,0.9469023942947388,1.2176809605080052e-07,0.0400240384042263,4.55243416297435e-08,0.011465916410088539,1.568438001697814e-08,0.0006668504211120307,7.694816311909491e-11,0.0009408736950717866,1.2319925635217999e-10,True
0,0,0.9627799987792969,0.18902996182441711,0.18902769684791565,2.2649765014648438e-06,0.9627799987792969,1.4321038577236322e-07,0.024831945076584816,3.881442012243497e-08,0.010587978176772594,2.5850203755339862e-08,0.0007190226460807025,1.7783667594084562e-10,0.0010810400126501918,3.287397576379192e-10,True
0,2,0.5694043040275574,1.0823304653167725,1.0823159217834473,1.4543533325195312e-05,0.09991588443517685,8.579894483773387e-07,0.2833361327648163,2.825054025379359e-06,0.5694043040275574,4.39861332779401e-06,0.032059621065855026,9.641752285460825e-08,0.015284073539078236,2.1135914352043983e-08,False
2,3,0.5757080912590027,0.9262751340866089,0.9262282252311707,4.690885543823242e-05,2.62640946857573e-06,3.506886147035433e-14,0.00018373329658061266,9.6519042758203e-11,0.3138780891895294,2.062659041257575e-05,0.5757080912590027,1.7915943317348137e-05,0.11022744327783585,1.5264265584846726e-07,False
0,0,0.8573246002197266,0.4994126558303833,0.4994092881679535,3.3676624298095703e-06,0.8573246002197266,6.011385380588763e-07,0.10902541875839233,1.5486178028822906e-07,0.030815763399004936,1.303576908640025e-07,0.0013577932259067893,4.708469725223097e-10,0.0014764050720259547,4.897396932435072e-10,True
0,0,0.8487674593925476,0.5664916634559631,0.5664873123168945,4.351139068603516e-06,0.8487674593925476,9.109875236390508e-07,0.07108414173126221,5.556389837124698e-08,0.07014602422714233,4.215500837290165e-07,0.0048765758983790874,3.4243370361508596e-09,0.005125770810991526,3.1277480605496066e-09,True
0,0,0.9563979506492615,0.21688327193260193,0.21688222885131836,1.043081283569336e-06,0.9563979506492615,7.28838003283272e-08,0.0266122967004776,1.245571201735629e-08,0.014606992714107037,2.00215648504809e-08,0.0009854749077931046,1.389761500325548e-10,0.0013973163440823555,2.341604132816144e-10,True
0,0,0.9691595435142517,0.15995410084724426,0.15995372831821442,3.725290298461914e-07,0.9691595435142517,1.5576199885458664e-08,0.022699592635035515,5.219371601583589e-09,0.006812783423811197,3.201653608897459e-09,0.0005022885743528605,3.056425945668906e-11,0.0008258394082076848,7.336821428172158e-11,True
0,0,0.9816327095031738,0.10392624139785767,0.10392584651708603,3.948807716369629e-07,0.9816327095031738,9.901953923474593e-09,0.01402581948786974,4.160674471620496e-09,0.0036872115451842546,1.1673206845586037e-09,0.00023460050579160452,7.478712961417333e-12,0.00041958672227337956,2.032214153901979e-11,True
0,0,0.9310185313224792,0.3105299472808838,0.31052884459495544,1.1026859283447266e-06,0.9310185313224792,9.909681608633036e-08,0.043131060898303986,2.9707052817684598e-08,0.02183249592781067,2.353088923712221e-08,0.001708056079223752,2.1046607512342774e-10,0.0023097756784409285,3.226839073722232e-10,True
0,0,0.9023637771606445,0.3934565782546997,0.39345303177833557,3.546476364135742e-06,0.9023637771606445,4.80248388612381e-07,0.06794152408838272,1.2714951935777208e-07,0.026029396802186966,1.063155750102851e-07,0.001642294111661613,6.933350560345275e-10,0.0020229958463460207,8.757798375391701e-10,True
0,0,0.8722192645072937,0.4897090792655945,0.48970481753349304,4.26173210144043e-06,0.8722192645072937,7.520461622334551e-07,0.07930947840213776,1.1092296858805639e-07,0.04229750856757164,2.330332762312537e-07,0.002880845218896866,1.7299356391831111e-09,0.003292904933914542,1.870834820394407e-09,True
0,0,0.9727249145507812,0.13684231042861938,0.13684183359146118,4.76837158203125e-07,0.9727249145507812,2.511138497141019e-08,0.023920312523841858,1.6009726877541652e-08,0.002937355311587453,9.454768079564246e-10,0.00015211908612400293,3.0020235429473185e-12,0.0002653052506502718,6.921346742266854e-12,True
0,0,0.968925416469574,0.16055047512054443,0.16054950654506683,9.685754776000977e-07,0.968925416469574,4.95645764431174e-08,0.022566646337509155,1.4497278044700579e-08,0.0074703567661345005,9.019198721205157e-09,0.00041136337677016854,4.19213795621598e-11,0.0006262891110964119,7.978254862317513e-11,True
0,0,0.9730693101882935,0.1373656988143921,0.13736456632614136,1.1324882507324219e-06,0.9730693101882935,4.6614111681719805e-08,0.022823382169008255,2.0984089132980444e-08,0.0035647787153720856,4.075541681913819e-09,0.00019876289297826588,1.8446317390230504e-11,0.0003437599807512015,4.4648104657873944e-11,True
3,3,0.5759984254837036,0.934127688407898,0.9341011047363281,2.658367156982422e-05,3.6634469324781094e-06,4.872166716298268e-14,0.00019029263057745993,6.714340888835935e-11,0.30559006333351135,1.1191482371941675e-05,0.5759984254837036,1.0358206964156125e-05,0.1182175874710083,9.445688675668862e-08,True
0,0,0.9319962859153748,0.3032119572162628,0.30321118235588074,7.748603820800781e-07,0.9319962859153748,7.675605928625373e-08,0.044683147221803665,1.4070440812474772e-08,0.020305151119828224,2.2495735052530108e-08,0.0013083488447591662,1.7847495703549043e-10,0.0017071564216166735,2.77095207890099e-10,True
0,0,0.9834100008010864,0.09818002581596375,0.09817978739738464,2.384185791015625e-07,0.9834100008010864,5.514879664048067e-09,0.011155671440064907,1.727950227348174e-09,0.004439162090420723,9.03934593843303e-10,0.000353154115146026,9.549160073785146e-12,0.0006420082063414156,2.7454597623099986e-11,True
0,0,0.9425997734069824,0.2647894024848938,0.2647883892059326,1.0132789611816406e-06,0.9425997734069824,1.0502306224680069e-07,0.03901582956314087,3.15685682039657e-08,0.01587246172130108,1.9103479687032632e-08,0.001055684988386929,1.1410587058557908e-10,0.0014563247095793486,1.7274512376097562e-10,True
0,0,0.9549351930618286,0.2127688229084015,0.2127676010131836,1.2218952178955078e-06,0.9549351930618286,8.803956319525241e-08,0.03474315255880356,3.604931464451511e-08,0.009016020223498344,1.0984534171143423e-08,0.0005273627466522157,5.536554895102519e-11,0.0007783046457916498,1.0022488394767493e-10,True
0,0,0.9458522796630859,0.2512879967689514,0.2512862980365753,1.6987323760986328e-06,0.9458522796630859,1.3029099932282406e-07,0.0378241203725338,2.905360396709966e-08,0.014262661337852478,3.122736202954002e-08,0.0008671173709444702,2.0321665183953286e-10,0.0011938619427382946,3.3211947081390747e-10,True
1,2,0.5980518460273743,1.0073959827423096,1.0073578357696533,3.814697265625e-05,0.05435478314757347,1.2381550504869665e-06,0.29731377959251404,8.903315574571025e-06,0.5980518460273743,1.157762835646281e-05,0.03523377701640129,2.210571636851455e-07,0.015045869164168835,2.775318641567992e-08,False
2,2,0.7576150298118591,0.8481537699699402,0.8481306433677673,2.3126602172851562e-05,0.01630639284849167,1.694838829280343e-07,0.08126919716596603,1.8400787666905671e-06,0.7576150298118591,2.8007028163301584e-07,0.10311204195022583,1.2166311762484838e-06,0.04169734939932823,1.4366951006650197e-07,True
2,2,0.5119855999946594,1.26719069480896,1.267167091369629,2.3603439331054688e-05,0.21877360343933105,4.714996521215653e-06,0.1741136759519577,1.3221952031017281e-06,0.5119855999946594,5.1564766181400046e-06,0.057574864476919174,3.8971990079517127e-07,0.03755224868655205,1.4383763868863753e-07,True
0,0,0.81780606508255,0.6269261240959167,0.6269192099571228,6.9141387939453125e-06,0.81780606508255,1.4454818710873951e-06,0.10766460001468658,1.0467183386708712e-07,0.06722437590360641,6.758078825441771e-07,0.003664726857095957,3.6174665485333435e-09,0.003640244249254465,3.0407587559011517e-09,True
0,0,0.945629894733429,0.2486914098262787,0.24868999421596527,1.4156103134155273e-06,0.945629894733429,1.291416111826038e-07,0.04056624323129654,4.878814507947027e-08,0.011950417421758175,1.603073229716756e-08,0.0007628232124261558,1.0658773169636149e-10,0.0010906262323260307,1.8263926482298132e-10,True
0,0,0.7095864415168762,0.8631976842880249,0.8631869554519653,1.0728836059570312e-05,0.7095864415168762,2.929411721197539e-06,0.1587105691432953,1.1901292396032659e-07,0.11538747698068619,1.6559802133997437e-06,0.00842257123440504,1.6466916719082292e-08,0.007892879657447338,1.2118221981438637e-08,True
0,0,0.950173556804657,0.2425207793712616,0.24251866340637207,2.115964889526367e-06,0.950173556804657,1.6681552494901553e-07,0.029048679396510124,2.665609954988213e-08,0.01775655709207058,4.5400732062717e-08,0.001264620223082602,4.361929428764455e-10,0.0017565739108249545,7.368991528089452e-10,True
0,0,0.730954110622406,0.8145633339881897,0.8145539164543152,9.417533874511719e-06,0.730954110622406,2.8935703539900715e-06,0.14623083174228668,2.5801375613809796e-07,0.11109369993209839,1.3482068652592716e-06,0.0061765736900269985,7.281729441643847e-09,0.005544814746826887,4.826171018379455e-09,True
0,0,0.9579662680625916,0.1975620687007904,0.19756090641021729,1.1622905731201172e-06,0.9579662680625916,8.352846236903133e-08,0.03478472679853439,3.7027760413366195e-08,0.006121405400335789,6.930024998297313e-09,0.0004277911502867937,4.715584520087468e-11,0.0006998938624747097,1.0044091947047917e-10,True
0,0,0.8973550796508789,0.4189821481704712,0.41897884011268616,3.3080577850341797e-06,0.8973550796508789,5.104035949443642e-07,0.06139258295297623,8.744016355421991e-08,0.036146294325590134,1.4979296736328251e-07,0.002350027207285166,8.457842759490575e-10,0.0027559753507375717,9.018322200127216e-10,True
0,0,0.982124924659729,0.09963276982307434,0.09963230788707733,4.6193599700927734e-07,0.982124924659729,1.4190298713856464e-08,0.01472051627933979,7.018792658186612e-09,0.002675676718354225,1.1140809386134265e-09,0.00016656474326737225,7.849043463792338e-12,0.0003123484493698925,2.4089842967645048e-11,True
0,0,0.959872841835022,0.1843993365764618,0.18439844250679016,8.940696716308594e-07,0.959872841835022,5.8448431872193396e-08,0.035475730895996094,3.4815773375385106e-08,0.0042432318441569805,3.0948008600262256e-09,0.0001617531233932823,8.784526925320613e-12,0.00024647038662806153,1.8233891826979765e-11,True
0,0,0.9542624354362488,0.22446265816688538,0.2244618684053421,7.897615432739258e-07,0.9542624354362488,5.930210633664501e-08,0.028721768409013748,1.7795978024537362e-08,0.014633983373641968,1.1430850932470094e-08,0.0009885525796562433,9.584533167128484e-11,0.0013932635774835944,1.7041139332985011e-10,True
2,2,0.7995377779006958,0.7130125761032104,0.7129896283149719,2.294778823852539e-05,0.0072164335288107395,3.347410526544081e-08,0.10588473081588745,3.2584457585471682e-06,0.7995377779006958,1.0923472473223228e-06,0.06665781140327454,6.214673362592293e-07,0.02070324309170246,4.634531336478176e-08,True
3,2,0.6658844351768494,1.0463745594024658,1.046343207359314,3.135204315185547e-05,0.04170944169163704,1.4407054322873591e-06,0.041698355227708817,6.157064831313619e-07,0.6658844351768494,2.3835247020542738e-07,0.1605626791715622,2.027666823778418e-06,0.09014513343572617,3.1329389571510546e-07,False
0,0,0.971043050289154,0.15176396071910858,0.15176303684711456,9.238719940185547e-07,0.971043050289154,4.224142458042479e-08,0.021448835730552673,1.2685124950451154e-08,0.006307778414338827,6.812772568309811e-09,0.00045024100109003484,6.446163741680166e-11,0.0007501747459173203,1.5601892000560724e-10,True
0,0,0.9083647131919861,0.3731902837753296,0.3731885850429535,1.6987323760986328e-06,0.9083647131919861,2.3740690835438727e-07,0.06620685756206512,6.770743965489601e-08,0.021855168044567108,4.155552346674085e-08,0.001552425674162805,2.9350538666150783e-10,0.002020882209762931,3.925882674504777e-10,True
2,3,0.6897682547569275,0.8173723220825195,0.8173508048057556,2.1517276763916016e-05,1.8911096333340538e-07,1.3446490542473388e-16,2.922046769526787e-05,1.7607613500905672e-12,0.2063155174255371,7.086939149303362e-06,0.6897682547569275,7.193389137682971e-06,0.10388684272766113,8.416999719429441e-08,False
0,0,0.9791473746299744,0.11348164081573486,0.11348127573728561,3.650784492492676e-07,0.9791473746299744,1.629299895000713e-08,0.016891350969672203,7.139592472782397e-09,0.0033913911320269108,1.7445342948008147e-09,0.00020458489598240703,9.240756597417299e-12,0.00036541855661198497,2.4191273984008888e-11,True
0,0,0.9209195375442505,0.3387203812599182,0.33871766924858093,2.7120113372802734e-06,0.9209195375442505,3.318825463338726e-07,0.0532248429954052,7.417640546236726e-08,0.022521695122122765,7.584036154639762e-08,0.0014613616513088346,4.74251304893869e-10,0.0018725715344771743,6.301632549110536e-10,True
2,2,0.7568990588188171,0.8134689331054688,0.8134388327598572,3.0100345611572266e-05,0.01794138364493847,2.095546136615667e-07,0.14344196021556854,5.478104412759421e-06,0.7568990588188171,4.057142177771311e-06,0.05999693274497986,4.1132381056740996e-07,0.021720683202147484,3.2423979945406245e-08,True
0,0,0.9795923233032227,0.10899273306131363,0.10899221897125244,5.140900611877441e-07,0.9795923233032227,1.8617855701563713e-08,0.017644798383116722,9.725463989695982e-09,0.002412143163383007,1.1661590582079384e-09,0.00012418908590916544,5.176834655395979e-12,0.0002265919465571642,1.475582503407402e-11,True
0,0,0.9536569714546204,0.22561079263687134,0.2256097048521042,1.087784767150879e-06,0.9536569714546204,7.841051541390698e-08,0.03051788918673992,1.9530572714643313e-08,0.013468071818351746,1.6552474946252005e-08,0.0009627746767364442,1.402888638590838e-10,0.001394331338815391,2.5556268212767463e-10,True
0,0,0.940496563911438,0.27111828327178955,0.271116703748703,1.5795230865478516e-06,0.940496563911438,1.4698903783028072e-07,0.04112393036484718,4.6761023497765564e-08,0.015988538041710854,2.84714918308282e-08,0.0010129952570423484,1.6367256161498034e-10,0.0013779832515865564,2.495849082961854e-10,True
0,0,0.9443314671516418,0.24905353784561157,0.24905157089233398,1.9669532775878906e-06,0.9443314671516418,1.6418638892901072e-07,0.04339848831295967,5.6346774357507456e-08,0.011047346517443657,2.4864315051331687e-08,0.0005200349842198193,9.075575707617745e-11,0.0007026699022389948,1.4092992051129016e-10,True
1,0,0.535226047039032,1.109232783317566,1.1092103719711304,2.2411346435546875e-05,0.535226047039032,8.294081453641411e-06,0.2313639372587204,2.658191249338415e-07,0.20847921073436737,5.287695785227697e-06,0.013942472636699677,4.513199769462517e-08,0.01098836213350296,2.1946565453845324e-08,False
2,2,0.6941174268722534,1.0075418949127197,1.0075125694274902,2.9325485229492188e-05,0.06355716288089752,1.541171400276653e-06,0.13369885087013245,2.7773032797995256e-06,0.6941174268722534,3.590109599826974e-06,0.07290426641702652,6.016662155161612e-07,0.03572232276201248,1.1395797372415473e-07,True
0,0,0.9745591282844543,0.1354466676712036,0.135446235537529,4.3213367462158203e-07,0.9745591282844543,2.03882990490456e-08,0.019337287172675133,7.690132974857988e-09,0.00530011672526598,2.957835087968874e-09,0.0003049557562917471,1.5648701084947092e-11,0.000498599314596504,3.532865666677765e-11,True
0,0,0.74141925573349,0.8068640232086182,0.8068613409996033,2.682209014892578e-06,0.74141925573349,7.212834134406876e-07,0.13168838620185852,5.7204260883736424e-08,0.11203625053167343,3.7668735330953496e-07,0.0076459236443042755,3.453765051730784e-09,0.007210193667560816,2.637255303028496e-09,True
0,0,0.9296591877937317,0.30604076385498047,0.3060396909713745,1.0728836059570312e-06,0.9296591877937317,1.0042484888117542e-07,0.04989130422472954,3.588252894815014e-08,0.018019115552306175,2.141724131377032e-08,0.0010555185144767165,1.1895817664253627e-10,0.0013748804340139031,1.736158161680379e-10,True
0,0,0.9715588688850403,0.1514567732810974,0.15145623683929443,5.364418029785156e-07,0.9715588688850403,2.3605519317015933e-08,0.019722536206245422,6.25781515495305e-09,0.0073723397217690945,4.3747681033323715e-09,0.0005156486295163631,2.952661379285182e-11,0.0008305742521770298,6.20961823627475e-11,True
0,0,0.9628987312316895,0.18919265270233154,0.18919144570827484,1.2069940567016602e-06,0.9628987312316895,7.254897127495497e-08,0.024681586772203445,1.5501107952786697e-08,0.010376202873885632,1.6193643759265797e-08,0.0008002998656593263,1.4258853819892892e-10,0.0012431851355358958,2.830886913773867e-10,True
0,0,0.968160092830658,0.15819169580936432,0.15819062292575836,1.0728836059570312e-06,0.968160092830658,5.825197035846941e-08,0.02638085186481476,2.7976932770457097e-08,0.004771853797137737,4.445190437962765e-09,0.00026111883926205337,1.9125668063169066e-11,0.0004260624700691551,4.115789306591289e-11,True
0,0,0.9656209945678711,0.1760627031326294,0.17606161534786224,1.087784767150879e-06,0.9656209945678711,6.755911385880609e-08,0.023846952244639397,2.1562618357506835e-08,0.009067477658390999,1.0087772395195316e-08,0.0005812429008074105,6.822740289402773e-11,0.0008833628380671144,1.320875631094509e-10,True
0,0,0.8857617378234863,0.42801326513290405,0.4280083179473877,4.947185516357422e-06,0.8857617378234863,7.524736815867072e-07,0.08778563886880875,2.2237942687297618e-07,0.023636946454644203,1.3830735667852423e-07,0.0012785963481292129,7.748485741920774e-10,0.0015370699111372232,9.806997436356824e-10,True
0,0,0.9604251980781555,0.18855012953281403,0.18854908645153046,1.043081283569336e-06,0.9604251980781555,6.44056186160924e-08,0.03244519978761673,2.6037819012003638e-08,0.006233651656657457,7.309706173685981e-09,0.0003500639577396214,3.5600369874266846e-11,0.0005459072417579591,7.161162635105356e-11,True
0,0,0.9712421298027039,0.14041301608085632,0.1404120773077011,9.387731552124023e-07,0.9712421298027039,4.871187897492746e-08,0.026149798184633255,3.1987408277700524e-08,0.0022525147069245577,1.4181771312848923e-09,0.00012462124868761748,6.8141221831741206e-12,0.00023097707889974117,1.9415550764345646e-11,True
3,3,0.8170968890190125,0.5964556336402893,0.5964424014091492,1.3232231140136719e-05,7.446819161316398e-09,3.212823007401834e-19,1.3868818768969504e-06,6.2761473738882044e-15,0.06795024871826172,1.5695630963818985e-06,0.8170968890190125,2.6394002361485036e-06,0.11495158821344376,1.9712005894234608e-07,True
0,0,0.8803167343139648,0.4638698101043701,0.4638678729534149,1.9371509552001953e-06,0.8803167343139648,3.615637922393944e-07,0.07307920604944229,6.531208640581099e-08,0.0422196239233017,1.0444913556284519e-07,0.0021114421542733908,4.1646322501698307e-10,0.0022730380296707153,4.1420636365252506e-10,True
0,0,0.956160843372345,0.20393511652946472,0.2039341926574707,9.238719940185547e-07,0.956160843372345,6.787690409737479e-08,0.03620965778827667,3.4174011176446584e-08,0.006597640458494425,4.764805439094744e-09,0.0004017455503344536,2.6421117030328567e-11,0.0006300811073742807,5.425530164027137e-11,True
2,2,0.4525220990180969,0.9487046003341675,0.9486714601516724,3.314018249511719e-05,1.615286419109907e-05,7.445721556670337e-13,0.0007459400803782046,8.845355559117252e-10,0.4525220990180969,1.647818680794444e-05,0.4505922794342041,1.3227834642748348e-05,0.09612355381250381,2.5989015739469323e-07,True
0,0,0.7597678899765015,0.7735471725463867,0.7735392451286316,7.927417755126953e-06,0.7597678899765015,2.049916702162591e-06,0.13629871606826782,3.1335471817328653e-07,0.08702431619167328,7.902679612925567e-07,0.008197890594601631,1.1267731636621647e-08,0.008711266331374645,1.0383208071118588e-08,True
0,0,0.9441591501235962,0.2589762806892395,0.25897547602653503,8.046627044677734e-07,0.9441591501235962,7.117366607189979e-08,0.03749914839863777,2.0395887645463517e-08,0.01613142155110836,1.5889265014834564e-08,0.000945278094150126,6.82337311652681e-11,0.0012650442076846957,9.357825625500027e-11,True
0,0,0.9273543357849121,0.31312888860702515,0.3131265342235565,2.3543834686279297e-06,0.9273543357849121,2.507096041881596e-07,0.0519864521920681,5.893863885830797e-08,0.018161414191126823,5.490699095389573e-08,0.0010824459604918957,3.1034796954543253e-10,0.0014153787633404136,4.4105935570470933e-10,True
0,0,0.9448630213737488,0.2441961169242859,0.24419522285461426,8.940696716308594e-07,0.9448630213737488,7.271052737678474e-08,0.044859569519758224,3.0331776201819594e-08,0.009154821746051311,8.798934025833205e-09,0.00046437521814368665,3.7026316040966734e-11,0.0006582188652828336,6.237220462335102e-11,True
0,0,0.9717277884483337,0.1495262086391449,0.1495257318019867,4.76837158203125e-07,0.9717277884483337,2.0414937296209246e-08,0.020245812833309174,5.827708537964327e-09,0.006912726443260908,4.048029023095978e-09,0.00043046133941970766,2.80512418848744e-11,0.0006832169601693749,6.230600757550775e-11,True
0,0,0.9675817489624023,0.1699804663658142,0.16997970640659332,7.599592208862305e-07,0.9675817489624023,3.860619202100679e-08,0.02137134037911892,1.1536329225236841e-08,0.009237932972609997,7.419942882336272e-09,0.0007008822867646813,5.158543037175889e-11,0.0011080492986366153,1.0130202926506016e-10,True
0,0,0.946293294429779,0.2457231879234314,0.24572138488292694,1.8030405044555664e-06,0.946293294429779,1.4876964371524082e-07,0.04010322690010071,4.555174726306177e-08,0.011993186548352242,2.4525574460199095e-08,0.0006731973844580352,1.0634095687356293e-10,0.0009370340267196298,1.6514641043574585e-10,True
2,2,0.6058503985404968,1.0184329748153687,1.0183969736099243,3.600120544433594e-05,0.06759431213140488,1.5083263633641764e-06,0.2779509127140045,7.690646270930301e-06,0.6058503985404968,1.15852662929683e-05,0.033811330795288086,1.692470164016413e-07,0.014793062582612038,2.2988976056126376e-08,True
2,2,0.6517149806022644,0.9913860559463501,0.9913410544395447,4.500150680541992e-05,0.012284010648727417,2.910944658651715e-07,0.028693480417132378,8.057207878664485e-07,0.6517149806022644,3.7312340737116756e-06,0.20737333595752716,6.1586633819388226e-06,0.0999341756105423,7.407386419799877e-07,True
0,0,0.9808134436607361,0.10266195237636566,0.1026606485247612,1.30385160446167e-06,0.9808134436607361,4.442439305307744e-08,0.01697945035994053,2.5816754956053956e-08,0.001951252343133092,1.9901098546881713e-09,9.019143908517435e-05,6.743979073103867e-12,0.00016566520207561553,1.8981110086468966e-11,True
0,0,0.9518623352050781,0.2229040563106537,0.22290320694446564,8.493661880493164e-07,0.9518623352050781,6.990500622805484e-08,0.03764277324080467,3.105785140178341e-08,0.009249071590602398,7.390610790025676e-09,0.0005087463068775833,3.721535579703783e-11,0.0007371114916168153,6.665933777183497e-11,True
0,0,0.9410369992256165,0.2655070424079895,0.26550501585006714,2.0265579223632812e-06,0.9410369992256165,2.1071589628718357e-07,0.04246223717927933,6.638656202540005e-08,0.01486671157181263,3.420665706244108e-08,0.0007123551331460476,1.2718572028891373e-10,0.0009217825718224049,1.7684172182175217e-10,True
0,0,0.9496585726737976,0.24157674610614777,0.24157552421092987,1.2218952178955078e-06,0.9496585726737976,9.269349021678863e-08,0.03134756535291672,1.6857194751196403e-08,0.016650361940264702,2.4986965385664917e-08,0.0009988507954403758,1.4190866537422409e-10,0.0013445947552099824,2.131763793267183e-10,True
0,0,0.9694505929946899,0.1546483039855957,0.1546477973461151,5.066394805908203e-07,0.9694505929946899,2.5979064233183635e-08,0.02466791495680809,1.0440757591823058e-08,0.0050130276940763,2.9387685618331716e-09,0.0003246518026571721,1.7993335987842585e-11,0.0005438600201159716,4.1464196659513064e-11,True
0,0,0.9557377696037292,0.21341821551322937,0.21341638267040253,1.8328428268432617e-06,0.9557377696037292,1.2478670896598487e-07,0.031964261084795,3.776796830834428e-08,0.010631907731294632,2.1939868588560785e-08,0.0006753577035851777,1.1617260625707004e-10,0.0009906446794047952,1.931329124404968e-10,True
0,0,0.7719859480857849,0.7484273910522461,0.748388409614563,3.898143768310547e-05,0.7719859480857849,1.0370676136517432e-05,0.12633748352527618,6.725810521857056e-07,0.08588304370641708,4.088750301889377e-06,0.007696466986089945,6.271930175216767e-08,0.008097055368125439,5.900117727719589e-08,True
0,0,0.9253643155097961,0.3253360390663147,0.32533398270606995,2.0563602447509766e-06,0.9253643155097961,2.0642676190618658e-07,0.04847417399287224,4.745028192587597e-08,0.02310922183096409,6.039432065563233e-08,0.0013562170788645744,3.1202337935631874e-10,0.0016960602952167392,4.078353488257136e-10,True
1,1,0.5868602991104126,0.9515241384506226,0.9515153765678406,8.761882781982422e-06,0.09735564142465591,3.9255110095837153e-07,0.5868602991104126,2.028619974225876e-06,0.3063940107822418,3.054320131923305e-06,0.006609214935451746,4.071069703570629e-09,0.0027808670420199633,6.679199415771109e-10,True
2,2,0.6707395315170288,0.8859912157058716,0.8859810829162598,1.0132789611816406e-05,0.004021261818706989,1.1661970056309201e-08,0.008713843300938606,2.8666255147413722e-08,0.6707395315170288,2.5798708520596847e-06,0.22485259175300598,2.1205614757491276e-06,0.09167280793190002,1.835200293953676e-07,True
0,0,0.9217524528503418,0.3397473692893982,0.3397463858127594,9.834766387939453e-07,0.9217524528503418,1.1470012140080144e-07,0.04959588125348091,2.259637277290949e-08,0.024827877059578896,2.736491921950801e-08,0.0016799040604382753,2.3883217625808584e-10,0.002143852412700653,3.438992979276634e-10,True
4,3,0.6170629858970642,0.912651538848877,0.9126262664794922,2.5272369384765625e-05,2.579405190772377e-06,3.0957336439327646e-14,0.00011824497778434306,3.274272519782073e-11,0.2516520321369171,9.217130354954861e-06,0.6170629858970642,9.605003469914664e-06,0.13116422295570374,9.022949853942919e-08,False
2,0,0.8435215950012207,0.5809161067008972,0.5809097290039062,6.377696990966797e-06,0.8435215950012207,1.4510360415442847e-06,0.07716478407382965,1.5677871090247208e-07,0.06865385174751282,5.450456797007064e-07,0.005138914566487074,5.093140575951338e-09,0.005520870443433523,4.9112327538125555e-09,False
0,0,0.6284219026565552,1.0044795274734497,1.0044506788253784,2.8848648071289062e-05,0.6284219026565552,1.0007187484006863e-05,0.17327040433883667,4.587416242429754e-07,0.1749618947505951,5.881264769413974e-06,0.012560516595840454,6.268367513939666e-08,0.010785354301333427,3.859328145949803e-08,True
2,2,0.5381752848625183,0.9376541972160339,0.9376339316368103,2.0265579223632812e-05,9.34484414756298e-05,1.6185533815993303e-11,0.002172215608879924,4.212564075345426e-09,0.5381752848625183,9.578937351761851e-06,0.36563417315483093,7.584776085423073e-06,0.0939248725771904,1.947410197544741e-07,True
0,0,0.9668688178062439,0.17276674509048462,0.17276577651500702,9.685754776000977e-07,0.9668688178062439,4.8487859061197014e-08,0.02192007377743721,1.0845044862151099e-08,0.00942961871623993,1.1399902355435643e-08,0.0006957395235076547,9.968310205055175e-11,0.0010857818415388465,2.0560704527827767e-10,True
0,0,0.8547140955924988,0.5186318159103394,0.5186273455619812,4.470348358154297e-06,0.8547140955924988,7.922236591184628e-07,0.10422231256961823,1.6120638690608757e-07,0.03642793372273445,2.0444842618871917e-07,0.002177472924813628,1.3302372536827534e-09,0.0024581823963671923,1.4671031056678885e-09,True
0,0,0.9818623661994934,0.09842421114444733,0.09842395037412643,2.60770320892334e-07,0.9818623661994934,9.027765202063165e-09,0.015971338376402855,5.2230544334008755e-09,0.0018559849122539163,4.951431487043578e-10,0.00010566005221335217,2.581304310925181e-12,0.0002047399029834196,8.234501622239598e-12,True
0,0,0.8336454629898071,0.5522276163101196,0.5522245764732361,3.039836883544922e-06,0.8336454629898071,6.452041247939633e-07,0.13047294318675995,2.7029068405681755e-07,0.03183655068278313,9.452462990111599e-08,0.0018861534772440791,5.138149905548062e-10,0.0021587994415313005,5.618863707645971e-10,True
0,0,0.9698773622512817,0.14757925271987915,0.1475781351327896,1.1175870895385742e-06,0.9698773622512817,5.862147034463305e-08,0.02658904902637005,3.630721678860027e-08,0.0031301805283874273,2.4496842332411006e-09,0.00014967947208788246,9.010053987623667e-12,0.0002537321124691516,2.164890142153375e-11,True
0,0,0.9642587900161743,0.17311236262321472,0.17311079800128937,1.564621925354004e-06,0.9642587900161743,1.0167108399627978e-07,0.02969820611178875,5.1755943530906734e-08,0.005316238384693861,7.031871973595116e-09,0.0002814840991050005,3.065721634887275e-11,0.00044533898471854627,6.342621566846063e-11,True
0,0,0.7079715728759766,0.8439717888832092,0.8439661860466003,5.602836608886719e-06,0.7079715728759766,1.5024226058812928e-06,0.18012095987796783,1.540744278827333e-07,0.10018930584192276,7.173447897912411e-07,0.006109753157943487,5.719346773958023e-09,0.005608399864286184,4.228105421333339e-09,True
1,2,0.533812403678894,0.930955708026886,0.9309307336807251,2.4974346160888672e-05,0.03750170022249222,2.8282741482144047e-07,0.4037230610847473,9.06213517737342e-06,0.533812403678894,1.00117204056005e-05,0.018347354605793953,5.0413369478974346e-08,0.006615527905523777,5.672158742697775e-09,False
2,2,0.7999601364135742,0.737671971321106,0.7376587986946106,1.3172626495361328e-05,0.011559657752513885,5.660334778667675e-08,0.06791674345731735,9.644402325648116e-07,0.7999601364135742,1.8699624604323617e-07,0.08848325908184052,5.799543032480869e-07,0.03208020329475403,5.89926791860762e-08,True
0,0,0.979351818561554,0.11592286825180054,0.11592220515012741,6.631016731262207e-07,0.979351818561554,2.0630155361800462e-08,0.014914524741470814,5.113616641239105e-09,0.004793856292963028,4.040810352989865e-09,0.00034163935924880207,3.473761556183064e-11,0.0005981738795526326,9.189976557522073e-11,True
0,0,0.9748811721801758,0.13344356417655945,0.1334432065486908,3.5762786865234375e-07,0.9748811721801758,1.0180055909358998e-08,0.01968717947602272,3.61281138339109e-09,0.004550026264041662,1.6631148680446017e-09,0.00032124138670042157,1.4216081437035122e-11,0.0005603655590675771,3.760459652002446e-11,True
0,0,0.9783143997192383,0.11321163177490234,0.1132112517952919,3.7997961044311523e-07,0.9783143997192383,1.5867618330389632e-08,0.019259843975305557,9.002881107278426e-09,0.0021328472066670656,8.184044553161129e-10,0.00010356600250815973,3.318566558704883e-12,0.00018943652685265988,9.563823691327578e-12,True
0,0,0.946042537689209,0.2558603584766388,0.2558596134185791,7.450580596923828e-07,0.946042537689209,5.565707894561456e-08,0.033544402569532394,1.015638417811715e-08,0.017613248899579048,1.639107161111042e-08,0.0011823333334177732,1.110250572033955e-10,0.0016174353659152985,1.709757613266305e-10,True
0,0,0.9565998315811157,0.21444980800151825,0.21444903314113617,7.748603820800781e-07,0.9565998315811157,5.3092382046315834e-08,0.02806314267218113,1.3556905820166776e-08,0.013192767277359962,1.267370386415223e-08,0.0008793651941232383,8.95720303484282e-11,0.0012649151030927896,1.554150558247258e-10,True
0,0,0.4208885133266449,1.179630994796753,1.1796172857284546,1.3709068298339844e-05,0.4208885133266449,5.0752332754200324e-06,0.19901901483535767,3.1379286724586564e-07,0.34967365860939026,4.281645033188397e-06,0.018312424421310425,3.213313348737756e-08,0.012106373906135559,1.2506467861328474e-08,True
0,0,0.8551749587059021,0.5284205675125122,0.5284160375595093,4.5299530029296875e-06,0.8551749587059021,8.869625958141114e-07,0.09550288319587708,1.54060970203318e-07,0.04351101443171501,2.4575530233050813e-07,0.0027500365395098925,1.739222543761798e-09,0.0030611208640038967,1.8061181439321672e-09,True
0,1,0.4545343518257141,1.0049856901168823,1.0049678087234497,1.7881393432617188e-05,0.08120178431272507,7.328860078814614e-07,0.4545343518257141,4.664907464757562e-06,0.4463939666748047,7.338006980717182e-06,0.012698876671493053,2.0861264715676953e-08,0.005171033088117838,2.8897293447016636e-09,False
0,2,0.5933292508125305,0.9458996057510376,0.9458819627761841,1.7642974853515625e-05,0.046305231750011444,3.2259600857287296e-07,0.32861098647117615,5.32034391653724e-06,0.5933292508125305,6.045599548087921e-06,0.023043526336550713,6.363249127616655e-08,0.00871105957776308,8.695030473404586e-09,False
0,0,0.9677128195762634,0.15610991418361664,0.15610861778259277,1.296401023864746e-06,0.9677128195762634,8.173858390136957e-08,0.028428852558135986,5.344502085335989e-08,0.003407219424843788,2.759665385099197e-09,0.0001682061847532168,1.0771107963880588e-11,0.00028296641539782286,2.561096994202483e-11,True
0,0,0.9652250409126282,0.17163270711898804,0.17163169384002686,1.0132789611816406e-06,0.9652250409126282,6.123642748434577e-08,0.028020871803164482,2.725657566315931e-08,0.005732688587158918,5.252707158120984e-09,0.0003847651823889464,3.744036677910678e-11,0.0006366558372974396,8.596075934397263e-11,True
0,0,0.6952400207519531,0.9091964364051819,0.9091939330101013,2.5033950805664062e-06,0.6952400207519531,7.24141898444941e-07,0.11103325337171555,3.683392080233716e-08,0.16769161820411682,4.90554270982102e-07,0.013644019141793251,7.390925649275459e-09,0.012391104362905025,5.648215228859499e-09,True
0,0,0.4295596778392792,1.1900757551193237,1.190057635307312,1.811981201171875e-05,0.4295596778392792,7.766779162921011e-06,0.11446046084165573,8.940012463654057e-08,0.3950255811214447,5.675673492078204e-06,0.03500514477491379,1.1107812980526433e-07,0.02594909630715847,4.6503966899535953e-08,True
2,2,0.599552571773529,0.9010270833969116,0.9010217785835266,5.304813385009766e-06,0.00023715384304523468,4.2493997903791936e-11,0.0028233991470187902,2.6244588724466666e-09,0.599552571773529,2.2127662759885425e-06,0.3102395534515381,1.8551606899563922e-06,0.08714736253023148,5.0784844773943405e-08,True
0,0,0.9122388958930969,0.3666297495365143,0.3666282296180725,1.519918441772461e-06,0.9122388958930969,2.0636166198073624e-07,0.057112403213977814,4.532780550903226e-08,0.027427274733781815,5.4885024525219706e-08,0.0014719602186232805,2.0555583624126683e-10,0.0017495028441771865,2.2860756343501265e-10,True
2,2,0.4890410602092743,0.9345645308494568,0.9345464706420898,1.806020736694336e-05,1.876865280792117e-05,4.926211890667054e-13,0.0008980533457361162,6.378826356012723e-10,0.4890410602092743,9.023890925163869e-06,0.4218548834323883,7.0381593104684725e-06,0.08818719536066055,1.751705696051431e-07,True
0,0,0.9601446390151978,0.20033806562423706,0.20033691823482513,1.1473894119262695e-06,0.9601446390151978,6.638882865672713e-08,0.025930797681212425,1.0293839558528362e-08,0.011930647306144238,2.017442568558181e-08,0.0008070596377365291,1.3669239351532525e-10,0.001186901587061584,2.408305777024111e-10,True
0,0,0.768284261226654,0.758130669593811,0.7581212520599365,9.417533874511719e-06,0.768284261226654,2.782300043691066e-06,0.08982421457767487,8.423153730063859e-08,0.1255219280719757,1.5324754940593266e-06,0.00845808070152998,1.4007947690686251e-08,0.007911494933068752,1.0515456061455097e-08,True
2,3,0.7157231569290161,0.7940965890884399,0.7940699458122253,2.664327621459961e-05,3.3981223168666475e-07,7.115186341823674e-16,1.6887632227735594e-05,9.614752570497043e-13,0.14530210196971893,6.397430752258515e-06,0.7157231569290161,7.62496210882091e-06,0.13895754516124725,1.9374697046714573e-07,False
1,2,0.7717152833938599,0.7883180975914001,0.7882899641990662,2.8133392333984375e-05,0.009035132825374603,6.220044923566093e-08,0.11137590557336807,4.024258032586658e-06,0.7717152833938599,1.7007911310429336e-06,0.08045973628759384,8.801466719887685e-07,0.027413973584771156,9.386447175074863e-08,False
0,0,0.9685924649238586,0.15263931453227997,0.15263886749744415,4.470348358154297e-07,0.9685924649238586,2.030403223329813e-08,0.027695590630173683,1.1725051152211563e-08,0.003277056384831667,1.2859993070435394e-09,0.00016134126053657383,5.3041620574900694e-12,0.0002735559828579426,1.313646153661141e-11,True
1,0,0.8445572257041931,0.5171812176704407,0.5171772241592407,3.993511199951172e-06,0.8445572257041931,9.274499461753294e-07,0.12626135349273682,4.244061244662589e-07,0.026740778237581253,9.750559826215976e-08,0.001157989609055221,2.820448874452097e-10,0.001282701501622796,2.857183378779382e-10,False
0,0,0.9547138214111328,0.21127411723136902,0.21127362549304962,4.917383193969727e-07,0.9547138214111328,3.064316800305278e-08,0.03612164780497551,1.4512504975527918e-08,0.008077660575509071,4.076059489932504e-09,0.0004389027308207005,1.9325334735253996e-11,0.0006480110459960997,3.622615402099072e-11,True
0,0,0.9621633887290955,0.1849747896194458,0.18497316539287567,1.6242265701293945e-06,0.9621633887290955,1.019600972540502e-07,0.029664112254977226,3.973465467765891e-08,0.006966098677366972,1.1233005636768212e-08,0.00046604458475485444,7.443176630594905e-11,0.0007403292111121118,1.527243331800321e-10,True
2,2,0.7673050761222839,0.7863375544548035,0.7863158583641052,2.1696090698242188e-05,0.006199003662914038,3.567682327343391e-08,0.04143133759498596,7.927036449473235e-07,0.7673050761222839,8.570839895583049e-07,0.13556721806526184,2.119654254784109e-06,0.04949740320444107,2.0207825457418949e-07,True
2,3,0.597651481628418,0.911304235458374,0.9112645983695984,3.9637088775634766e-05,1.6928530612858594e-06,1.6397309332279002e-14,0.00012247971608303487,4.637581638156085e-11,0.2919839322566986,1.6598993170191534e-05,0.597651481628418,1.5432244254043326e-05,0.11024041473865509,6.712688360721586e-08,False
0,0,0.9664649367332458,0.17049852013587952,0.1704971045255661,1.4156103134155273e-06,0.9664649367332458,7.603684792911736e-08,0.024696914479136467,2.4335156112442746e-08,0.007629966828972101,1.124764192894645e-08,0.00047261911095120013,7.295740400703465e-11,0.0007355330162681639,1.51678877791106e-10,True
2,2,0.5795586705207825,0.9449111819267273,0.944887638092041,2.3543834686279297e-05,0.0006574740400537848,9.791815136495075e-10,0.004541228991001844,2.153953460037883e-08,0.5795586705207825,9.47416356211761e-06,0.3105221390724182,7.229566108435392e-06,0.10472054779529572,3.9525662032247055e-07,True
0,0,0.8626735806465149,0.5230178833007812,0.5230158567428589,2.0265579223632812e-06,0.8626735806465149,3.76262420331841e-07,0.07476457208395004,4.217134375039677e-08,0.055002182722091675,1.554373767476136e-07,0.0036244268994778395,8.442324617163877e-10,0.003935250453650951,7.462345741338083e-10,True
0,0,0.8429734110832214,0.5878737568855286,0.5878616571426392,1.2099742889404297e-05,0.8429734110832214,2.713464937187382e-06,0.06274157017469406,9.236742926077568e-08,0.08100926876068115,1.310507400376082e-06,0.00643080472946167,1.5284395971093545e-08,0.006844907999038696,1.4702049355719282e-08,True
0,0,0.9272753000259399,0.3188900649547577,0.3188875615596771,2.5033950805664062e-06,0.9272753000259399,3.014795595390751e-07,0.04856469854712486,7.690798753401396e-08,0.020805737003684044,5.996476204472856e-08,0.0014454125193879008,3.9623396230759056e-10,0.0019089187262579799,5.409906411735221e-10,True
1,0,0.7110831141471863,0.799717903137207,0.7997115254402161,6.377696990966797e-06,0.7110831141471863,1.7541832448841888e-06,0.21085970103740692,4.2967039348695835e-07,0.07052876055240631,5.307270498633443e-07,0.0038628806360065937,2.8709281618688465e-09,0.0036655969452112913,2.174975755053765e-09,False
1,2,0.5187565684318542,1.2691433429718018,1.2690736055374146,6.973743438720703e-05,0.21745565533638,1.5693118257331662e-05,0.16102270781993866,2.908306214521872e-06,0.5187565684318542,1.6193172996281646e-05,0.062041934579610825,1.0460895509822876e-06,0.04072313383221626,3.3131993859569775e-07,False
0,0,0.9789654016494751,0.11768624186515808,0.11768551915884018,7.227063179016113e-07,0.9789654016494751,2.37076847042772e-08,0.015224667266011238,8.081721070141157e-09,0.0048421090468764305,3.384345026447022e-09,0.000351361813955009,3.0480642315700024e-11,0.000616471457760781,8.008947671722666e-11,True
0,0,0.824105441570282,0.5983662009239197,0.5983613133430481,4.887580871582031e-06,0.824105441570282,1.1610862884481321e-06,0.12002869695425034,2.6883893156082195e-07,0.04982929304242134,2.7561100068851374e-07,0.0029299301095306873,1.814277061917835e-09,0.003106633899733424,1.7663155382763307e-09,True
2,0,0.958733856678009,0.2028866708278656,0.20288586616516113,8.046627044677734e-07,0.958733856678009,4.6935081599031037e-08,0.02879515290260315,1.2236252899811007e-08,0.010950339958071709,1.055685228124048e-08,0.0006268930737860501,5.89275919726795e-11,0.0008938014507293701,1.0481143730700637e-10,False
0,0,0.7408037781715393,0.8128997683525085,0.8128945231437683,5.245208740234375e-06,0.7408037781715393,1.6045584061430418e-06,0.11419898271560669,8.750086522013589e-08,0.1284777671098709,8.510064617439639e-07,0.00862234178930521,6.955270137609659e-09,0.007897120900452137,4.767043648712388e-09,True
0,2,0.6669539213180542,1.0249652862548828,1.0249398946762085,2.5391578674316406e-05,0.03312447667121887,8.520979122295103e-07,0.035409580916166306,4.1727511757017055e-07,0.6669539213180542,3.810063446962886e-07,0.17089103162288666,2.0684913124568993e-06,0.09362104535102844,3.313138279281702e-07,False
0,0,0.9623319506645203,0.18230405449867249,0.18230347335338593,5.811452865600586e-07,0.9623319506645203,3.582660923484582e-08,0.030591625720262527,1.521984316354974e-08,0.0060363351367414,3.60785068487246e-09,0.00039621395990252495,2.828712784841425e-11,0.0006439165445044637,6.506660488181382e-11,True
0,0,0.9776256680488586,0.1202959194779396,0.12029557675123215,3.427267074584961e-07,0.9776256680488586,1.2434642648884164e-08,0.018123261630535126,5.943230796390253e-09,0.0035866100806742907,1.1488654472202597e-09,0.0002374984760535881,7.640981597445418e-12,0.00042697074241004884,2.0213532236912357e-11,True
0,0,0.9116548895835876,0.37424033880233765,0.37423834204673767,1.996755599975586e-06,0.9116548895835876,2.7119790502183605e-07,0.05376042053103447,5.803408598126225e-08,0.030106548219919205,7.223078313245423e-08,0.0020104304421693087,4.993620517090847e-10,0.002467723097652197,6.235130189935489e-10,True
0,0,0.9759249091148376,0.12677578628063202,0.1267753541469574,4.3213367462158203e-07,0.9759249091148376,1.888496470314749e-08,0.019771939143538475,9.780134924142203e-09,0.003766567213460803,1.3916751084863677e-09,0.00019875650468748063,6.644990981075072e-12,0.000337834469974041,1.6327370011559594e-11,True
2,0,0.8592312932014465,0.5584607124328613,0.5584222674369812,3.844499588012695e-05,0.8592312932014465,7.615650702064158e-06,0.05023619160056114,1.3895503059302428e-07,0.07114195078611374,3.2459038266097195e-06,0.008775152266025543,9.872093187368591e-08,0.010615414939820766,1.2673940830154606e-07,False
2,2,0.6048926711082458,0.9421204328536987,0.9421025514602661,1.7881393432617188e-05,0.0012168793473392725,2.3132145088311518e-09,0.008290749974548817,5.5174126600832096e-08,0.6048926711082458,5.7814386309473775e-06,0.2836945056915283,4.855645784118678e-06,0.10190528631210327,2.531509721848124e-07,True
0,0,0.9761959314346313,0.1205901950597763,0.12058959156274796,6.034970283508301e-07,0.9761959314346313,2.5646299306458786e-08,0.021687639877200127,1.7618791758877705e-08,0.0018578388262540102,7.496929188555157e-10,9.014066745294258e-05,3.064067662789105e-12,0.00016846830840222538,9.29366219398764e-12,True
0,0,0.9694498181343079,0.15563231706619263,0.1556314080953598,9.08970832824707e-07,0.9694498181343079,4.904828543317308e-08,0.02403300069272518,2.1655822024513327e-08,0.0056439358741045,4.6840336054287945e-09,0.00033298341440968215,2.6906515210312065e-11,0.0005402778624556959,6.064116570003719e-11,True
0,0,0.9431854486465454,0.26744747161865234,0.26744601130485535,1.4603137969970703e-06,0.9431854486465454,1.2901837465051358e-07,0.03391606733202934,1.7019132769746648e-08,0.01986396685242653,4.1983554410762736e-08,0.0013058247277513146,2.712476909749739e-10,0.0017286930233240128,3.8520503453653987e-10,True
0,0,0.9052432179450989,0.3771398365497589,0.37713518738746643,4.649162292480469e-06,0.9052432179450989,6.390390012711578e-07,0.07102740556001663,1.799376008193576e-07,0.020977912470698357,1.137314029620029e-07,0.0012207331601530313,7.078780894786973e-10,0.0015307454159483314,9.611119677899183e-10,True
0,0,0.9457426071166992,0.25519639253616333,0.2551944851875305,1.9073486328125e-06,0.9457426071166992,1.5207345427370456e-07,0.03534848615527153,2.7954053294365622e-08,0.01634399965405464,4.015754839770125e-08,0.0010823708726093173,2.95804047922843e-10,0.001482566469348967,4.725703717234353e-10,True
0,0,0.8431331515312195,0.5893689393997192,0.5893595814704895,9.357929229736328e-06,0.8431331515312195,2.104000941471895e-06,0.05295326188206673,3.3659212306247355e-08,0.08836352080106735,1.1122332352897502e-06,0.007493058685213327,1.503428492810599e-08,0.008056959137320518,1.4804943049284702e-08,True
0,0,0.9436091780662537,0.266083300113678,0.2660813629627228,1.9371509552001953e-06,0.9436091780662537,1.9224633263092983e-07,0.03318267688155174,3.887240040967299e-08,0.020216528326272964,4.8094875637616497e-08,0.0012887561460956931,2.7913707456583836e-10,0.0017029065638780594,3.9169148480233673e-10,True
2,2,0.6333610415458679,0.8377948999404907,0.8377823233604431,1.2576580047607422e-05,5.186821363167837e-05,3.932549164781252e-12,0.0020408681593835354,2.8714790545336655e-09,0.6333610415458679,5.435728326119715e-06,0.3017365038394928,4.574241756927222e-06,0.06280966103076935,7.633185106215024e-08,True
0,0,0.8606933951377869,0.5384326577186584,0.5384188294410706,1.3828277587890625e-05,0.8606933951377869,2.7584128474700265e-06,0.06269659847021103,1.0573283759640617e-07,0.06571623682975769,1.252790411854221e-06,0.0051753283478319645,1.3926546138520735e-08,0.0057184589095413685,1.4478803933570816e-08,True
0,0,0.9794392585754395,0.10927644371986389,0.10927613079547882,3.129243850708008e-07,0.9794392585754395,1.5458347490948654e-08,0.017952073365449905,9.685088286914834e-09,0.002264323877170682,6.240538641399951e-10,0.00012049989163642749,2.2898436619067652e-12,0.00022395372798200697,6.26566029962583e-12,True
0,0,0.9767916798591614,0.12390203773975372,0.1239013671875,6.705522537231445e-07,0.9767916798591614,2.436964763319338e-08,0.018585972487926483,1.085878498230386e-08,0.004076466429978609,2.5493889221905874e-09,0.00020581300486810505,8.913263356558065e-12,0.00034003303153440356,1.9618079730165938e-11,True
2,2,0.6553520560264587,1.110485315322876,1.1104590892791748,2.6226043701171875e-05,0.10857800394296646,3.2667805953678908e-06,0.09565707296133041,1.0178679303862737e-06,0.6553520560264587,2.98718509839091e-06,0.08885953575372696,6.222358592822275e-07,0.05155327916145325,1.4352504251746723e-07,True
3,3,0.9297206997871399,0.2673863172531128,0.2673838138580322,2.5033950805664062e-06,9.743188244051848e-14,1.0005601478583397e-28,1.8884396824070393e-10,2.171643195297164e-22,0.003204515902325511,7.0639085691937e-09,0.9297206997871399,2.5227268451999407e-07,0.0670747384428978,1.8072967122861883e-07,True
0,0,0.8303928375244141,0.6077941060066223,0.6077911257743835,2.9802322387695312e-06,0.8303928375244141,6.459918608925364e-07,0.09032421559095383,7.079987796032583e-08,0.06990111619234085,2.655073672030994e-07,0.004606734495609999,1.8199067808311042e-09,0.004775125067681074,1.605983235286601e-09,True
0,0,0.9446868896484375,0.2488010823726654,0.24880054593086243,5.364418029785156e-07,0.9446868896484375,4.673455222814482e-08,0.04296929016709328,1.768497881471376e-08,0.010851033963263035,5.951123593916918e-09,0.0006176630849950016,4.11232818631202e-11,0.0008751344867050648,7.528577761206634e-11,True
1,0,0.658098042011261,0.971632719039917,0.9716124534606934,2.0265579223632812e-05,0.658098042011261,7.276797987287864e-06,0.12503977119922638,8.954158658980305e-08,0.18806485831737518,4.437699772097403e-06,0.01531593780964613,6.529632656793183e-08,0.013481393456459045,4.315391777254263e-08,False
0,0,0.8632215857505798,0.5232421159744263,0.5232399702072144,2.1457672119140625e-06,0.8632215857505798,3.79220722379614e-07,0.07473116368055344,4.7864833874200485e-08,0.053827155381441116,1.5285897347894206e-07,0.0038910412695258856,1.3424322764521435e-09,0.004329103510826826,1.4092044198221743e-09,True
1,0,0.944954514503479,0.24506735801696777,0.24506588280200958,1.475214958190918e-06,0.944954514503479,1.3172572721487086e-07,0.04409397765994072,5.483725828980823e-08,0.00979074276983738,1.5269682407392793e-08,0.00048408712609671056,5.887069998156136e-11,0.0006767202285118401,9.573271342322442e-11,False
2,2,0.7572836875915527,0.8400256633758545,0.840008556842804,1.710653305053711e-05,0.012659902684390545,9.256822863790148e-08,0.06675846874713898,1.1746026302716928e-06,0.7572836875915527,1.5572668132790568e-07,0.1167960911989212,1.0128952681043302e-06,0.04650184139609337,1.0754693136050264e-07,True
0,0,0.9367738962173462,0.27825599908828735,0.2782552242279053,7.748603820800781e-07,0.9367738962173462,6.295105947629054e-08,0.04757799208164215,1.7837828991673632e-08,0.013731526210904121,1.441132368995568e-08,0.000807656382676214,7.394131834592699e-11,0.0011089411564171314,1.1264746774264367e-10,True
2,2,0.809412956237793,0.6839615106582642,0.6839532256126404,8.285045623779297e-06,0.013405445031821728,2.9110459820458345e-08,0.11577484756708145,1.220904778165277e-06,0.809412956237793,6.864639203740808e-07,0.04648885875940323,1.3796558562262362e-07,0.014917910099029541,1.3773004958750334e-08,True
0,2,0.7332166433334351,0.8376376628875732,0.8376033902168274,3.427267074584961e-05,0.012747325003147125,8.080703395307864e-08,0.17208755016326904,7.693706720601767e-06,0.7332166433334351,3.845787887257757e-06,0.06092565879225731,7.420909469146864e-07,0.021022876724600792,8.236842319320203e-08,False
0,0,0.8523052334785461,0.5581753849983215,0.5581719279289246,3.4570693969726562e-06,0.8523052334785461,7.287504217856622e-07,0.07213156670331955,8.353882918754607e-08,0.06529033184051514,2.9300110782060074e-07,0.004921470768749714,2.4605333326377377e-09,0.005351456347852945,2.3110586777619346e-09,True
0,0,0.9860731363296509,0.08000458031892776,0.0800042375922203,3.427267074584961e-07,0.9860731363296509,6.985235057044292e-09,0.011944971047341824,3.99491817404396e-09,0.0017147085163742304,4.369654915681309e-10,9.065480116987601e-05,2.178052443263523e-12,0.00017651345115154982,7.296611231888406e-12,True
1,0,0.9444546103477478,0.24727106094360352,0.24727030098438263,7.599592208862305e-07,0.9444546103477478,7.285041903060119e-08,0.04434517025947571,3.7537461139436346e-08,0.009930956177413464,6.9227250598657974e-09,0.0005263992352411151,3.4367654555556015e-11,0.0007429093238897622,5.999432201031496e-11,False
0,0,0.8825165629386902,0.4598492383956909,0.4598390758037567,1.0162591934204102e-05,0.8825165629386902,1.6846822745719692e-06,0.07241644710302353,2.436682393636147e-07,0.03985314443707466,5.371867928261054e-07,0.002435192232951522,3.2818263662193203e-09,0.002778666326776147,3.5480318683056566e-09,True
0,0,0.9221998453140259,0.34113234281539917,0.34113115072250366,1.1920928955078125e-06,0.9221998453140259,1.5958642052282812e-07,0.04613613709807396,3.214280752672494e-08,0.027495548129081726,4.269472952955766e-08,0.001845882274210453,3.202591247752906e-10,0.002322687301784754,4.2981906922534563e-10,True
0,0,0.9942125678062439,0.039387963712215424,0.0393877811729908,1.825392246246338e-07,0.9942125678062439,2.255926556671284e-09,0.004622799810022116,1.0650704762582563e-09,0.000831387413199991,1.3391528164152788e-10,9.216018224833533e-05,2.4438500268592067e-12,0.00024114361440297216,1.3854706444604847e-11,True
0,0,0.8968033790588379,0.4026150107383728,0.402614027261734,9.834766387939453e-07,0.8968033790588379,1.5663162855616974e-07,0.0764753594994545,5.8245195333483935e-08,0.023687688633799553,2.4552790023335547e-08,0.001365276169963181,1.0208697082125795e-10,0.0016683085123077035,1.2488343692496073e-10,True
0,0,0.9742233157157898,0.13387054204940796,0.13387012481689453,4.172325134277344e-07,0.9742233157157898,1.610587752054471e-08,0.021237408742308617,8.556563457773336e-09,0.003952890634536743,1.2606504729006929e-09,0.00021755318448413163,6.679277790577753e-12,0.00036880080006085336,1.688454411008511e-11,True
0,0,0.6913558840751648,0.9188846349716187,0.9188641905784607,2.0444393157958984e-05,0.6913558840751648,7.281989837792935e-06,0.08540220558643341,7.142804747672926e-08,0.1892249584197998,4.351622919784859e-06,0.01771475374698639,8.775973725505537e-08,0.016302241012454033,6.533967678024055e-08,True
2,2,0.8203431963920593,0.6576541662216187,0.6576418876647949,1.2278556823730469e-05,0.0036889442708343267,5.603792985198197e-09,0.08632585406303406,1.5856325035201735e-06,0.8203431963920593,5.152130029273394e-07,0.07021643966436386,3.211492298760277e-07,0.019425610080361366,1.8025355430495438e-08,True
0,0,0.9437996745109558,0.2592269480228424,0.2592256963253021,1.2516975402832031e-06,0.9437996745109558,1.000609586299106e-07,0.039281319826841354,2.8862617185154704e-08,0.01454844605177641,2.0267195921519487e-08,0.0009867630433291197,1.4489102972969903e-10,0.0013837367296218872,2.3725693631959643e-10,True
2,3,0.7069894671440125,0.80498206615448,0.8049619793891907,2.008676528930664e-05,2.875459301776573e-07,2.8442413456733744e-16,2.6690006052376702e-05,1.4308397132054007e-12,0.16811424493789673,5.639673872792628e-06,0.7069894671440125,5.747144768974977e-06,0.12486930936574936,7.601687457281514e-08,False
0,0,0.9622710347175598,0.18287138640880585,0.18287047743797302,9.08970832824707e-07,0.9622710347175598,5.650730017237038e-08,0.030302589759230614,2.5979012718835293e-08,0.006466709077358246,5.3186948179018145e-09,0.00037439254811033607,2.5574157375141127e-11,0.0005852535832673311,5.036573935690569e-11,True
0,0,0.9627153277397156,0.18568962812423706,0.1856890767812729,5.513429641723633e-07,0.9627153277397156,3.774036727577368e-08,0.027112234383821487,1.3241324481327865e-08,0.008926762267947197,6.38985397927172e-09,0.0005013755289837718,3.184242799991743e-11,0.0007444015936926007,5.909016331795414e-11,True
0,0,0.9771102070808411,0.12580466270446777,0.12580369412899017,9.685754776000977e-07,0.9771102070808411,3.325521191754888e-08,0.01669437065720558,1.0751726620128466e-08,0.0052122618071734905,4.917709350849009e-09,0.00036205328069627285,3.795472269807476e-11,0.0006210282444953918,9.306119763685672e-11,True
1,0,0.9305214285850525,0.3176318407058716,0.31763073801994324,1.1026859283447266e-06,0.9305214285850525,1.271257019652694e-07,0.03667248412966728,1.7154228260096716e-08,0.02786191739141941,4.1126757110987455e-08,0.002148350467905402,3.663273018261748e-10,0.0027958767022937536,5.142094527954555e-10,False
0,0,0.9777259826660156,0.11206448078155518,0.1120639368891716,5.438923835754395e-07,0.9777259826660156,2.473599458596709e-08,0.021013276651501656,1.9484867053165544e-08,0.0011464257258921862,3.1601618544208065e-10,3.9781254599802196e-05,6.25161923097084e-13,7.458771870005876e-05,1.8576730865388358e-12,True
0,0,0.7235158085823059,0.818597674369812,0.8185931444168091,4.5299530029296875e-06,0.7235158085823059,1.3058503327556537e-06,0.17208640277385712,2.61443744875578e-07,0.09233729541301727,4.6987918267404893e-07,0.006159269250929356,4.199872449817121e-09,0.005901184398680925,3.424374339644487e-09,True
0,0,0.8952329754829407,0.40956103801727295,0.4095592498779297,1.7881393432617188e-06,0.8952329754829407,2.660640348040033e-07,0.07557382434606552,7.653849110056399e-08,0.026049718260765076,5.223112609087366e-08,0.0014373493613675237,2.806481158579288e-10,0.0017060962272807956,3.3952890499122645e-10,True
0,0,0.9718007445335388,0.14936232566833496,0.14936189353466034,4.3213367462158203e-07,0.9718007445335388,2.1220019519319067e-08,0.020290035754442215,8.703888276784255e-09,0.006692647933959961,2.698811174539628e-09,0.00046177214244380593,1.6316253903525535e-11,0.0007548339781351388,3.4407112575740584e-11,True
2,2,0.4746529757976532,1.2096078395843506,1.2095909118652344,1.6927719116210938e-05,0.26498398184776306,4.263408300175797e-06,0.213555246591568,7.558675747532106e-07,0.4746529757976532,5.753000550612342e-06,0.029232973232865334,7.949918767735653e-08,0.01757485419511795,2.3591139708400988e-08,True
0,0,0.9586629271507263,0.2015824317932129,0.20158176124095917,6.705522537231445e-07,0.9586629271507263,3.9030879861456924e-08,0.030398104339838028,1.3561032297104703e-08,0.009380938485264778,7.40863548287507e-09,0.0006210241699591279,4.654615581856092e-11,0.0009370354819111526,9.028350289597142e-11,True
0,0,0.9526121020317078,0.22498665750026703,0.22498583793640137,8.195638656616211e-07,0.9526121020317078,5.498055699604265e-08,0.034221529960632324,1.6727469187571842e-08,0.011459456756711006,1.0735496047686865e-08,0.0007007629610598087,7.2747752266622e-11,0.001006135600619018,1.3090695194506452e-10,True
0,0,0.9768463373184204,0.12421435117721558,0.12421367317438126,6.780028343200684e-07,0.9768463373184204,2.4124535258351898e-08,0.018472397699952126,9.918924348539804e-09,0.0039579602889716625,2.494472184366714e-09,0.0002609663351904601,1.6581559042494476e-11,0.0004622573615051806,4.253998195369313e-11,True
0,0,0.9399852752685547,0.2803291082382202,0.2803265154361725,2.592802047729492e-06,0.9399852752685547,2.1030963637258537e-07,0.03372916206717491,3.06424610130307e-08,0.022988421842455864,7.99399586526306e-08,0.001440727966837585,5.882767051268445e-10,0.0018563878256827593,8.623343705771447e-10,True
3,2,0.5873715281486511,0.9216117262840271,0.9216006398200989,1.1086463928222656e-05,0.00028779072454199195,7.267648982622887e-11,0.004290731158107519,8.78369377232957e-09,0.5873715281486511,4.690891273639863e-06,0.31622523069381714,3.495845248835394e-06,0.09182476252317429,1.9096998471468396e-07,False
0,0,0.9486773610115051,0.2394007295370102,0.2393999546766281,7.748603820800781e-07,0.9486773610115051,5.6991510177795135e-08,0.03700544312596321,2.02210159727656e-08,0.01252063550055027,1.0170385422725303e-08,0.0007481891079805791,6.153262621655387e-11,0.001048354315571487,1.0560803620496273e-10,True
1,0,0.45698997378349304,1.1937836408615112,1.193760871887207,2.276897430419922e-05,0.45698997378349304,8.319249900523573e-06,0.16422440111637115,2.5545455173414666e-07,0.3327614665031433,7.1687727540847845e-06,0.02638297714293003,1.0786111914740104e-07,0.01964121125638485,4.852572743629935e-08,False
0,0,0.9278532862663269,0.32242143154144287,0.32241982221603394,1.6093254089355469e-06,0.9278532862663269,1.7789979267490708e-07,0.04167340323328972,3.6168618322562907e-08,0.026652244850993156,5.12176505651496e-08,0.0016975909238681197,3.254743974334673e-10,0.0021234583109617233,4.223692229299303e-10,True
1,0,0.9425118565559387,0.2731090784072876,0.2731077969074249,1.2814998626708984e-06,0.9425118565559387,1.1876164052182503e-07,0.030374282971024513,1.7378729566530637e-08,0.02340591885149479,3.76774522692358e-08,0.0016008097445592284,2.1990652354642037e-10,0.0021070940420031548,2.904088636235258e-10,False
0,0,0.9794607162475586,0.10849148035049438,0.10849113762378693,3.427267074584961e-07,0.9794607162475586,1.319362397111945e-08,0.018193213269114494,7.662589673884668e-09,0.002056828700006008,7.08391456605284e-10,0.00010172960901400074,2.6529991311446954e-12,0.00018758831720333546,7.508609185802317e-12,True
0,0,0.983888566493988,0.09101173281669617,0.09101136028766632,3.725290298461914e-07,0.983888566493988,1.2335798160734157e-08,0.013488980941474438,6.164788235452079e-09,0.0022291315253823996,9.089415331509088e-10,0.00013461564958561212,4.989603782229457e-12,0.0002588073839433491,1.522110909535357e-11,True
0,0,0.8994146585464478,0.42028042674064636,0.420276939868927,3.4868717193603516e-06,0.8994146585464478,5.008765810998739e-07,0.05131743103265762,3.598061582010814e-08,0.04256712272763252,2.147430393506511e-07,0.0030751139856874943,1.888824430196223e-09,0.0036257547326385975,2.2301702706784e-09,True
1,0,0.981336236000061,0.09932882338762283,0.09932854026556015,2.8312206268310547e-07,0.981336236000061,1.0750997425645892e-08,0.016943324357271194,6.9435319716149024e-09,0.0015015521785244346,4.239164297370479e-10,7.407724478980526e-05,1.999814376596465e-12,0.00014491696492768824,6.781110829107151e-12,False
0,0,0.9683710336685181,0.15825369954109192,0.15825247764587402,1.2218952178955078e-06,0.9683710336685181,7.129339252287537e-08,0.025795375928282738,3.3196094761933637e-08,0.005069324281066656,6.0262674850264375e-09,0.0002902468841057271,2.9423640607317836e-11,0.0004741390293929726,6.343853220514006e-11,True
0,0,0.9680269360542297,0.16441205143928528,0.16441155970096588,4.917383193969727e-07,0.9680269360542297,2.760162587378545e-08,0.023526007309556007,9.664638866979658e-09,0.007179579231888056,3.813000137853351e-09,0.0004866370582021773,2.8746586708261468e-11,0.0007808740483596921,6.297338345229164e-11,True
3,3,0.5785247087478638,0.9183662533760071,0.9183430671691895,2.3186206817626953e-05,1.9224657989980187e-06,1.1675345443858034e-14,0.00016690192569512874,4.592681096537987e-11,0.31671664118766785,1.0033118087449111e-05,0.5785247087478638,9.400132512382697e-06,0.10458985716104507,5.804430358580248e-08,True
0,0,0.9317196011543274,0.3059150278568268,0.30591416358947754,8.642673492431641e-07,0.9317196011543274,7.668569423913141e-08,0.044116344302892685,1.3912234031465687e-08,0.02066720835864544,2.269680976496602e-08,0.0014948913594707847,1.9927071104319793e-10,0.002001913031563163,3.0322414024119837e-10,True
0,0,0.9663775563240051,0.1705060601234436,0.17050550878047943,5.513429641723633e-07,0.9663775563240051,2.719558800379218e-08,0.025051424279808998,8.520423477875738e-09,0.007359078619629145,4.777726214655331e-09,0.0004710255307145417,3.4318423103307794e-11,0.00074092234717682,7.531283235939767e-11,True
0,0,0.9385082125663757,0.26173561811447144,0.2617320120334625,3.606081008911133e-06,0.9385082125663757,3.546137463672494e-07,0.05183950066566467,1.6423683746324969e-07,0.008628923445940018,2.999067660880428e-08,0.00042435573413968086,1.2241670177548514e-10,0.0005990229547023773,2.0558972579909351e-10,True
0,0,0.6954169273376465,0.8609344959259033,0.8609262704849243,8.225440979003906e-06,0.6954169273376465,3.0014887215656927e-06,0.17417815327644348,6.954488753763144e-07,0.12160549312829971,1.0246322972307098e-06,0.004846369381994009,1.960272832945975e-09,0.003953039646148682,1.0000863470693844e-09,True
0,0,0.9400925636291504,0.273887574672699,0.2738863527774811,1.2218952178955078e-06,0.9400925636291504,1.0547582718345438e-07,0.03996748849749565,2.8243203331612676e-08,0.01750517264008522,2.5907306522299223e-08,0.0010460213525220752,1.4163631378849573e-10,0.001388752949424088,2.0531518152289152e-10,True
2,2,0.6971442103385925,0.9803584814071655,0.9803439974784851,1.4483928680419922e-05,0.07529149204492569,1.0200565156992525e-06,0.148018479347229,1.3645850458487985e-06,0.6971442103385925,2.7866292384715052e-06,0.053936999291181564,1.5052323476538731e-07,0.025608813390135765,2.3521163683426494e-08,True
0,0,0.9559692740440369,0.2183406949043274,0.21833932399749756,1.3709068298339844e-06,0.9559692740440369,1.0460178856419589e-07,0.02733844891190529,1.941646132763708e-08,0.01426281314343214,2.6798335994726585e-08,0.0009999674512073398,1.9670513828895508e-10,0.0014295750297605991,3.325641984019967e-10,True
0,0,0.5465294718742371,0.9641762971878052,0.9641696810722351,6.616115570068359e-06,0.5465294718742371,2.4765733996900963e-06,0.34628161787986755,1.2757163858623244e-06,0.10114693641662598,5.021270226279739e-07,0.0034248863812536,1.3014919142406711e-09,0.002617115154862404,7.038682414695074e-10,True
0,2,0.4652814567089081,1.2271418571472168,1.2271231412887573,1.8715858459472656e-05,0.33625558018684387,6.042399036232382e-06,0.12231741100549698,3.5818089827444055e-07,0.4652814567089081,5.026144663133891e-06,0.04481193423271179,2.130974365854854e-07,0.03133364021778107,9.101458431359788e-08,False
0,0,0.7644733786582947,0.7728520631790161,0.7728431820869446,8.881092071533203e-06,0.7644733786582947,2.4876396764739184e-06,0.09727475792169571,5.245772882744859e-08,0.11972122639417648,1.4115689737081993e-06,0.009398749098181725,1.6319845030920987e-08,0.009131870232522488,1.2995690745754018e-08,True
0,0,0.9003931879997253,0.4061641991138458,0.4061618745326996,2.3245811462402344e-06,0.9003931879997253,3.412356193166488e-07,0.06340080499649048,8.167168630279775e-08,0.03171668201684952,8.408121487946119e-08,0.002042808337137103,5.369910072161588e-10,0.0024464938323944807,6.361807192156732e-10,True
0,0,0.943056046962738,0.26682591438293457,0.2668246626853943,1.2516975402832031e-06,0.943056046962738,1.277366834528948e-07,0.03502475097775459,2.7402707658552572e-08,0.019075168296694756,2.9530689005241584e-08,0.0012226796243339777,2.2424496981532371e-10,0.0016214166535064578,3.482379107300204e-10,True
1,2,0.7498016357421875,0.7948678731918335,0.7948541045188904,1.3768672943115234e-05,0.015994956716895103,7.310183036679518e-08,0.17065303027629852,2.893849796237191e-06,0.7498016357421875,2.0534489522106014e-06,0.04747377708554268,1.844250192561958e-07,0.01607661135494709,1.7120465045650235e-08,False
0,0,0.956243634223938,0.21180538833141327,0.21180406212806702,1.3262033462524414e-06,0.956243634223938,9.263678890647498e-08,0.031415969133377075,2.953730948718203e-08,0.010648856870830059,1.634696822350179e-08,0.0006842752918601036,8.574338461464492e-11,0.0010072918375954032,1.479339845067429e-10,True
0,0,0.944185733795166,0.26126372814178467,0.26126161217689514,2.115964889526367e-06,0.944185733795166,1.6894679788492795e-07,0.03599618002772331,3.1163420288748966e-08,0.017143918201327324,4.573375989025408e-08,0.0011325097875669599,3.384245106374806e-10,0.0015416389796882868,5.337349451295381e-10,True
0,0,0.9407987594604492,0.26080796122550964,0.2608066499233246,1.3113021850585938e-06,0.9407987594604492,1.1089545637332776e-07,0.04653086140751839,3.656110791894207e-08,0.011289390735328197,1.9606149592732436e-08,0.0005818904610350728,8.17191245228166e-11,0.0007992006721906364,1.2899360746221333e-10,True
0,0,0.9331163763999939,0.2863164246082306,0.2863144874572754,1.9371509552001953e-06,0.9331163763999939,2.1057330457097123e-07,0.05231095477938652,8.441269017112063e-08,0.013108505867421627,2.4593962422159166e-08,0.0006309447344392538,9.138551720910826e-11,0.0008331572753377259,1.3278199373356614e-10,True
2,2,0.7844957709312439,0.7513520121574402,0.7513301372528076,2.187490463256836e-05,0.004826315678656101,2.5282318460995157e-08,0.05220608785748482,1.3281421615829458e-06,0.7844957709312439,1.947545769098724e-07,0.11884217709302902,1.4825500329607166e-06,0.039629604667425156,9.646549870012677e-08,True
0,0,0.9741657376289368,0.13551077246665955,0.1355106085538864,1.6391277313232422e-07,0.9741657376289368,1.256349335676532e-08,0.02063894085586071,5.894746468726453e-09,0.004463722463697195,1.0950815809707137e-09,0.00027086783666163683,6.437672010056739e-12,0.0004608769959304482,1.5577060474836202e-11,True
0,0,0.9767732620239258,0.1269974708557129,0.12699678540229797,6.854534149169922e-07,0.9767732620239258,2.49614195979575e-08,0.017036426812410355,8.909121440581202e-09,0.005279615055769682,3.568609185933269e-09,0.00034007502836175263,2.2342495908933557e-11,0.000570593518204987,5.1673065132318285e-11,True
0,0,0.9754296541213989,0.12676581740379333,0.1267654448747635,3.725290298461914e-07,0.9754296541213989,1.619623901660816e-08,0.021170204505324364,8.969291975802207e-09,0.002975482726469636,1.1925122000988608e-09,0.0001542562386021018,5.914841533227744e-12,0.00027046652394346893,1.5972490691185115e-11,True
0,0,0.9793192148208618,0.11250543594360352,0.1125049963593483,4.3958425521850586e-07,0.9793192148208618,1.7336850177684937e-08,0.016856765374541283,8.490193437182825e-09,0.003276657313108444,1.3434006129742215e-09,0.0001961283851414919,6.180062971788969e-12,0.000351263239281252,1.5541181189182574e-11,True
0,0,0.9794681668281555,0.10815481841564178,0.10815401375293732,8.046627044677734e-07,0.9794681668281555,2.7398877833206825e-08,0.01829707995057106,1.8535157408905434e-08,0.001968349562957883,7.54711737549485e-10,9.338559175375849e-05,2.6012126480567943e-12,0.000172917076270096,7.303208385267546e-12,True
2,0,0.8543285727500916,0.5388281941413879,0.5388261079788208,2.086162567138672e-06,0.8543285727500916,4.112450255888689e-07,0.08691350370645523,6.340525260384311e-08,0.05206592008471489,1.353694472072675e-07,0.003221414750441909,1.0018701424030496e-09,0.003470598254352808,1.0204892486598283e-09,False
0,0,0.9230179786682129,0.32138463854789734,0.32138344645500183,1.1920928955078125e-06,0.9230179786682129,1.3341843896341743e-07,0.05906984210014343,4.664859787339992e-08,0.01566956751048565,1.92179623326183e-08,0.000959291064646095,1.1671587307748865e-10,0.0012832807842642069,1.7640752747460908e-10,True
0,0,0.9631811380386353,0.18284210562705994,0.18284109234809875,1.0132789611816406e-06,0.9631811380386353,6.74638727105048e-08,0.027487078681588173,2.352217975953863e-08,0.008165717124938965,9.418783086800886e-09,0.0004660507256630808,4.6539397335898514e-11,0.0007000641780905426,8.669475554112793e-11,True
0,0,0.9409571886062622,0.26423025131225586,0.2642284035682678,1.8477439880371094e-06,0.9409571886062622,1.7815253272601694e-07,0.044144149869680405,6.026056809105285e-08,0.013160094618797302,2.6433559341398905e-08,0.0007353660184890032,1.3816640886954445e-10,0.0010031992569565773,2.1809043460052635e-10,True
0,0,0.9297443628311157,0.3107450008392334,0.3107406795024872,4.32133674621582e-06,0.9297443628311157,4.891780918114819e-07,0.04605243727564812,1.0917168680180112e-07,0.021173804998397827,1.1138969568946777e-07,0.0013223428977653384,6.022005116790297e-10,0.0017070816829800606,7.848961480760863e-10,True
2,2,0.77280193567276,0.7544103860855103,0.754392147064209,1.823902130126953e-05,0.0032057107891887426,1.3655944819390697e-08,0.034232210367918015,6.368817935253901e-07,0.77280193567276,6.680029969174939e-07,0.1430276334285736,1.7934756897375337e-06,0.04673251509666443,9.795466127116015e-08,True
0,0,0.8604780435562134,0.5382393598556519,0.5382320284843445,7.331371307373047e-06,0.8604780435562134,1.3551923530030763e-06,0.06689014285802841,1.0043430620498839e-07,0.062017012387514114,5.933275701863749e-07,0.0050139944069087505,7.096748078083692e-09,0.005600790027529001,7.804727530924538e-09,True
0,0,0.9390690922737122,0.2789941430091858,0.2789929509162903,1.1920928955078125e-06,0.9390690922737122,1.1410473632622598e-07,0.04031290113925934,2.812878108215955e-08,0.017665093764662743,2.423717226918143e-08,0.0012448513880372047,2.2442690761348416e-10,0.0017080934485420585,3.754844490888587e-10,True
0,0,0.9849085211753845,0.0880083292722702,0.08800795674324036,3.725290298461914e-07,0.9849085211753845,8.129934059297739e-09,0.011804954148828983,3.4674938476086936e-09,0.002738210139796138,9.482757912238071e-10,0.00018811489280778915,8.679253496457484e-12,0.00036019188701175153,2.8329441223440277e-11,True
0,0,0.9387997984886169,0.275493323802948,0.275491327047348,1.996755599975586e-06,0.9387997984886169,1.7163615950721578e-07,0.04322885721921921,5.688430348982365e-08,0.015769535675644875,3.4212806809819085e-08,0.000940005702432245,1.9135606987852327e-10,0.00126180041115731,2.8637761606553624e-10,True
0,0,0.9774839282035828,0.1223597452044487,0.12235920876264572,5.364418029785156e-07,0.9774839282035828,1.863524801137828e-08,0.01754254661500454,7.031310200744656e-09,0.004138735588639975,2.3536923521305653e-09,0.0002985796600114554,2.0036802078626792e-11,0.0005362106603570282,5.45618827896277e-11,True
2,1,0.46369749307632446,1.1184628009796143,1.1184450387954712,1.7762184143066406e-05,0.16220121085643768,2.790066673696856e-06,0.46369749307632446,1.5506790305153118e-06,0.3516816794872284,5.245437478151871e-06,0.01474378164857626,2.1827428753340428e-08,0.007675881963223219,4.634328920616326e-09,False
2,2,0.556419849395752,0.9340833425521851,0.9340724945068359,1.0848045349121094e-05,0.00016347675409633666,2.7924607071128094e-11,0.0025333145167678595,3.1746498763141062e-09,0.556419849395752,4.9383916120859794e-06,0.34549927711486816,3.7384731967904372e-06,0.09538408368825912,1.633274848700239e-07,True
0,0,0.889666736125946,0.41980502009391785,0.4197998046875,5.21540641784668e-06,0.889666736125946,8.44485384732252e-07,0.08373021334409714,2.8078429181732645e-07,0.02352471463382244,1.3402774357018643e-07,0.0013809172669425607,7.183280636979816e-10,0.0016974760219454765,8.876520629641504e-10,True
0,0,0.9617815017700195,0.1861099898815155,0.18610917031764984,8.195638656616211e-07,0.9617815017700195,4.5465547771073034e-08,0.029743928462266922,1.9444669874246756e-08,0.007511751260608435,5.213276921267607e-09,0.00038649648195132613,2.5897161151644532e-11,0.0005762380314990878,5.0165548798331017e-11,True
1,1,0.45973703265190125,1.0608124732971191,1.0607937574386597,1.8715858459472656e-05,0.1003684550523758,1.102158080357185e-06,0.45973703265190125,4.04284946853295e-06,0.41489672660827637,6.749201475031441e-06,0.01708906702697277,4.052430924161854e-08,0.007908746600151062,7.408553326371248e-09,True
0,2,0.5688590407371521,1.1432225704193115,1.1432058811187744,1.6689300537109375e-05,0.236893892288208,4.975342108082259e-06,0.1320255696773529,2.851429314887355e-07,0.5688590407371521,5.200194209464826e-06,0.039121054112911224,6.990075007706764e-08,0.023100396618247032,1.806942506732412e-08,False
1,0,0.9740526080131531,0.13056376576423645,0.13056330382823944,4.6193599700927734e-07,0.9740526080131531,1.691726936314808e-08,0.02314564399421215,9.763280850449974e-09,0.002435946837067604,9.044427429216739e-10,0.0001298893039347604,4.304460000242871e-12,0.00023588864132761955,1.2040005277491606e-11,False
0,0,0.9438033103942871,0.27058643102645874,0.27058202028274536,4.410743713378906e-06,0.9438033103942871,4.1814465134848433e-07,0.02838531695306301,4.09512885823915e-08,0.023359695449471474,1.3668288545432006e-07,0.0018880366114899516,1.4572777429222583e-09,0.0025636334903538227,2.2431863033745003e-09,True
0,0,0.971563994884491,0.14633548259735107,0.14633505046367645,4.3213367462158203e-07,0.971563994884491,1.905579871674945e-08,0.022639254108071327,9.418016588824685e-09,0.0050616818480193615,1.6341600295177727e-09,0.0002800853690132499,8.892509992253217e-12,0.00045495593803934753,2.0710450715499817e-11,True
0,0,0.9576845169067383,0.20470964908599854,0.20470832288265228,1.3262033462524414e-06,0.9576845169067383,8.563231546077077e-08,0.031703054904937744,2.617298910934096e-08,0.008983026258647442,1.5151641719057807e-08,0.000640883925370872,1.0776793346600755e-10,0.0009885923936963081,2.0682562607010624e-10,True
0,0,0.983009934425354,0.09570945799350739,0.09570889174938202,5.662441253662109e-07,0.983009934425354,1.6230695010222007e-08,0.013969647698104382,7.589065376123472e-09,0.0025203393306583166,1.3006519195002397e-09,0.00017057389777619392,8.826428303521094e-12,0.0003295083006378263,2.6912919809385372e-11,True
0,0,0.652374267578125,0.9362215399742126,0.9362086653709412,1.2874603271484375e-05,0.652374267578125,4.149694177613128e-06,0.20842094719409943,5.268017844173301e-07,0.12480735033750534,1.908692183860694e-06,0.007686752360314131,1.3423338884877012e-08,0.006710664834827185,8.562005326950839e-09,True
0,0,0.841247022151947,0.5854364037513733,0.5854331851005554,3.2186508178710938e-06,0.841247022151947,6.645846042374615e-07,0.06979997456073761,4.736329017873686e-08,0.07867706567049026,3.3872544236146496e-07,0.0050852661952376366,2.8380762184809782e-09,0.005190742667764425,2.6505881933758246e-09,True
0,0,0.9403430223464966,0.2651800513267517,0.26517781615257263,2.2351741790771484e-06,0.9403430223464966,1.8563815729066846e-07,0.045379091054201126,5.233641786617227e-08,0.01259347703307867,3.596329278821031e-08,0.0007093418971635401,1.9216477020744804e-10,0.0009750843164511025,3.0965144337535833e-10,True
0,0,0.9785448312759399,0.11395195126533508,0.11395139992237091,5.513429641723633e-07,0.9785448312759399,2.0843339498810565e-08,0.0182719137519598,1.0911234582522411e-08,0.0028475248254835606,1.5876475689680092e-09,0.0001241201680386439,5.185062882523406e-12,0.00021165165526326746,1.292018575460574e-11,True
0,0,0.7876774668693542,0.7181466817855835,0.7181407809257507,5.900859832763672e-06,0.7876774668693542,1.4543428505930933e-06,0.08356603235006332,6.075206471223282e-08,0.11298662424087524,9.037601671479933e-07,0.008030886761844158,8.137091889182102e-09,0.007739041931927204,6.363520377306031e-09,True
3,3,0.8911073803901672,0.3746565580368042,0.37465205788612366,4.500150680541992e-06,1.438057745800636e-11,1.9764422858703477e-24,5.589256613092175e-09,1.8072501809469679e-19,0.008755137212574482,4.954639720722298e-08,0.8911073803901672,5.966315939076594e-07,0.10013750940561295,3.220194457753678e-07,True
0,0,0.9018073081970215,0.3849807381629944,0.3849785029888153,2.2351741790771484e-06,0.9018073081970215,2.7852337325384724e-07,0.07389266043901443,7.307519211963154e-08,0.02208511345088482,6.416712494683452e-08,0.0010178794618695974,2.594796044697034e-10,0.0011970544001087546,3.171831963744154e-10,True
0,0,0.9720308184623718,0.1488320529460907,0.1488313525915146,7.003545761108398e-07,0.9720308184623718,3.060356945638887e-08,0.019840586930513382,7.04652247662807e-09,0.006859445013105869,6.41739905660188e-09,0.0004821337352041155,4.9724054734801015e-11,0.0007870569243095815,1.1043325282011907e-10,True
0,0,0.9540494084358215,0.20961275696754456,0.20961199700832367,7.599592208862305e-07,0.9540494084358215,6.37347596921245e-08,0.03900603950023651,3.8789487177837145e-08,0.005879000760614872,3.157898831318562e-09,0.00040448029176332057,2.614239553999642e-11,0.0006611237186007202,6.115302014775281e-11,True
0,0,0.8856095671653748,0.44433698058128357,0.4443345069885254,2.473592758178711e-06,0.8856095671653748,4.259921979610226e-07,0.0767875537276268,9.96013582721389e-08,0.03331669792532921,1.0546902728947316e-07,0.0019833191763609648,5.597444174831878e-10,0.002302908105775714,6.108267780469134e-10,True
0,0,0.9436988830566406,0.2577648460865021,0.257763534784317,1.3113021850585938e-06,0.9436988830566406,1.1673656530319931e-07,0.040482841432094574,3.045636987053513e-08,0.013701613061130047,2.2430105772741626e-08,0.0008836299530230463,1.4145482007954513e-10,0.0012330537429079413,2.269162635570865e-10,True
0,0,0.951018750667572,0.22733202576637268,0.22732940316200256,2.6226043701171875e-06,0.951018750667572,2.300903361174278e-07,0.03755903244018555,9.783659749018625e-08,0.01001104898750782,2.2774635510813823e-08,0.0005758663173764944,1.0390886762134954e-10,0.0008352991426363587,1.7189645540316434e-10,True
1,2,0.6338985562324524,0.827404260635376,0.8273829817771912,2.1278858184814453e-05,0.011289655230939388,3.2297151619786746e-08,0.32432183623313904,8.544645424990449e-06,0.6338985562324524,7.799403647368308e-06,0.023677775636315346,6.383289274936033e-08,0.006812175270169973,4.5290944328257865e-09,False
1,0,0.8698938488960266,0.436764657497406,0.43676310777664185,1.5497207641601562e-06,0.8698938488960266,2.9242173127386195e-07,0.11530079692602158,2.177720972440511e-07,0.013888964429497719,1.3035844403930241e-08,0.00042609358206391335,1.9071941942394588e-11,0.000490256876219064,2.2367734400785544e-11,False
0,0,0.962044358253479,0.1943787932395935,0.19437788426876068,9.08970832824707e-07,0.962044358253479,5.411846615288596e-08,0.023860234767198563,1.3418704369883017e-08,0.011736865155398846,1.1677506961405015e-08,0.0009325835853815079,1.1520490117433724e-10,0.0014259445015341043,2.248473213173341e-10,True
0,0,0.9601419568061829,0.19431844353675842,0.1943170577287674,1.385807991027832e-06,0.9601419568061829,9.343850848608781e-08,0.030148839578032494,3.609672916127238e-08,0.008408898487687111,1.124047610545631e-08,0.0005166634218767285,6.657763923501037e-11,0.0007836403674446046,1.2638516622143214e-10,True
0,0,0.9691852927207947,0.15303251147270203,0.15303224325180054,2.682209014892578e-07,0.9691852927207947,1.4257538261119862e-08,0.026079166680574417,7.889029873808795e-09,0.004115155432373285,1.154508377787522e-09,0.000231468235142529,3.7967294239105165e-12,0.0003889768267981708,7.829920739554908e-12,True
2,3,0.4916771948337555,0.9630138874053955,0.9629912376403809,2.2649765014648438e-05,1.4144517081149388e-05,3.667204886113884e-13,0.0004903911612927914,2.697303214116431e-10,0.39737561345100403,1.1038580851163715e-05,0.4916771948337555,8.718740900803823e-06,0.11044271290302277,1.745363960026225e-07,False
2,3,0.5628096461296082,0.9300781488418579,0.9300498366355896,2.8312206268310547e-05,2.8613746962946607e-06,2.43218209380067e-14,0.0001954417530214414,6.630213045255573e-11,0.3301101624965668,1.2747863365802914e-05,0.5628096461296082,1.1084273864980787e-05,0.10688185691833496,1.0539822881128202e-07,False
0,0,0.5233116745948792,1.1518584489822388,1.151841640472412,1.6808509826660156e-05,0.5233116745948792,7.003151949902531e-06,0.12105277925729752,8.585532640381643e-08,0.3011852204799652,4.681975951825734e-06,0.029994914308190346,1.038798984609457e-07,0.024455416947603226,5.58421859864211e-08,True
2,2,0.7645268440246582,0.6846270561218262,0.6846198439598083,7.212162017822266e-06,0.0002744755183812231,6.102304772603873e-11,0.005379342008382082,1.0285624796324555e-08,0.7645268440246582,2.0230040718161035e-06,0.18662728369235992,1.7284523892158177e-06,0.0431920550763607,4.9201478447002955e-08,True
0,0,0.9689852595329285,0.16318178176879883,0.1631806343793869,1.1473894119262695e-06,0.9689852595329285,6.118558815160213e-08,0.020856985822319984,1.6814656333963285e-08,0.008632814511656761,1.0568697916824021e-08,0.0005950210615992546,7.516130079432415e-11,0.0009299199446104467,1.508321245680122e-10,True
0,0,0.9578364491462708,0.2041100412607193,0.2041093111038208,7.301568984985352e-07,0.9578364491462708,5.047600026841792e-08,0.031157881021499634,1.6308396411091053e-08,0.009603937156498432,8.174382060133212e-09,0.000566264963708818,5.602486183309274e-11,0.0008355082245543599,1.1084209244893728e-10,True
2,3,0.87453693151474,0.4319794178009033,0.431972473859787,6.943941116333008e-06,1.4979137374915297e-10,1.8676786802086796e-22,4.219067051280945e-08,8.63378946057022e-18,0.0195638295263052,2.00524155502535e-07,0.87453693151474,1.037570996231807e-06,0.10589923709630966,3.351202337853465e-07,False
0,0,0.9591026306152344,0.20712599158287048,0.20712485909461975,1.1324882507324219e-06,0.9591026306152344,7.983308591974492e-08,0.024301130324602127,1.9163385545084566e-08,0.0140963364392519,1.7634521398690595e-08,0.0010173459304496646,1.1406797034707594e-10,0.001482526771724224,1.8513798827335393e-10,True
0,0,0.9305263757705688,0.28885677456855774,0.28885480761528015,1.9669532775878906e-06,0.9305263757705688,2.1801061222959106e-07,0.057680439203977585,1.0711433873211718e-07,0.010507817380130291,2.005070598443126e-08,0.0005407644785009325,8.58280599369543e-11,0.0007447069510817528,1.3795749265188562e-10,True
0,0,0.9350599646568298,0.29242485761642456,0.292423278093338,1.5795230865478516e-06,0.9350599646568298,1.687911179715229e-07,0.04207976534962654,3.5758144889541654e-08,0.020235268399119377,3.990336594483779e-08,0.001152680371887982,2.0355143959260857e-10,0.0014723660424351692,2.721253500315157e-10,True
0,0,0.9667289853096008,0.16983699798583984,0.1698358803987503,1.1175870895385742e-06,0.9667289853096008,6.296729537780266e-08,0.024180907756090164,2.0747473072901812e-08,0.007874701172113419,9.747589402309131e-09,0.0004793637490365654,5.052980950326358e-11,0.0007360614254139364,9.593705690980059e-11,True
1,0,0.8939504027366638,0.4268606901168823,0.4268549382686615,5.751848220825195e-06,0.8939504027366638,8.034857046368415e-07,0.06774747371673584,1.429796583352072e-07,0.03289233520627022,2.417932876142004e-07,0.002429965417832136,2.2843644753578474e-09,0.00297993584536016,2.937001530867178e-09,False
0,0,0.9676604270935059,0.1714075803756714,0.17140647768974304,1.1026859283447266e-06,0.9676604270935059,5.2758817759013255e-08,0.019530700519680977,8.785407068501172e-09,0.010799750685691833,1.5702967814945623e-08,0.0007933349697850645,1.2997977694162444e-10,0.0012157787568867207,2.543619204153913e-10,True
2,3,0.8244627118110657,0.5779298543930054,0.5779160857200623,1.3768672943115234e-05,5.2582911358456386e-09,1.7274326802083706e-19,9.990802709580748e-07,3.894065415445142e-15,0.06097007542848587,1.4512653478959692e-06,0.8244627118110657,2.553548938521999e-06,0.11456618458032608,2.2765576090932882e-07,False
0,0,0.9653283357620239,0.17566047608852386,0.1756599098443985,5.662441253662109e-07,0.9653283357620239,2.9664480649671532e-08,0.02515406906604767,1.153793327546282e-08,0.008220026269555092,4.87538187599057e-09,0.0005113892257213593,2.3586958775023703e-11,0.0007861711201258004,4.468974149074434e-11,True
0,0,0.9534749388694763,0.22637704014778137,0.22637608647346497,9.5367431640625e-07,0.9534749388694763,7.843370752880219e-08,0.030028099194169044,1.9471929846304192e-08,0.014297773130238056,1.7696958565238674e-08,0.000916069548111409,1.0955381740673786e-10,0.0012832011561840773,1.777687858028898e-10,True
0,0,0.8320437669754028,0.5695091485977173,0.5695061683654785,2.9802322387695312e-06,0.8320437669754028,6.255287985368341e-07,0.12159856408834457,1.7884941883039573e-07,0.04184345901012421,1.4271159898271435e-07,0.002177816117182374,7.204130070270764e-10,0.0023364403750747442,7.284012837338594e-10,True
0,0,0.9826779365539551,0.09619206190109253,0.0961918905377388,1.7136335372924805e-07,0.9826779365539551,4.557549004857719e-09,0.014673170633614063,2.797887255212572e-09,0.0022591615561395884,3.355359878831621e-10,0.00013386449427343905,1.8444117760862966e-12,0.00025586775154806674,5.741236045603282e-12,True
0,0,0.9393373727798462,0.2793790102005005,0.27937737107276917,1.6391277313232422e-06,0.9393373727798462,1.513631389116199e-07,0.03884437680244446,2.5170834305754397e-08,0.01874431222677231,4.037186585037489e-08,0.0013016125885769725,3.721576380399938e-10,0.0017724194331094623,6.110877914800028e-10,True
0,0,0.9108911752700806,0.361929714679718,0.36192786693573,1.8477439880371094e-06,0.9108911752700806,2.852602563052642e-07,0.0655062273144722,1.0635015712523455e-07,0.02101297676563263,4.016272114881758e-08,0.0011571786599233747,1.4636687695190886e-10,0.001432508695870638,1.6907868161109008e-10,True
0,0,0.9583290219306946,0.20530980825424194,0.20530901849269867,7.897615432739258e-07,0.9583290219306946,5.0034685727951e-08,0.029003987088799477,1.2331840437695973e-08,0.010823818854987621,1.0306642650448339e-08,0.0007412334089167416,8.570066184487857e-11,0.001101953792385757,1.6313346506979798e-10,True
0,0,0.926386296749115,0.33272457122802734,0.3327219784259796,2.592802047729492e-06,0.926386296749115,3.169946012349101e-07,0.03671598434448242,3.674746196224987e-08,0.03160197660326958,1.0851645271259258e-07,0.0023425929248332977,8.168916099116075e-10,0.0029531579930335283,1.033650831594457e-09,True
2,1,0.5793988108634949,0.9828336238861084,0.9828260540962219,7.569789886474609e-06,0.26967954635620117,1.916376731969649e-06,0.5793988108634949,1.0401823828942725e-06,0.1452767699956894,9.887288570098463e-07,0.003557620570063591,1.220189838058161e-09,0.00208719982765615,3.7136849151409024e-10,False
0,0,0.9655119776725769,0.17844656109809875,0.17844612896442413,4.3213367462158203e-07,0.9655119776725769,2.3878564903156985e-08,0.02294793166220188,5.470567554510808e-09,0.009631558321416378,5.33316280026952e-09,0.0007430270197801292,4.428446151449883e-11,0.001165540306828916,8.848412974549191e-11,True
0,0,0.8072180151939392,0.6659088134765625,0.6659025549888611,6.258487701416016e-06,0.8072180151939392,1.7313502667093417e-06,0.08751172572374344,1.5887069082509697e-07,0.09427110105752945,7.482680075554526e-07,0.00559688825160265,4.173596579448713e-09,0.005402305629104376,3.15086956526045e-09,True
2,3,0.6820127367973328,0.8460875749588013,0.8460689783096313,1.8596649169921875e-05,1.3647907053382369e-06,7.55402193569751e-15,3.7256373616401106e-05,3.246127758954609e-12,0.15667299926280975,4.841256213694578e-06,0.6820127367973328,5.4216930038819555e-06,0.1612756848335266,8.091037528856759e-08,False
2,2,0.7667083740234375,0.8372266292572021,0.8372109532356262,1.5676021575927734e-05,0.030946824699640274,5.206471769270138e-07,0.0408484973013401,3.290121526333678e-07,0.7667083740234375,1.3814857879879128e-07,0.11024049669504166,6.940085768292192e-07,0.051255762577056885,8.009315877188783e-08,True
0,0,0.9245061874389648,0.3355330228805542,0.3355293273925781,3.6954879760742188e-06,0.9245061874389648,4.225860266160453e-07,0.04210788384079933,6.328258450594149e-08,0.028966207057237625,1.3684130806268513e-07,0.001963176531717181,1.0963224772453373e-09,0.0024565765634179115,1.450420672455266e-09,True
0,0,0.9618097543716431,0.18245869874954224,0.18245810270309448,5.960464477539062e-07,0.9618097543716431,3.5755089555777886e-08,0.031654100865125656,1.705110896921269e-08,0.005786687135696411,3.135489423655713e-09,0.000293968478217721,1.0716021819900945e-11,0.00045546135515905917,2.045298305719534e-11,True
2,0,0.8400139808654785,0.5898724794387817,0.5898688435554504,3.635883331298828e-06,0.8400139808654785,8.517318406120467e-07,0.07617592811584473,6.463697133085589e-08,0.07307501137256622,3.548863389823964e-07,0.005224553402513266,2.531325593579936e-09,0.005510471761226654,2.1713499886999443e-09,False
3,3,0.6871111989021301,0.8300238251686096,0.830001175403595,2.2649765014648438e-05,3.801061723152088e-07,5.362400417642261e-16,3.3388812880730256e-05,2.517535659107839e-12,0.19286838173866272,7.1149015639093705e-06,0.6871111989021301,7.124272997316439e-06,0.1199866309762001,3.3821134337586045e-08,True
4,3,0.56034916639328,0.9426970481872559,0.9426794052124023,1.7642974853515625e-05,4.814410203834996e-06,5.172878659166595e-14,0.0002185708872275427,5.52670964548696e-11,0.3221675455570221,7.716533218626864e-06,0.56034916639328,6.883553851366742e-06,0.1172599121928215,7.927658884909761e-08,False
0,0,0.9309521913528442,0.2881632447242737,0.2881622016429901,1.043081283569336e-06,0.9309521913528442,1.179238893200818e-07,0.05699925497174263,6.38161381516511e-08,0.010740566067397594,9.592046268380727e-09,0.0005512083298526704,3.514469271159726e-11,0.0007567903958261013,5.2792298310677666e-11,True
0,0,0.9515108466148376,0.2175191044807434,0.2175183743238449,7.301568984985352e-07,0.9515108466148376,5.2295998642648556e-08,0.041418708860874176,2.633085927072898e-08,0.006155708339065313,4.29299751303347e-09,0.00035674471291713417,2.45412405674994e-11,0.0005579963908530772,5.1433721864890813e-11,True
0,0,0.9675911068916321,0.16299545764923096,0.1629948914051056,5.662441253662109e-07,0.9675911068916321,2.285594824513737e-08,0.0255537461489439,1.2305357621755775e-08,0.00595892546698451,2.5997761721185952e-09,0.0003447541384957731,1.5100424383129862e-11,0.0005514106014743447,3.509048954186689e-11,True
0,0,0.9774745106697083,0.12093127518892288,0.12093076854944229,5.066394805908203e-07,0.9774745106697083,2.0749215678961264e-08,0.01823042891919613,8.764010850370596e-09,0.003647196339443326,2.0175467962957327e-09,0.00023298732412513345,1.2883139000052779e-11,0.0004149322339799255,3.385275046396963e-11,True
0,0,0.9716739654541016,0.1432003676891327,0.14319978654384613,5.811452865600586e-07,0.9716739654541016,3.553232019726238e-08,0.023898528888821602,1.9376011906047097e-08,0.003869247157126665,1.9636328119077007e-09,0.00020808078988920897,9.181816765235773e-12,0.00035029611899517477,2.19353563091218e-11,True
0,0,0.9725137948989868,0.1474986970424652,0.14749817550182343,5.21540641784668e-07,0.9725137948989868,2.589561454158229e-08,0.01880236528813839,8.364029469021261e-09,0.00741345901042223,4.171691436738456e-09,0.0004892225842922926,3.1361444691180296e-11,0.0007812000694684684,7.07629926877118e-11,True
0,0,0.9598299264907837,0.1915825605392456,0.1915820688009262,4.917383193969727e-07,0.9598299264907837,3.4532472881210197e-08,0.032732684165239334,1.6990936657634848e-08,0.006335896905511618,3.08923486791457e-09,0.0004214845539536327,2.022212432228887e-11,0.0006800532573834062,4.296841701889598e-11,True
0,0,0.97216796875,0.15009649097919464,0.15009556710720062,9.238719940185547e-07,0.97216796875,3.623450695044994e-08,0.01865796558558941,7.307059401995275e-09,0.007563069462776184,8.512373916857996e-09,0.0006067529902793467,9.875683604221308e-11,0.0010042664362117648,2.3644591840010776e-10,True
0,0,0.9507562518119812,0.24119552969932556,0.24119363725185394,1.8924474716186523e-06,0.9507562518119812,1.3631833439831098e-07,0.028738195076584816,2.0052093319122832e-08,0.01712348870933056,3.959669214737005e-08,0.0013891166308894753,4.194466440843314e-10,0.0019928794354200363,7.31789850938469e-10,True
1,2,0.8417975306510925,0.6028703451156616,0.6028622984886169,8.046627044677734e-06,0.002781343413516879,3.6698766248122183e-09,0.04879410192370415,4.7607451847397897e-07,0.8417975306510925,1.573332610860234e-07,0.08370932936668396,3.89268137723775e-07,0.02291763387620449,2.5672154180256257e-08,False
1,1,0.46578654646873474,0.9531620740890503,0.9531532526016235,8.821487426757812e-06,0.4445593059062958,3.198169906681869e-06,0.46578654646873474,1.566891683069116e-06,0.08522173017263412,6.296273795669549e-07,0.002557043917477131,9.491948338435918e-10,0.0018753687618300319,4.19589363254147e-10,True
1,0,0.9762798547744751,0.12296789884567261,0.1229671835899353,7.152557373046875e-07,0.9762798547744751,2.8221643688652875e-08,0.02056131511926651,1.5726211444189175e-08,0.002752800704911351,1.5837592348688645e-09,0.00014587408804800361,8.285865049639796e-12,0.0002601707528810948,2.3196273027381586e-11,False
0,0,0.9303808212280273,0.3093743324279785,0.3093733787536621,9.5367431640625e-07,0.9303808212280273,8.090686520745294e-08,0.045174740254879,1.797790361024454e-08,0.0212753526866436,2.859568404289803e-08,0.0013799287844449282,2.0216744944789866e-10,0.0017892193282023072,2.9444238713871584e-10,True
2,2,0.6954116225242615,0.7953657507896423,0.7953497767448425,1.5974044799804688e-05,0.00020040532399434596,6.50960466086481e-11,0.0070005315355956554,3.697799400015356e-08,0.6954116225242615,5.059177055954933e-06,0.24014119803905487,4.466996870178264e-06,0.05724627524614334,1.257850072988731e-07,True
2,2,0.8363537788391113,0.6325967311859131,0.6325886845588684,8.046627044677734e-06,0.0076768300496041775,2.673189136714882e-08,0.04531136155128479,3.5170066325918015e-07,0.8363537788391113,1.1766369567567381e-07,0.08323564380407333,3.6661148783423414e-07,0.027422426268458366,3.083582811314045e-08,True
0,0,0.9751680493354797,0.13288404047489166,0.13288334012031555,7.003545761108398e-07,0.9751680493354797,2.9710490068168838e-08,0.018897445872426033,1.1086709328367306e-08,0.005109776277095079,3.786043922815452e-09,0.00030957089620642364,2.2550518744002268e-11,0.000515187275595963,5.221085022655281e-11,True
0,0,0.9314665198326111,0.28977108001708984,0.2897679805755615,3.0994415283203125e-06,0.9314665198326111,3.3223864193132613e-07,0.05493425950407982,1.6084881337974366e-07,0.012079569511115551,3.3777304508930683e-08,0.00064462871523574,1.3628093098461136e-10,0.0008749966509640217,2.039445140544771e-10,True
1,2,0.498826265335083,0.8446241021156311,0.8446093797683716,1.4722347259521484e-05,0.017623482272028923,6.987886536080623e-08,0.4684727191925049,5.976175543764839e-06,0.498826265335083,6.386314453266095e-06,0.011681579984724522,1.3846300106479248e-08,0.003395956475287676,9.897368480338287e-10,False
2,2,0.7188668251037598,0.8505173921585083,0.8505037426948547,1.3649463653564453e-05,0.005757700651884079,2.8151301734169465e-08,0.02231694385409355,1.9264511763594783e-07,0.7188668251037598,1.5157188499870244e-06,0.18124587833881378,1.9683618575072614e-06,0.07181265205144882,1.670648970275579e-07,True
2,3,0.5339798331260681,0.9890188574790955,0.9890108108520508,8.046627044677734e-06,2.893538294301834e-05,6.860409050742089e-13,0.00025664170971140265,2.934353107719723e-11,0.31157171726226807,3.3989401799772168e-06,0.5339798331260681,2.572870243966463e-06,0.15416285395622253,1.5302171618714056e-07,False
2,2,0.7365753054618835,0.8000280857086182,0.8000164031982422,1.1682510375976562e-05,0.0020087831653654575,2.9773652432396602e-09,0.02360897697508335,2.0572682046804402e-07,0.7365753054618835,1.4654557389803813e-06,0.17959637939929962,1.8302516764379106e-06,0.05821056291460991,1.2329360288276803e-07,True
0,0,0.9385159611701965,0.27550292015075684,0.2755017876625061,1.1324882507324219e-06,0.9385159611701965,1.1030213897811336e-07,0.044248539954423904,3.089414235546428e-08,0.015068537555634975,2.170077451069119e-08,0.000919004378374666,1.1788436893311882e-10,0.0012480036821216345,1.7569999621880328e-10,True
2,2,0.8763447999954224,0.48936328291893005,0.48935985565185547,3.427267074584961e-06,0.002057807520031929,1.2373471136584158e-09,0.018971934914588928,4.849389156902362e-08,0.8763447999954224,1.7389791651112319e-07,0.08155903965234756,2.597578543372947e-07,0.0210664551705122,1.5376478756934375e-08,True
0,0,0.9310548901557922,0.29358136653900146,0.29357972741127014,1.6391277313232422e-06,0.9310548901557922,1.7082106751331594e-07,0.0537787564098835,6.430747845342921e-08,0.013512767851352692,2.5565558559037527e-08,0.0007086326368153095,9.32810217957325e-11,0.0009449833887629211,1.3093241768569186e-10,True
0,0,0.9778459668159485,0.11929698288440704,0.1192961111664772,8.717179298400879e-07,0.9778459668159485,3.247987834242849e-08,0.017934158444404602,1.2842837016080466e-08,0.003584912046790123,3.496464895391682e-09,0.00022790655202697963,2.0626552549307675e-11,0.00040709885070100427,5.351846396606241e-11,True
0,0,0.9383831024169922,0.2839069366455078,0.2839057147502899,1.2218952178955078e-06,0.9383831024169922,1.0007986617210918e-07,0.03779980167746544,1.7796654816493174e-08,0.020687678828835487,3.066954690211787e-08,0.0013487146934494376,2.0935263245203117e-10,0.0017806210089474916,3.137400617081454e-10,True
0,0,0.9661917090415955,0.1703871637582779,0.1703866571187973,5.066394805908203e-07,0.9661917090415955,2.8958039521853607e-08,0.025601236149668694,1.003690730527751e-08,0.007131242658942938,5.008600645339811e-09,0.00042182832839898765,2.4628448586083707e-11,0.0006540664471685886,4.799823039025597e-11,True
0,0,0.969489574432373,0.1560763120651245,0.15607546269893646,8.493661880493164e-07,0.969489574432373,4.158449939950515e-08,0.023714913055300713,1.5381047546725313e-08,0.005844262894243002,5.2483515311507745e-09,0.00036177379661239684,3.0000404938057557e-11,0.0005894616479054093,6.45870856796904e-11,True
0,0,0.9465492367744446,0.24936074018478394,0.24935965240001678,1.087784767150879e-06,0.9465492367744446,8.39105283034769e-08,0.036915577948093414,2.1932736515850593e-08,0.014427033253014088,1.7868186930058982e-08,0.0008863914990797639,1.0974013364695168e-10,0.0012217046460136771,1.7382580097535794e-10,True
0,0,0.9222646951675415,0.32687780261039734,0.3268749713897705,2.8312206268310547e-06,0.9222646951675415,3.06484935208573e-07,0.05793016776442528,8.142563956425874e-08,0.017172913998365402,6.028956534009922e-08,0.001125751412473619,4.1433673159119166e-10,0.0015065151965245605,6.220664539036136e-10,True
0,0,0.977593719959259,0.12563493847846985,0.1256345957517624,3.427267074584961e-07,0.977593719959259,1.472580812844626e-08,0.014806377701461315,3.6580471984848373e-09,0.006437244359403849,2.9973576953779e-09,0.0004381143662612885,2.3941707991137484e-11,0.0007245903834700584,5.674420655576995e-11,True
0,0,0.9368208050727844,0.2882692217826843,0.28826668858528137,2.5331974029541016e-06,0.9368208050727844,2.529552318719652e-07,0.040266089141368866,4.4812193067400585e-08,0.01978706568479538,6.301810628883686e-08,0.0013377218274399638,4.980831858070189e-10,0.001788360415957868,7.541223756568627e-10,True
0,0,0.9766225218772888,0.12388354539871216,0.1238829493522644,5.960464477539062e-07,0.9766225218772888,2.270320820230154e-08,0.019245116040110588,1.0707439379586958e-08,0.003545898711308837,2.0583414972463743e-09,0.0002121023426298052,1.1046827515237556e-11,0.0003743584093172103,2.829786405200707e-11,True
0,0,0.9855754971504211,0.0833834633231163,0.08338316529989243,2.980232238769531e-07,0.9855754971504211,7.832399617768715e-09,0.011959360912442207,3.755327604437753e-09,0.0020759401377290487,5.888434184697644e-10,0.00013116525951772928,3.5300009443295366e-12,0.0002580638392828405,1.1181767317625102e-11,True
0,0,0.9307156801223755,0.3197675347328186,0.3197629153728485,4.6193599700927734e-06,0.9307156801223755,5.301536134538765e-07,0.030822744593024254,4.0515761412507345e-08,0.03262286260724068,2.0348772977740737e-07,0.00256329751573503,1.9988826149841543e-09,0.0032753876876085997,2.6631978844449122e-09,True
0,0,0.9184945225715637,0.35126903653144836,0.35126709938049316,1.9371509552001953e-06,0.9184945225715637,2.1266626504257147e-07,0.050974298268556595,4.1603165357173566e-08,0.02640092745423317,6.316424361330064e-08,0.0018235658062621951,5.085217247291496e-10,0.00230668717995286,6.930335194610393e-10,True
0,0,0.9086374640464783,0.3927016258239746,0.3926984369754791,3.1888484954833984e-06,0.9086374640464783,4.3393504256528104e-07,0.04418545588850975,3.497278910913337e-08,0.04053695127367973,1.8097067311373394e-07,0.0030164301861077547,1.4690035854414418e-09,0.0036237300373613834,1.7255771256330377e-09,True
0,0,0.9454688429832458,0.24282515048980713,0.24282419681549072,9.5367431640625e-07,0.9454688429832458,7.490005060617477e-08,0.044171422719955444,3.1750992945944745e-08,0.009107440710067749,9.485389362851038e-09,0.0005101689021103084,4.063667111142699e-11,0.000742125092074275,7.041045524402989e-11,True
0,2,0.533302903175354,1.224416971206665,1.2243666648864746,5.030632019042969e-05,0.2684166133403778,1.702213558019139e-05,0.05727280303835869,2.8661793294304516e-07,0.533302903175354,8.914753379940521e-06,0.08123262226581573,1.087815348910226e-06,0.05977512523531914,4.385729539535532e-07,False
0,0,0.6504655480384827,0.9829473495483398,0.9829360842704773,1.1265277862548828e-05,0.6504655480384827,3.933763764507603e-06,0.13954702019691467,7.222282505381372e-08,0.1824350208044052,2.4032194687606534e-06,0.014674869365990162,3.5396350739347326e-08,0.012877590022981167,2.3624592060400573e-08,True
0,0,0.8921670913696289,0.44652289152145386,0.4465208947658539,1.996755599975586e-06,0.8921670913696289,2.909362990521913e-07,0.04565933346748352,1.3247207775179959e-08,0.05351010710000992,1.3684480393294507e-07,0.0040329257026314735,1.736053523160308e-09,0.004630479495972395,2.083301309241392e-09,True
0,0,0.954749584197998,0.21967953443527222,0.21967844665050507,1.087784767150879e-06,0.954749584197998,7.859861739234475e-08,0.03093806467950344,2.110476060579458e-08,0.01230669766664505,1.5338681436105617e-08,0.0008188518695533276,1.1257544896281502e-10,0.0011868278961628675,2.0133328337834655e-10,True
2,2,0.7545865178108215,0.7765475511550903,0.7765325903892517,1.4960765838623047e-05,0.002269058022648096,5.07337993838064e-09,0.02828255295753479,3.4581356089802284e-07,0.7545865178108215,1.3737125073021161e-06,0.16277310252189636,2.0740064883284504e-06,0.052088867872953415,1.2780813563040283e-07,True
0,2,0.4666273295879364,1.2653124332427979,1.2652294635772705,8.296966552734375e-05,0.19983327388763428,1.6655925719533116e-05,0.26169708371162415,4.702930255007232e-06,0.4666273295879364,2.408481486781966e-05,0.04425068199634552,6.781569936720189e-07,0.027591655030846596,1.8508372079395485e-07,False
0,0,0.9292940497398376,0.28551986813545227,0.285518079996109,1.7881393432617188e-06,0.9292940497398376,2.075142333524127e-07,0.061794478446245193,1.227383989998998e-07,0.00809779204428196,1.1892052675932518e-08,0.00034250179305672646,3.274495605221084e-11,0.0004711689834948629,5.063036448427205e-11,True
0,0,0.8887848258018494,0.45086032152175903,0.4508565068244934,3.814697265625e-06,0.8887848258018494,5.253281187833636e-07,0.05992916226387024,3.8587018025282305e-08,0.04436932131648064,2.521948658795736e-07,0.0031962934881448746,1.9324810640597434e-09,0.003720387816429138,2.1130899252597146e-09,True
0,0,0.938390851020813,0.281779944896698,0.2817784249782562,1.519918441772461e-06,0.938390851020813,1.3512101304513635e-07,0.04002358391880989,2.7764338383917675e-08,0.018682267516851425,3.568651507634968e-08,0.001241697813384235,2.5465488051601426e-10,0.0016615939093753695,3.845530005541775e-10,True
0,0,0.9557504653930664,0.21771201491355896,0.21771100163459778,1.0132789611816406e-06,0.9557504653930664,6.31733669820278e-08,0.028682414442300797,1.4905518597174705e-08,0.01338305976241827,1.753868872356179e-08,0.0008979329140856862,1.082102255023365e-10,0.001286149024963379,1.7795728779468334e-10,True
1,0,0.9693418741226196,0.15865202248096466,0.15865124762058258,7.748603820800781e-07,0.9693418741226196,4.483905158281232e-08,0.02253769151866436,1.4990115815294303e-08,0.007040295284241438,6.516891470909059e-09,0.00042071114876307547,3.071128767961895e-11,0.0006594971637241542,5.90709078873708e-11,False
0,0,0.9747786521911621,0.12884163856506348,0.1288410872220993,5.513429641723633e-07,0.9747786521911621,2.127151432773644e-08,0.021921399980783463,1.2208079880338119e-08,0.0029524476267397404,1.1339169603274968e-09,0.0001291995431529358,3.071848764940599e-12,0.0002182294410886243,7.051885984876716e-12,True
0,0,0.9508979916572571,0.2295372039079666,0.22953522205352783,1.9818544387817383e-06,0.9508979916572571,1.665531925709729e-07,0.036626867949962616,6.060904667037903e-08,0.010881257243454456,2.1580271791776795e-08,0.0006532515399158001,1.0522755583552978e-10,0.0009406210738234222,1.716127517870092e-10,True
2,2,0.8293607831001282,0.6305999755859375,0.6305872797966003,1.2695789337158203e-05,0.0029568588361144066,6.099274418858158e-09,0.03786201775074005,5.175659794076637e-07,0.8293607831001282,2.1691312213079073e-07,0.10061337053775787,8.936335120779404e-07,0.029206976294517517,5.255601465137261e-08,True
1,0,0.9454006552696228,0.25738242268562317,0.25738152861595154,8.940696716308594e-07,0.9454006552696228,8.020158759336482e-08,0.034850772470235825,1.4770672684960573e-08,0.01701110601425171,2.2261382071064872e-08,0.0011543750297278166,1.3758899575222472e-10,0.0015831806231290102,2.0405503675657855e-10,False
0,0,0.9450907707214355,0.24464644491672516,0.24464531242847443,1.1324882507324219e-06,0.9450907707214355,9.779316911817659e-08,0.04413005709648132,4.375363005237887e-08,0.009523657150566578,9.530961797565851e-09,0.0005168405477888882,4.3943373245758366e-11,0.0007386245997622609,7.57044635313342e-11,True
0,0,0.9791030883789062,0.11419744044542313,0.11419715732336044,2.8312206268310547e-07,0.9791030883789062,1.0981880294025359e-08,0.01663757674396038,5.316362461371682e-09,0.0036609459202736616,1.1125548260437768e-09,0.0002173469401896,6.255049863485018e-12,0.00038110665627755225,1.6287594536978922e-11,True
2,0,0.8894058465957642,0.44164106249809265,0.4416380822658539,2.9802322387695312e-06,0.8894058465957642,4.4315788727544714e-07,0.06729227304458618,5.568398719901779e-08,0.0379653237760067,1.5778593365212146e-07,0.002467069774866104,1.1381058317994075e-09,0.0028695377986878157,1.3056069558814443e-09,False
0,0,0.9631757736206055,0.18500104546546936,0.18500009179115295,9.5367431640625e-07,0.9631757736206055,5.0739178192316103e-08,0.026254398748278618,1.3167810841707706e-08,0.009116201661527157,1.0390745153188163e-08,0.0005775868194177747,6.847913902596758e-11,0.0008760208147577941,1.345358269233543e-10,True
0,0,0.9522968530654907,0.22377444803714752,0.2237732857465744,1.1622905731201172e-06,0.9522968530654907,8.685796615282015e-08,0.03586940839886665,3.055782471506063e-08,0.010394543409347534,1.3186993719216389e-08,0.0005916797090321779,6.525743834195907e-11,0.0008475385839119554,1.1261121896088966e-10,True
0,0,0.9816584587097168,0.09904931485652924,0.09904875606298447,5.587935447692871e-07,0.9816584587097168,1.7327018042578857e-08,0.016173096373677254,9.399673928101038e-09,0.0019425571663305163,1.062672172480461e-09,8.07170508778654e-05,3.1692415618927994e-12,0.0001451796415494755,8.756864157410948e-12,True
2,2,0.5990718603134155,0.8708282709121704,0.8708072900772095,2.09808349609375e-05,4.0675524360267445e-05,3.696737794350868e-12,0.0023132809437811375,5.796989999140578e-09,0.5990718603134155,9.378177310281899e-06,0.33012568950653076,7.809640919731464e-06,0.06844848394393921,1.522231514172745e-07,True
0,0,0.949672520160675,0.2309378981590271,0.23093490302562714,2.995133399963379e-06,0.949672520160675,2.4780206331342924e-07,0.039296556264162064,1.0459344679247806e-07,0.009687918238341808,2.6666480579251584e-08,0.0005479123792611063,1.3166176482393155e-10,0.0007950753788463771,2.273785326689648e-10,True
0,0,0.9657333493232727,0.17345018684864044,0.1734495311975479,6.556510925292969e-07,0.9657333493232727,3.476310794781057e-08,0.02521291933953762,1.3178096835986253e-08,0.00783631857484579,5.50734835513822e-09,0.0004782298638019711,2.327296515225452e-11,0.0007391697727143764,4.34083498312976e-11,True
0,0,0.9616676568984985,0.18669140338897705,0.18668952584266663,1.8775463104248047e-06,0.9616676568984985,1.134863438778666e-07,0.02990770898759365,3.962644967714368e-08,0.00736538041383028,1.4781011969944302e-08,0.00041936320485547185,7.776495419831164e-11,0.0006398513214662671,1.5115504681251224e-10,True
0,0,0.9356842041015625,0.278633177280426,0.2786314785480499,1.6987323760986328e-06,0.9356842041015625,1.7347173297821428e-07,0.05027730390429497,6.823086806662104e-08,0.012388759292662144,2.329400672351767e-08,0.000694893067702651,1.0870738337276364e-10,0.0009549325332045555,1.662671111901659e-10,True
0,0,0.8928878903388977,0.42248135805130005,0.42247840762138367,2.950429916381836e-06,0.8928878903388977,4.65579518049708e-07,0.0736929252743721,1.0871016797864286e-07,0.029205461964011192,1.0221278756716856e-07,0.0019041721243411303,7.34816985037412e-10,0.002309543313458562,9.102682496653358e-10,True
0,0,0.9736733436584473,0.13666227459907532,0.13666175305843353,5.21540641784668e-07,0.9736733436584473,2.2589816239815264e-08,0.021397653967142105,1.0788460791388843e-08,0.004323860164731741,2.2100044017037135e-09,0.0002281949418829754,8.398169312751058e-12,0.0003769479808397591,1.8852027577898056e-11,True
0,0,0.9577165842056274,0.19600573182106018,0.1960047334432602,9.98377799987793e-07,0.9577165842056274,6.611122671529301e-08,0.035784151405096054,3.215933475075872e-08,0.005785593297332525,4.884184168219008e-09,0.00028245721478015184,1.9970192166596235e-11,0.0004311650700401515,3.968801676190736e-11,True
0,0,0.9419786334037781,0.27194395661354065,0.27194270491600037,1.2516975402832031e-06,0.9419786334037781,1.1752194950531702e-07,0.035108596086502075,2.4466453751870176e-08,0.01967952772974968,2.8915119187900018e-08,0.0013747973134741187,2.461757186988933e-10,0.0018584606004878879,3.930169800714367e-10,True
0,0,0.9503509402275085,0.23083621263504028,0.2308352291584015,9.834766387939453e-07,0.9503509402275085,7.463694373655017e-08,0.03761405497789383,2.7025841120575933e-08,0.010411053895950317,1.117386361215722e-08,0.0006589998374693096,7.302662641262003e-11,0.0009649336570873857,1.329916593517666e-10,True
0,0,0.9198045134544373,0.33080852031707764,0.33080601692199707,2.5033950805664062e-06,0.9198045134544373,3.195907538611209e-07,0.06111839413642883,1.2563445750402025e-07,0.01715099811553955,4.5111956836763056e-08,0.0008523415890522301,1.6914206146800836e-10,0.0010738129494711757,2.208634247713448e-10,True
0,0,0.9783473014831543,0.12013031542301178,0.12012989819049835,4.172325134277344e-07,0.9783473014831543,1.5058704505577225e-08,0.01602812670171261,4.819380006182428e-09,0.0046063316985964775,2.0605710471244265e-09,0.0003640826034825295,2.1315645429287322e-11,0.0006541789625771344,5.914316258959218e-11,True
2,0,0.9243099093437195,0.3305996060371399,0.3305974304676056,2.175569534301758e-06,0.9243099093437195,2.4444602786388714e-07,0.048328131437301636,5.3346411732491106e-08,0.023823922500014305,6.340074065747103e-08,0.0015563411870971322,3.8342481967212905e-10,0.001981656067073345,5.025400651170742e-10,False
0,0,0.9435210227966309,0.2445792257785797,0.24457859992980957,6.258487701416016e-07,0.9435210227966309,5.490963062015908e-08,0.04798337444663048,2.876195992485009e-08,0.007589828222990036,5.01959274146202e-09,0.00037053340929560363,2.102603507969647e-11,0.0005353204905986786,3.787936631027833e-11,True
0,0,0.9195274710655212,0.3326261043548584,0.33262261748313904,3.4868717193603516e-06,0.9195274710655212,4.1678978845993697e-07,0.060761965811252594,1.4139565962523193e-07,0.017689362168312073,6.704566146709112e-08,0.0008960108389146626,3.011690896670416e-10,0.0011251703836023808,4.052542745824894e-10,True
0,0,0.9367755055427551,0.28539401292800903,0.28539183735847473,2.175569534301758e-06,0.9367755055427551,2.062092505639157e-07,0.04264652729034424,4.582251378337787e-08,0.017911618575453758,4.7576822481687486e-08,0.001141173648647964,3.065230846921452e-10,0.0015251756412908435,4.515775253732812e-10,True
0,0,0.9513692855834961,0.24097764492034912,0.24097569286823273,1.952052116394043e-06,0.9513692855834961,1.535321700885106e-07,0.026163781061768532,1.8306588245309285e-08,0.01859576627612114,4.9818130065659716e-08,0.0015923063037917018,4.936373532160587e-10,0.0022789270151406527,8.056276756818193e-10,True
0,0,0.9577062726020813,0.21159058809280396,0.21158991754055023,6.705522537231445e-07,0.9577062726020813,4.848200774176803e-08,0.026766642928123474,1.2180390918103967e-08,0.012990628369152546,1.0810516926085256e-08,0.0010146236745640635,8.581317600953042e-11,0.0015218764310702682,1.5693904509284096e-10,True
1,2,0.5607015490531921,0.8849393129348755,0.8848966956138611,4.26173210144043e-05,0.020949257537722588,1.6931134894093702e-07,0.3913937211036682,1.7386799299856648e-05,0.5607015490531921,1.6895370208658278e-05,0.020354345440864563,1.1920846532120777e-07,0.006601113826036453,1.0389971549784605e-08,False
0,0,0.958713710308075,0.20428958535194397,0.20428846776485443,1.1175870895385742e-06,0.958713710308075,6.335525171152767e-08,0.028086883947253227,1.0898790314683993e-08,0.0114260483533144,1.711650732261205e-08,0.0007232536445371807,1.2105853819388557e-10,0.0010500849457457662,2.218821099075896e-10,True
0,0,0.9462884068489075,0.2394867241382599,0.2394852638244629,1.4603137969970703e-06,0.9462884068489075,1.2139089733409492e-07,0.0437505804002285,5.355573762244603e-08,0.008779220283031464,1.302210606013432e-08,0.00048136888653971255,6.773698962847519e-11,0.0007004115614108741,1.2278449090796784e-10,True
0,0,0.9266555905342102,0.31286248564720154,0.31286150217056274,9.834766387939453e-07,0.9266555905342102,1.0182466780861432e-07,0.05441184714436531,2.8645715133279737e-08,0.016557980328798294,2.0308696946358396e-08,0.001017733826301992,1.2339909649661251e-10,0.001356890075840056,1.8018950220799468e-10,True
0,0,0.9693587422370911,0.15264326333999634,0.1526423990726471,8.642673492431641e-07,0.9693587422370911,4.579468537713183e-08,0.02572612836956978,2.4710836044050666e-08,0.004328718408942223,3.0896796232582346e-09,0.00022298090334516019,1.2379391782502136e-11,0.00036344185355119407,2.7281177317206584e-11,True
0,0,0.9789634943008423,0.11878093332052231,0.11878011375665665,8.195638656616211e-07,0.9789634943008423,3.064712572609096e-08,0.014246905222535133,9.251048815883678e-09,0.005787970032542944,5.3867932336970625e-09,0.0003769088943954557,3.597896286455793e-11,0.0006247905548661947,8.276550972352581e-11,True
0,0,0.9622020721435547,0.19021597504615784,0.19021475315093994,1.2218952178955078e-06,0.9622020721435547,7.221760256470589e-08,0.026262152940034866,1.8599063622559697e-08,0.00978714507073164,1.3495921713513326e-08,0.0006909139337949455,1.1084543699579896e-10,0.001057693618349731,2.1887432144485075e-10,True
0,0,0.7701499462127686,0.6930508017539978,0.6930381059646606,1.2695789337158203e-05,0.7701499462127686,3.842009391519241e-06,0.1706216037273407,1.1291404007351957e-06,0.053498487919569016,7.16317742899264e-07,0.002851987723261118,3.0478617407680986e-09,0.0028780405409634113,2.4263060449669638e-09,True
2,2,0.3639460802078247,1.2290186882019043,1.2289808988571167,3.7789344787597656e-05,0.26141783595085144,7.64966807764722e-06,0.33858656883239746,2.807587861752836e-06,0.3639460802078247,1.1778140105889179e-05,0.02229893021285534,1.3770704754278995e-07,0.013750589452683926,4.4301721402462135e-08,True
0,0,0.937929093837738,0.2717844247817993,0.2717836797237396,7.450580596923828e-07,0.937929093837738,7.596430862122361e-08,0.048173174262046814,2.8890209335941108e-08,0.012262698262929916,1.0641389991405958e-08,0.0006871864898130298,6.162632210093832e-11,0.0009479476138949394,1.0343770284748643e-10,True
0,0,0.9784598350524902,0.11965125799179077,0.11965038627386093,8.717179298400879e-07,0.9784598350524902,3.2352954093539665e-08,0.015633871778845787,1.0437181785505345e-08,0.005043824668973684,4.672237707836757e-09,0.00032028142595663667,3.0648452525872116e-11,0.0005422100657597184,7.455416839441398e-11,True
0,0,0.974744975566864,0.12915031611919403,0.129149928689003,3.8743019104003906e-07,0.974744975566864,1.3401868059759181e-08,0.02197173424065113,7.289447268021831e-09,0.0028544520027935505,8.929684214287192e-10,0.00015391316264867783,4.483440962238516e-12,0.000274876831099391,1.2436507552948672e-11,True
1,0,0.9772328734397888,0.1264411211013794,0.12644062936306,4.917383193969727e-07,0.9772328734397888,1.8027904502559977e-08,0.015927964821457863,5.2495363611626544e-09,0.005666559096425772,3.4387348524234085e-09,0.00043009413639083505,2.9076048860265935e-11,0.000742571777664125,7.200963436648777e-11,False
0,0,0.9639480710029602,0.18050315976142883,0.18050207197666168,1.087784767150879e-06,0.9639480710029602,6.359690729595968e-08,0.02645806409418583,2.0990384541619278e-08,0.008392084389925003,9.9578549850321e-09,0.00048226580838672817,5.551591478192286e-11,0.0007195136859081686,1.0613450396323998e-10,True
0,0,0.9327123761177063,0.3030451536178589,0.30304405093193054,1.1026859283447266e-06,0.9327123761177063,1.0390415638994455e-07,0.04198640212416649,2.573371915559619e-08,0.02205035090446472,2.8009795371986e-08,0.0014174362877383828,1.923616543830775e-10,0.0018334410851821303,2.828853540304266e-10,True
0,0,0.8264557123184204,0.6346899271011353,0.6346710324287415,1.8894672393798828e-05,0.8264557123184204,4.3903237383347005e-06,0.05717857554554939,5.741556918792412e-08,0.09809661656618118,2.384146910117124e-06,0.008864471688866615,4.06873255087703e-08,0.00940466858446598,4.064262526526363e-08,True
2,2,0.7166380882263184,0.9616638422012329,0.9616515040397644,1.233816146850586e-05,0.0779031366109848,1.3254789337224793e-06,0.028632724657654762,8.519742067392144e-08,0.7166380882263184,5.089260071144963e-07,0.11243817955255508,4.2163887314927706e-07,0.06438788026571274,9.27538437167641e-08,True
0,0,0.883108913898468,0.4477655291557312,0.4477638304233551,1.6987323760986328e-06,0.883108913898468,2.455291507885704e-07,0.08106211572885513,8.644973092941655e-08,0.03192151337862015,5.781731360343656e-08,0.0018131500110030174,3.1777075415462264e-10,0.002094278810545802,3.675820203774549e-10,True
2,2,0.691969096660614,0.9177204370498657,0.9176965951919556,2.384185791015625e-05,0.02468549646437168,2.2798758436692879e-07,0.2045632153749466,5.496342055266723e-06,0.691969096660614,4.341806743468624e-06,0.05669012293219566,3.37755324153477e-07,0.022092128172516823,4.30860502831365e-08,True
0,0,0.9693247675895691,0.15511614084243774,0.15511536598205566,7.748603820800781e-07,0.9693247675895691,4.26208686121754e-08,0.024816080927848816,2.1410201611615776e-08,0.004972502123564482,2.9844045013049936e-09,0.000328921276377514,2.0464994282543003e-11,0.000557736202608794,4.933246866567487e-11,True
0,0,0.9231295585632324,0.318484365940094,0.3184824287891388,1.9371509552001953e-06,0.9231295585632324,1.9813680296465463e-07,0.06027010828256607,6.933527885166768e-08,0.014657318592071533,3.2138665062575456e-08,0.0008329881238751113,1.9853499400035446e-10,0.0011100237024948,3.117638647243126e-10,True
0,0,0.7814880609512329,0.7248886823654175,0.7248721718788147,1.6510486602783203e-05,0.7814880609512329,4.229304522596067e-06,0.11943157017230988,2.3915094971016515e-07,0.08535966277122498,1.8593331105876132e-06,0.006763114128261805,2.0603785344519565e-08,0.00695758406072855,1.803177518411303e-08,True
0,0,0.9451219439506531,0.25894808769226074,0.25894665718078613,1.430511474609375e-06,0.9451219439506531,1.2609493182935694e-07,0.03494444489479065,3.173130735945051e-08,0.0169866643846035,2.684321920298771e-08,0.001231467118486762,1.945214961329711e-10,0.0017154539236798882,3.04040431720054e-10,True
0,0,0.9674976468086243,0.16254065930843353,0.1625397652387619,8.940696716308594e-07,0.9674976468086243,4.8596291435387684e-08,0.026207054033875465,2.2162268464853696e-08,0.0053748334757983685,4.26571888922922e-09,0.0003466281923465431,2.501475936111941e-11,0.0005738453473895788,5.5537949239514717e-11,True
0,0,0.9838146567344666,0.08902080357074738,0.08902039378881454,4.0978193283081055e-07,0.9838146567344666,1.1662325327677081e-08,0.014498844742774963,7.423950787455169e-09,0.0014577899128198624,3.999250652864106e-10,7.636934606125578e-05,1.9843217780729505e-12,0.00015234742022585124,6.889258261089104e-12,True
0,0,0.9699342846870422,0.15631642937660217,0.15631571412086487,7.152557373046875e-07,0.9699342846870422,3.6774288503238495e-08,0.02196655608713627,1.2922859227160188e-08,0.007048503495752811,5.262773328240655e-09,0.0004106083943042904,3.0077811769002594e-11,0.0006400718702934682,6.284617964924522e-11,True
0,0,0.9706168174743652,0.1580425500869751,0.15804147720336914,1.0728836059570312e-06,0.9706168174743652,4.53225368346466e-08,0.018731191754341125,7.849286554062473e-09,0.008774028159677982,1.174925934321891e-08,0.0007166147115640342,1.3101658646874625e-10,0.0011613141978159547,2.921766439900608e-10,True
0,0,0.8626896739006042,0.5206195116043091,0.5206115245819092,7.987022399902344e-06,0.8626896739006042,1.434837827218871e-06,0.07884827256202698,1.6591654627973185e-07,0.051219310611486435,5.402962415246293e-07,0.0034462870098650455,4.333362113584371e-09,0.00379640213213861,4.4950838606894195e-09,True
0,0,0.9613632559776306,0.18787966668605804,0.1878785341978073,1.1324882507324219e-06,0.9613632559776306,6.71706175126019e-08,0.029877884313464165,2.377816876730776e-08,0.007822026498615742,9.712365134362244e-09,0.0003819545672740787,3.581513557948668e-11,0.0005548318149521947,6.156385123912145e-11,True
2,2,0.7681841850280762,0.7846246957778931,0.7846002578735352,2.4437904357910156e-05,0.004246458411216736,2.4352367233859695e-08,0.053036291152238846,1.5265508181983023e-06,0.7681841850280762,2.2771546070998738e-07,0.130654975771904,1.8670227746042656e-06,0.04387807473540306,1.0740254197116883e-07,True
0,0,0.9615597724914551,0.18039840459823608,0.1803979128599167,4.917383193969727e-07,0.9615597724914551,3.4323374364930714e-08,0.03336062654852867,2.0546009338318072e-08,0.004405801650136709,1.7363738225029124e-09,0.00025377338170073926,8.574160478835857e-12,0.0004200790135655552,1.9415890770146937e-11,True
2,0,0.9517443776130676,0.22921337187290192,0.22921247780323029,8.940696716308594e-07,0.9517443776130676,6.078349201743549e-08,0.03414539620280266,1.59425255219503e-08,0.012271442450582981,1.2233425827901101e-08,0.0007582228863611817,8.063015533021911e-11,0.0010805001948028803,1.4131366909975185e-10,False
0,2,0.7092317342758179,0.9458328485488892,0.9458156824111938,1.71661376953125e-05,0.017650557681918144,1.7513801253699057e-07,0.06009955331683159,8.534094035894668e-07,0.7092317342758179,1.9099680059753155e-07,0.14618200063705444,1.379400941914355e-06,0.06683623045682907,1.7636689619848767e-07,False
0,0,0.9295576214790344,0.3009437918663025,0.3009417951107025,1.996755599975586e-06,0.9295576214790344,2.0593755323261576e-07,0.05366123467683792,6.847117361985511e-08,0.01478403527289629,3.24857758471353e-08,0.0008540672133676708,1.5925158414198393e-10,0.001143016736023128,2.308600532963112e-10,True
0,0,0.963731586933136,0.18659459054470062,0.1865936666727066,9.238719940185547e-07,0.963731586933136,5.632741917338535e-08,0.02303745225071907,1.5642063644349946e-08,0.011258450336754322,1.1589029291769748e-08,0.000789171492215246,9.950011647941182e-11,0.0011833973694592714,1.952116246428659e-10,True
0,0,0.8775061964988708,0.4735904932022095,0.47358542680740356,5.066394805908203e-06,0.8775061964988708,9.035562698045396e-07,0.07780756801366806,1.5201351288851583e-07,0.03884667158126831,2.6106027917194297e-07,0.0026917404029518366,1.647672664972788e-09,0.0031478838063776493,1.7102894656062517e-09,True
0,0,0.9340879321098328,0.27696919441223145,0.27696776390075684,1.430511474609375e-06,0.9340879321098328,1.3569083989750652e-07,0.055168259888887405,7.19368955515165e-08,0.009486863389611244,1.2087359557710897e-08,0.0005187054048292339,7.678531421806412e-11,0.0007383028278127313,1.431795515483003e-10,True
0,0,0.9350425601005554,0.29696571826934814,0.2969643473625183,1.3709068298339844e-06,0.9350425601005554,1.4087547128838196e-07,0.03909675031900406,3.5539652998295423e-08,0.02225819230079651,3.185955321782785e-08,0.0015552359400317073,2.4366217377114197e-10,0.002047218382358551,3.485596811181324e-10,True
0,0,0.9641775488853455,0.17856213450431824,0.17856132984161377,8.046627044677734e-07,0.9641775488853455,4.841728440396764e-08,0.027059270069003105,1.7261776008581364e-08,0.007604534272104502,6.836644139696091e-09,0.0004556070198304951,3.910688092800818e-11,0.0007031088462099433,7.777011673537615e-11,True
0,0,0.9183608293533325,0.337494820356369,0.33749279379844666,2.0265579223632812e-06,0.9183608293533325,2.596314914171671e-07,0.061647679656744,9.146559420969425e-08,0.017471229657530785,3.5970980860611235e-08,0.0010868407553061843,2.6940133457387105e-10,0.0014334730803966522,4.165675582257222e-10,True
0,0,0.9664272665977478,0.17017965018749237,0.17017893493175507,7.152557373046875e-07,0.9664272665977478,4.123632990626902e-08,0.025078892707824707,1.634054491717052e-08,0.007302282843738794,5.499618982440779e-09,0.00046363036381080747,3.6020911947654e-11,0.000727975566405803,7.672947693881937e-11,True
0,0,0.982081413269043,0.10103736817836761,0.10103680938482285,5.587935447692871e-07,0.982081413269043,1.8392240619391487e-08,0.01411449071019888,7.753565789414552e-09,0.0032461415976285934,1.802721749655234e-09,0.000198428169824183,1.0547086641554682e-11,0.0003595978196244687,2.9090058487057924e-11,True
0,0,0.9615508913993835,0.18763436377048492,0.18763327598571777,1.087784767150879e-06,0.9615508913993835,6.103203986640438e-08,0.029754484072327614,2.2525091125658037e-08,0.00757245859131217,8.889903924114151e-09,0.0004443701764103025,4.431868760867985e-11,0.0006777890375815332,8.342321278220766e-11,True
0,0,0.9694294929504395,0.15108641982078552,0.15108583867549896,5.811452865600586e-07,0.9694294929504395,3.065688147785295e-08,0.026237815618515015,1.7435224819450923e-08,0.003828833345323801,1.7782397776500147e-09,0.0001897637703223154,7.859862934112005e-12,0.00031409450457431376,1.907460994710064e-11,True
1,0,0.91596919298172,0.34943294525146484,0.34943076968193054,2.175569534301758e-06,0.91596919298172,2.729930486111698e-07,0.060296859592199326,8.688153485536532e-08,0.020792653784155846,4.9976119242955974e-08,0.0012880646390840411,2.60384935835134e-10,0.0016532306326553226,3.429462269721739e-10,False
0,0,0.7493360042572021,0.8027365803718567,0.8027282953262329,8.285045623779297e-06,0.7493360042572021,2.5206045393133536e-06,0.08682309836149216,6.52380620635995e-08,0.14258240163326263,1.5481774653380853e-06,0.010984725318849087,1.6410753644890974e-08,0.010273799300193787,1.1914387698652718e-08,True
1,0,0.5656939744949341,1.0770435333251953,1.0770257711410522,1.7762184143066406e-05,0.5656939744949341,7.0631044764013495e-06,0.13209711015224457,8.944207507965984e-08,0.2696000039577484,5.370433882490033e-06,0.018326764926314354,4.8268560703945695e-08,0.014282179065048695,2.3298555973383372e-08,False
0,0,0.9270173907279968,0.31237372756004333,0.3123718798160553,1.8477439880371094e-06,0.9270173907279968,2.1107804570874578e-07,0.053248774260282516,6.862276791252953e-08,0.01750299707055092,3.776876056349465e-08,0.0009726922144182026,1.6856825657551866e-10,0.0012581851333379745,2.337309512601138e-10,True
2,2,0.8165687918663025,0.6220282316207886,0.6220216751098633,6.556510925292969e-06,0.0008959604310803115,3.6769925992885533e-10,0.016940630972385406,7.583224004292788e-08,0.8165687918663025,7.534524684160715e-07,0.13208045065402985,8.915629905459355e-07,0.033514175564050674,4.2471043570913025e-08,True
3,0,0.9590029716491699,0.18988695740699768,0.18988589942455292,1.0579824447631836e-06,0.9590029716491699,7.473921925793547e-08,0.03522481396794319,4.3294551943517945e-08,0.00524290231987834,4.179981694107937e-09,0.00021256304171402007,1.1646440756241105e-11,0.0003167665272485465,2.2056226636757437e-11,False
0,0,0.7707088589668274,0.6972705125808716,0.6972665786743164,3.933906555175781e-06,0.7707088589668274,1.1366721537342528e-06,0.16613538563251495,3.336588747515634e-07,0.05718797445297241,2.3915148972264433e-07,0.00299088261090219,1.153077966442595e-09,0.002976971445605159,9.609629758600136e-10,True
2,2,0.7522552013397217,0.7873974442481995,0.7873815298080444,1.5914440155029297e-05,0.013799959793686867,6.41604245288363e-08,0.169199138879776,3.4398890420561656e-06,0.7522552013397217,2.3826908090995857e-06,0.04865873605012894,2.0579300041845272e-07,0.016086949035525322,1.67870695122474e-08,True
2,3,0.6843875646591187,0.8401201963424683,0.8401027917861938,1.7404556274414062e-05,7.139439048842178e-07,1.6630830174848145e-15,3.123645001323894e-05,1.8125848044725501e-12,0.1775089055299759,5.121369667904219e-06,0.6843875646591187,5.328748102328973e-06,0.13807161152362823,5.567152783214624e-08,False
0,0,0.9572105407714844,0.20521892607212067,0.20521841943264008,5.066394805908203e-07,0.9572105407714844,3.30456266794954e-08,0.032486893236637115,1.656646730907596e-08,0.00896059162914753,4.321508928484263e-09,0.0005397364730015397,3.036272969159093e-11,0.0008022767724469304,6.118782563957481e-11,True
0,0,0.956945538520813,0.21098414063453674,0.21098342537879944,7.152557373046875e-07,0.956945538520813,4.939363762446192e-08,0.029110971838235855,1.0268128569634882e-08,0.012237908318638802,1.2399318016775851e-08,0.0007077253540046513,7.346580288558613e-11,0.0009979220340028405,1.2752252032122158e-10,True
0,0,0.8383766412734985,0.5379023551940918,0.5378986597061157,3.6954879760742188e-06,0.8383766412734985,9.305205708187714e-07,0.12781886756420135,4.418498633640411e-07,0.030651286244392395,9.269478340456772e-08,0.001500457408837974,3.6058911412339967e-10,0.0016528867417946458,3.671028203644511e-10,True
0,1,0.4647582471370697,1.0949957370758057,1.0949734449386597,2.2292137145996094e-05,0.13104359805583954,1.9190890725440113e-06,0.4647582471370697,3.7483002870430937e-06,0.38016101717948914,7.740699402347673e-06,0.01605432666838169,4.409826459550459e-08,0.007982831448316574,9.130713962690606e-09,False
0,0,0.8810190558433533,0.4599044919013977,0.4599014222621918,3.069639205932617e-06,0.8810190558433533,5.282966526465316e-07,0.0779622420668602,9.609673412569464e-08,0.036124151200056076,1.3857427916263987e-07,0.002267928794026375,9.142605561507366e-10,0.002626600908115506,1.0207517053828497e-09,True
0,0,0.8797733187675476,0.44201213121414185,0.4420083165168762,3.814697265625e-06,0.8797733187675476,6.725068715240923e-07,0.09381693601608276,2.2995922677182534e-07,0.023437216877937317,9.544337586930851e-08,0.001342868315987289,5.401505909219395e-10,0.0016296716639772058,6.678215203059779e-10,True
2,2,0.7826560139656067,0.7420638799667358,0.7420468330383301,1.704692840576172e-05,0.0032978614326566458,1.0562366981048399e-08,0.042267847806215286,7.212343007267918e-07,0.7826560139656067,5.862664806954854e-07,0.1301717907190323,1.5920268197078258e-06,0.04160647094249725,1.0851508847053992e-07,True
2,3,0.7493166923522949,0.7368135452270508,0.7367945909500122,1.895427703857422e-05,8.591397460122607e-08,3.0833160641636557e-17,9.384791155753192e-06,2.1354962340559142e-13,0.12939511239528656,4.224680651532253e-06,0.7493166923522949,4.747611910715932e-06,0.121278777718544,1.0258572302745961e-07,False
1,0,0.9425935745239258,0.2491336613893509,0.24913273751735687,9.238719940185547e-07,0.9425935745239258,9.25223915260176e-08,0.048101700842380524,5.011827397538582e-08,0.008278240449726582,6.297309340652646e-09,0.00042153382673859596,2.639253746106185e-11,0.0006049551884643734,4.593345148684591e-11,False
0,0,0.9547263979911804,0.2256532460451126,0.22565226256847382,9.834766387939453e-07,0.9547263979911804,5.910239408990492e-08,0.026185674592852592,1.013742956246233e-08,0.016027046367526054,1.813674543882371e-08,0.0012528285151347518,1.896452023197881e-10,0.0018080199370160699,3.396613268424886e-10,True
0,0,0.9803296327590942,0.10317731648683548,0.10317691415548325,4.023313522338867e-07,0.9803296327590942,1.587499554034366e-08,0.017990780994296074,1.0717146281535861e-08,0.0015008728951215744,5.151978843542793e-10,6.221948569873348e-05,1.3889291192864528e-12,0.00011657129653031006,4.027746886015038e-12,True
1,2,0.709020733833313,0.8313423991203308,0.8313132524490356,2.9146671295166016e-05,0.013970260508358479,7.793292411406583e-08,0.2202138900756836,8.40582561068004e-06,0.709020733833313,6.05000559517066e-06,0.042772747576236725,3.1421745916304644e-07,0.014022457413375378,2.7177984307513725e-08,False
2,2,0.7288759350776672,0.7690105438232422,0.7689897418022156,2.0802021026611328e-05,0.0005278008175082505,4.97897167939243e-10,0.011462144553661346,1.1826170265294422e-07,0.7288759350776672,4.8302517825504765e-06,0.204582080245018,4.6683967411809135e-06,0.05455206707119942,1.6807314295874676e-07,True
2,2,0.63303142786026,0.8640375137329102,0.8640213012695312,1.621246337890625e-05,0.0001612565538380295,3.1748149248445046e-11,0.004465943668037653,1.3716936031471505e-08,0.63303142786026,6.662925898126559e-06,0.289970725774765,5.204133685765555e-06,0.07237067073583603,2.0196554828544322e-07,True
3,3,0.8749973177909851,0.4379773437976837,0.4379699230194092,7.420778274536133e-06,1.8519197286792632e-10,2.492432661989947e-22,6.710543232202326e-08,2.0000115480788938e-17,0.02404296211898327,2.9534260193031514e-07,0.8749973177909851,9.652269454818452e-07,0.10095959156751633,2.2308610425625375e-07,True
1,2,0.5037535429000854,0.9595202207565308,0.9595077633857727,1.245737075805664e-05,0.042939431965351105,2.5960196126106894e-07,0.42569732666015625,3.8050420698709786e-06,0.5037535429000854,4.754902874992695e-06,0.01997855119407177,2.8145048958094776e-08,0.00763115007430315,3.430155937067525e-09,False
2,2,0.8061732649803162,0.6712760925292969,0.6712657809257507,1.0311603546142578e-05,0.0018798366654664278,2.733332005178113e-09,0.029991120100021362,3.0291280950223154e-07,0.8061732649803162,4.659400758555421e-07,0.12597452104091644,1.0239123184874188e-06,0.035981278866529465,4.896860872349862e-08,True
0,0,0.9443424344062805,0.26157355308532715,0.2615722417831421,1.3113021850585938e-06,0.9443424344062805,1.20807087000685e-07,0.03518831357359886,2.450595282255108e-08,0.01765393279492855,2.9269017431943212e-08,0.0011931934859603643,1.9936005624110464e-10,0.0016221761470660567,3.043483243203582e-10,True
0,0,0.9674798846244812,0.16689926385879517,0.16689831018447876,9.5367431640625e-07,0.9674798846244812,5.21105754103246e-08,0.02367514930665493,1.6292922566663037e-08,0.007581484504044056,8.30082758085382e-09,0.0004909739946015179,5.635614891419394e-11,0.0007725483737885952,1.1822220979951226e-10,True
0,0,0.9841371774673462,0.08742692321538925,0.0874265655875206,3.5762786865234375e-07,0.9841371774673462,1.0564043861904793e-08,0.014269682578742504,6.734726110124711e-09,0.0013703060103580356,4.3772532820618437e-10,7.355146226473153e-05,2.0046488340835777e-12,0.00014937004016246647,6.937444976123919e-12,True
0,0,0.9519948959350586,0.22855564951896667,0.2285548746585846,7.748603820800781e-07,0.9519948959350586,5.7092272243153275e-08,0.03352327644824982,1.8521408406968476e-08,0.012718068435788155,1.1931910570694981e-08,0.000737357942853123,7.769276194613539e-11,0.0010264693992212415,1.3476324223216096e-10,True
2,2,0.6902210116386414,0.8066698312759399,0.8066547513008118,1.5079975128173828e-05,0.0002466644800733775,7.288830650153955e-11,0.007408855017274618,3.6024200511519666e-08,0.6902210116386414,4.869452368438942e-06,0.24199819564819336,4.115766387258191e-06,0.060125257819890976,1.5180742707343597e-07,True
0,0,0.9568583369255066,0.21110966801643372,0.2111087292432785,9.387731552124023e-07,0.9568583369255066,4.8347875036824917e-08,0.03001457266509533,1.1785316722523476e-08,0.011190113611519337,1.2404522742315294e-08,0.0007795747369527817,9.937445311081206e-11,0.0011573713272809982,1.9468519851795207e-10,True
0,0,0.9459379315376282,0.24351780116558075,0.243516206741333,1.5944242477416992e-06,0.9459379315376282,1.373694402673209e-07,0.0425407700240612,5.767810051793276e-08,0.010123222135007381,1.4698190220485685e-08,0.0005743088549934328,7.461398859875956e-11,0.0008236937574110925,1.2983704389402106e-10,True
0,0,0.9429270029067993,0.2461656630039215,0.24616380035877228,1.862645149230957e-06,0.9429270029067993,1.8870319706820737e-07,0.04861557111144066,1.080275211506887e-07,0.007590095978230238,9.710499959680874e-09,0.0003566477680578828,3.5809941817399604e-11,0.0005107019678689539,6.222736909089477e-11,True
0,0,0.8925285339355469,0.4345475733280182,0.43454524874687195,2.3245811462402344e-06,0.8925285339355469,3.626107059062633e-07,0.0633988007903099,6.888220838163761e-08,0.038488078862428665,1.0597229049835732e-07,0.002573674311861396,7.677929403371309e-10,0.0030108795035630465,8.776561144507866e-10,True
2,2,0.7262542247772217,0.766922116279602,0.7669098377227783,1.2278556823730469e-05,0.0003672018356155604,1.963723628151115e-10,0.010753235779702663,7.345895625121557e-08,0.7262542247772217,2.720884822338121e-06,0.2097918540239334,2.810309752021567e-06,0.052833523601293564,7.182655537008031e-08,True
0,0,0.9595361948013306,0.19784218072891235,0.19784139096736908,7.897615432739258e-07,0.9595361948013306,5.0948099072911646e-08,0.029642416164278984,1.5738452319169483e-08,0.009491621516644955,8.336272117048793e-09,0.0005387927521951497,4.455440530404253e-11,0.0007909538107924163,8.325631850603088e-11,True
3,2,0.7977654337882996,0.6994130611419678,0.6994072198867798,5.841255187988281e-06,0.0017935819923877716,1.001390637078714e-09,0.0411837138235569,2.12384463793569e-07,0.7977654337882996,3.8731295148863865e-07,0.1242581382393837,5.680576009581273e-07,0.03499911352992058,4.646294726740052e-08,False
0,0,0.9660807847976685,0.16551440954208374,0.16551372408866882,6.854534149169922e-07,0.9660807847976685,4.1947838980149754e-08,0.028547896072268486,2.3082691313902615e-08,0.004655908327549696,2.654979125438217e-09,0.00026933394838124514,1.3139685520191513e-11,0.00044608963071368635,2.992747369368054e-11,True
1,2,0.5967678427696228,0.8975481390953064,0.8975244760513306,2.3663043975830078e-05,0.02256983146071434,1.4378439061601966e-07,0.3458135724067688,8.660322237119544e-06,0.5967678427696228,8.724266081117094e-06,0.02601168490946293,7.986314187746757e-08,0.008837111294269562,8.201642032190648e-09,False
0,0,0.9554145932197571,0.22024309635162354,0.22024241089820862,6.854534149169922e-07,0.9554145932197571,5.5928477848965485e-08,0.027671663090586662,1.0204763256638216e-08,0.01456954050809145,1.526669457518892e-08,0.000971370202023536,9.183700327985989e-11,0.0013729261700063944,1.4591858277235303e-10,True
0,0,0.9732066988945007,0.14053134620189667,0.14053089916706085,4.470348358154297e-07,0.9732066988945007,2.2586567283156e-08,0.020946992561221123,1.0825170981831889e-08,0.004963818471878767,1.8542399837784274e-09,0.0003271725436206907,9.767890489509323e-12,0.0005553224473260343,2.248348208999662e-11,True
0,0,0.7564040422439575,0.7863578796386719,0.7863520979881287,5.781650543212891e-06,0.7564040422439575,1.7507194343124866e-06,0.09727328270673752,8.293048381347035e-08,0.1282241940498352,9.658313047111733e-07,0.009318308904767036,8.580195220986297e-09,0.00878022238612175,6.394290874567332e-09,True
0,0,0.9801282286643982,0.10338051617145538,0.10338013619184494,3.7997961044311523e-07,0.9801282286643982,1.6599116747784137e-08,0.01841495744884014,1.2186978537442883e-08,0.0012876609107479453,3.490419897556052e-10,5.729229815187864e-05,1.0835290997768254e-12,0.00011194144462933764,3.441259430192467e-12,True
0,0,0.9667688608169556,0.17392554879188538,0.17392437160015106,1.1771917343139648e-06,0.9667688608169556,5.6779029478093435e-08,0.02149905636906624,9.618926100074532e-09,0.009796690195798874,1.5262651587022447e-08,0.0007541539380326867,1.3499705520114702e-10,0.0011812311131507158,2.7348412423577884e-10,True
0,0,0.9784477353096008,0.11984850466251373,0.11984782665967941,6.780028343200684e-07,0.9784477353096008,2.5731759834002332e-08,0.015529937110841274,6.9080932085796576e-09,0.005153058562427759,4.794499020022158e-09,0.0003236224583815783,3.018822691824852e-11,0.0005457548541016877,7.177270583413886e-11,True
0,0,0.9395027160644531,0.2723914682865143,0.27238962054252625,1.8477439880371094e-06,0.9395027160644531,1.6747044639942033e-07,0.043302830308675766,5.178269191219442e-08,0.015043630264699459,3.214961097341984e-08,0.0009123485651798546,1.9859819344603125e-10,0.0012384888250380754,3.1557348401101137e-10,True
0,0,0.9454957842826843,0.262166291475296,0.26216456294059753,1.7285346984863281e-06,0.9454957842826843,1.4550889204656414e-07,0.029084766283631325,1.568328400480823e-08,0.02177322842180729,5.0977003951402367e-08,0.001557741081342101,4.77596018289006e-10,0.0020885083358734846,7.50984885389272e-10,True
2,2,0.5547429919242859,0.9278406500816345,0.9278152585029602,2.5391578674316406e-05,0.0001109104705392383,2.4043586566158126e-11,0.0023293872363865376,6.305400201966904e-09,0.5547429919242859,1.1891731446667109e-05,0.3516790568828583,8.989980415208265e-06,0.09113761782646179,3.258322180954565e-07,True
0,0,0.9731214642524719,0.14376769959926605,0.14376680552959442,8.940696716308594e-07,0.9731214642524719,3.690707828241102e-08,0.019182080402970314,1.2079401479070384e-08,0.006569807417690754,6.331320800967433e-09,0.00042955102981068194,4.050036694902559e-11,0.0006970633985474706,8.776998572379568e-11,True
0,0,0.9495118260383606,0.235956609249115,0.23595595359802246,6.556510925292969e-07,0.9495118260383606,4.8282245757036435e-08,0.03660919889807701,1.735200427788186e-08,0.012178485281765461,7.876527874373096e-09,0.0007066521211527288,4.783754642412319e-11,0.0009938026778399944,8.238090071222004e-11,True
0,0,0.9651269316673279,0.1732662320137024,0.17326505482196808,1.1771917343139648e-06,0.9651269316673279,6.851195877288774e-08,0.027239689603447914,2.6056433455323713e-08,0.0066276490688323975,8.273326912444645e-09,0.0003912488464266062,4.8160520710327503e-11,0.0006145253428258002,1.012838146685624e-10,True
0,0,0.9399215579032898,0.2726163864135742,0.27261459827423096,1.7881393432617188e-06,0.9399215579032898,1.5787391305366327e-07,0.04196910932660103,4.0571741521944205e-08,0.015731671825051308,3.350130128865203e-08,0.0010042883222922683,1.905447050143394e-10,0.0013733613304793835,2.869222082146905e-10,True
1,0,0.672175943851471,0.8722516298294067,0.8722404837608337,1.1146068572998047e-05,0.672175943851471,3.5312959880684502e-06,0.22298136353492737,5.359203782973054e-07,0.09672456234693527,1.3286278317536926e-06,0.00437027495354414,5.305998751481411e-09,0.003747879760339856,3.3086062778409087e-09,False
0,0,0.9360224008560181,0.297818660736084,0.29781219363212585,6.467103958129883e-06,0.9360224008560181,6.271604320318147e-07,0.03547448664903641,5.775727984769219e-08,0.02375292219221592,2.0432872815945302e-07,0.002011197851970792,2.6279152187669297e-09,0.0027390557806938887,4.203863479546044e-09,True
4,2,0.6010076403617859,0.8947786092758179,0.8947332501411438,4.5359134674072266e-05,0.00014957583334762603,9.732327443945366e-11,0.0036915780510753393,3.0404606832235004e-08,0.6010076403617859,1.918632915476337e-05,0.3145539164543152,1.562474608363118e-05,0.08059734106063843,3.947272944060387e-07,False
0,0,0.9828774333000183,0.09975212812423706,0.09975139051675797,7.37607479095459e-07,0.9828774333000183,2.1194187738160508e-08,0.012155439704656601,6.306519306775726e-09,0.004119046963751316,3.2216613821134388e-09,0.00030100197182036936,2.2876334507260232e-11,0.000547034025657922,5.914004702622933e-11,True
0,0,0.906649112701416,0.3612489104270935,0.36124658584594727,2.3245811462402344e-06,0.906649112701416,3.2344573241971375e-07,0.07651633024215698,1.3944989518677176e-07,0.015028650872409344,3.3481764916132306e-08,0.0007869558758102357,1.5282264342886265e-10,0.001018939190544188,2.1589822984946494e-10,True
0,0,0.9542369246482849,0.22067511081695557,0.2206740379333496,1.0728836059570312e-06,0.9542369246482849,7.551687275508812e-08,0.03181080147624016,1.989731046592169e-08,0.012111961841583252,1.655699577440828e-08,0.0007562157697975636,9.80637307468335e-11,0.001084162387996912,1.660813431225705e-10,True
0,0,0.9322860836982727,0.2870115637779236,0.2870085537433624,3.0100345611572266e-06,0.9322860836982727,3.247271820328024e-07,0.05440312251448631,1.4191405739438778e-07,0.01178938802331686,3.385778768461023e-08,0.0006415414973162115,1.50602294524127e-10,0.0008798385388217866,2.3217769373751196e-10,True
0,0,0.9597391486167908,0.1911965310573578,0.1911960244178772,5.066394805908203e-07,0.9597391486167908,3.203741627544332e-08,0.03303004428744316,1.2978441432665022e-08,0.00627204030752182,3.5767258044216987e-09,0.00037256069481372833,2.0670265846178815e-11,0.0005862318794243038,4.33619112838457e-11,True
0,0,0.7690896391868591,0.7459374666213989,0.7459161281585693,2.1338462829589844e-05,0.7690896391868591,5.543777206185041e-06,0.13247141242027283,3.4730754805423203e-07,0.08520699292421341,2.402271775281406e-06,0.00657595694065094,2.4907738094270826e-08,0.0066561088897287846,2.1208597544841723e-08,True
0,0,0.9664182066917419,0.16691069304943085,0.16691023111343384,4.6193599700927734e-07,0.9664182066917419,2.4240671692155047e-08,0.02689487673342228,9.629227193386214e-09,0.005816381424665451,3.19692694539242e-09,0.0003351234772708267,1.9453067628960596e-11,0.0005354879540391266,4.400263833859164e-11,True
0,0,0.9563242197036743,0.20947417616844177,0.2094728797674179,1.296401023864746e-06,0.9563242197036743,8.380001048635677e-08,0.03283825144171715,2.7050129247641053e-08,0.009263078682124615,1.3025919010090092e-08,0.0006243280950002372,1.0190195909309807e-10,0.0009500978630967438,2.0447128712408613e-10,True
0,0,0.9564224481582642,0.20749355852603912,0.20749223232269287,1.3262033462524414e-06,0.9564224481582642,1.0260947647111607e-07,0.03346976265311241,4.0797672795633844e-08,0.00881383940577507,1.183838183038688e-08,0.0005203571054153144,6.388316958760853e-11,0.0007736209663562477,1.182313413838898e-10,True
0,0,0.9704975485801697,0.15486052632331848,0.15486028790473938,2.384185791015625e-07,0.9704975485801697,1.3322194902798401e-08,0.0210704542696476,5.115012413625664e-09,0.007253202144056559,2.02389283110449e-09,0.00045724352821707726,1.0595102052646244e-11,0.0007216234225779772,2.0839538428241156e-11,True
2,0,0.9627054333686829,0.1864680051803589,0.18646763265132904,3.725290298461914e-07,0.9627054333686829,1.7093888970975968e-08,0.026763850823044777,4.841413936418348e-09,0.009149148128926754,3.833013018095244e-09,0.000553253514226526,2.4863047384804382e-11,0.0008282659691758454,4.82208960261854e-11,False
0,0,0.9650534987449646,0.16867130994796753,0.16867032647132874,9.834766387939453e-07,0.9650534987449646,6.861551327119741e-08,0.02975601516664028,4.218994220650529e-08,0.004516277927905321,2.8261719631217375e-09,0.00025460432516410947,1.3291728828690452e-11,0.00041965171112678945,2.9217510355561416e-11,True
0,0,0.9477130174636841,0.25101161003112793,0.2510097920894623,1.817941665649414e-06,0.9477130174636841,1.633301991432745e-07,0.03021830879151821,2.6636865158025103e-08,0.01930554024875164,4.753594495809921e-08,0.001188197871670127,2.2831334045569918e-10,0.0015749589074403048,3.0172545018025687e-10,True
0,0,0.909680962562561,0.3673098087310791,0.367307186126709,2.6226043701171875e-06,0.909680962562561,3.209340775356395e-07,0.06578260660171509,1.0306661124559469e-07,0.02152358554303646,6.401567276270725e-08,0.0013313544914126396,3.5706912426825e-10,0.001681437948718667,4.653357976724948e-10,True
0,0,0.9674742817878723,0.16881805658340454,0.1688169687986374,1.087784767150879e-06,0.9674742817878723,6.109537054044267e-08,0.0224106814712286,1.7576859079326823e-08,0.008618711493909359,1.0217588553018686e-08,0.0005855141789652407,7.597970863582049e-11,0.0009108021040447056,1.5387074947526003e-10,True
1,0,0.8423569798469543,0.5741037130355835,0.5741006135940552,3.0994415283203125e-06,0.8423569798469543,6.509530976472888e-07,0.08763865381479263,8.485224611831654e-08,0.062127768993377686,2.557281106874143e-07,0.0038516779895871878,1.6530161683903088e-09,0.004024974536150694,1.5149618226573125e-09,False
0,0,0.7557975649833679,0.7908130884170532,0.7907769083976746,3.618001937866211e-05,0.7557975649833679,1.0788138752104715e-05,0.09060968458652496,1.2698036755409703e-07,0.13335394859313965,6.342226697597653e-06,0.010351874865591526,7.40923198350174e-08,0.009886914864182472,5.70247316034056e-08,True
0,0,0.9799790382385254,0.10972970724105835,0.10972913354635239,5.736947059631348e-07,0.9799790382385254,1.8586185035474045e-08,0.016306357458233833,8.695772102385035e-09,0.0031259004026651382,1.6147927439646992e-09,0.00020659003348555416,1.0275868697617874e-11,0.00038210759521462023,2.8518312711334204e-11,True
2,2,0.6913874745368958,0.796988844871521,0.7969750761985779,1.3768672943115234e-05,0.00016209660680033267,2.8544966737542588e-11,0.006548003759235144,2.256738085293364e-08,0.6913874745368958,4.776566129294224e-06,0.245144322514534,4.01941633754177e-06,0.05675811693072319,1.1765676788400015e-07,True
0,0,0.9374381303787231,0.2847379148006439,0.28473547101020813,2.4437904357910156e-06,0.9374381303787231,2.217402368387411e-07,0.04095461219549179,4.3410803840515655e-08,0.01872514747083187,6.154677834047106e-08,0.00123517622705549,4.185078394947084e-10,0.0016470057889819145,6.138078934014857e-10,True
0,0,0.7157725095748901,0.8603175282478333,0.8602970242500305,2.0503997802734375e-05,0.7157725095748901,6.0020956880180165e-06,0.14377664029598236,1.9597324296682928e-07,0.12238144129514694,3.2415414352726657e-06,0.009315524250268936,3.6242575163214497e-08,0.008753910660743713,2.693255218844115e-08,True
2,0,0.43182942271232605,1.2040088176727295,1.2039803266525269,2.849102020263672e-05,0.43182942271232605,1.1505961992952507e-05,0.12184671312570572,1.8552664471371827e-07,0.383261114358902,8.96296842256561e-06,0.03605452924966812,1.9663718830997823e-07,0.02700822986662388,8.675706197891486e-08,False
2,0,0.5268957614898682,1.0770444869995117,1.077022910118103,2.1576881408691406e-05,0.5268957614898682,9.894185495795682e-06,0.06753670424222946,2.5680929383042894e-08,0.3533899784088135,6.851666512375232e-06,0.029414838179945946,1.2620279221664532e-07,0.022762738168239594,6.257571527612527e-08,False
0,0,0.9724483489990234,0.14856913685798645,0.148568257689476,8.791685104370117e-07,0.9724483489990234,3.7475412995036095e-08,0.018459994345903397,1.0014256979218317e-08,0.007633772678673267,6.433944932382474e-09,0.0005556740798056126,5.549633322332603e-11,0.0009021265432238579,1.2346343392088954e-10,True
0,0,0.6476593613624573,0.9888540506362915,0.9888219833374023,3.2067298889160156e-05,0.6476593613624573,1.1721237569872756e-05,0.11647524684667587,1.2574207630677847e-07,0.20361857116222382,7.3258092925243545e-06,0.01720277965068817,1.1760338480826249e-07,0.015044090338051319,7.71834720580955e-08,True
2,2,0.8110654950141907,0.6499761939048767,0.6499691009521484,7.092952728271484e-06,0.0008588310447521508,4.0690451008629225e-10,0.028706718236207962,1.969292924286492e-07,0.8110654950141907,5.087218255539483e-07,0.12770479917526245,7.506761789954908e-07,0.031664248555898666,4.2344662887217055e-08,True
0,0,0.9798172116279602,0.10991506278514862,0.10991432517766953,7.37607479095459e-07,0.9798172116279602,2.3564203033288322e-08,0.01651240512728691,1.0065171807127626e-08,0.003245712025091052,2.512737573567847e-09,0.00015695356705691665,9.418068755429054e-12,0.0002677234006114304,2.3029040480126994e-11,True
0,0,0.9583473205566406,0.19058093428611755,0.19058029353618622,6.407499313354492e-07,0.9583473205566406,4.485650961782994e-08,0.036621030420064926,2.5919675294971967e-08,0.00449382746592164,2.349401784229599e-09,0.00020882757962681353,7.731980854186471e-12,0.00032900809310376644,1.5989057300380694e-11,True
0,0,0.5625689625740051,1.0506229400634766,1.0506037473678589,1.919269561767578e-05,0.5625689625740051,6.368263257172657e-06,0.23801656067371368,6.351172601171129e-07,0.18430562317371368,4.08481719205156e-06,0.008613953366875648,2.2544105249266977e-08,0.006494905799627304,1.1532469201824824e-08,True
0,0,0.8507000207901001,0.5819119215011597,0.5818623304367065,4.9591064453125e-05,0.8507000207901001,9.963739103113767e-06,0.06451887637376785,2.5052887053789163e-07,0.06571139395236969,3.838723841909086e-06,0.008551904931664467,1.208319702072913e-07,0.010517789982259274,1.5658389429518138e-07,True
0,0,0.976858913898468,0.1281149685382843,0.12811432778835297,6.407499313354492e-07,0.976858913898468,2.616505234698252e-08,0.016002565622329712,7.90468313027759e-09,0.006039679050445557,4.095519479108134e-09,0.000412004126701504,2.7361975532547156e-11,0.0006868317141197622,6.207219460652169e-11,True
0,0,0.9730951189994812,0.14329954981803894,0.14329813420772552,1.4156103134155273e-06,0.9730951189994812,5.94396780684292e-08,0.019599951803684235,1.8823511638288437e-08,0.0062343585304915905,9.380098475730847e-09,0.00040612975135445595,5.6051840252591134e-11,0.0006643626256845891,1.2020057171824305e-10,True
0,0,0.9266626238822937,0.3170884847640991,0.3170868158340454,1.6689300537109375e-06,0.9266626238822937,1.8382746702627628e-07,0.051266998052597046,4.331898040277338e-08,0.019372468814253807,3.7003204056418326e-08,0.0011753179132938385,2.3327770271031056e-10,0.0015225252136588097,3.349111266093274e-10,True
3,3,0.8062930107116699,0.6149744987487793,0.6149587035179138,1.5795230865478516e-05,1.3992229597192818e-08,1.5322449648651582e-18,1.5217098052744404e-06,9.445089059012621e-15,0.06472019106149673,1.6465847920699161e-06,0.8062930107116699,3.48699654750817e-06,0.12898527085781097,4.557999204735097e-07,True
0,0,0.9423710703849792,0.2688472867012024,0.26884520053863525,2.086162567138672e-06,0.9423710703849792,1.9377802118469845e-07,0.03575455769896507,4.156917654540848e-08,0.01910700835287571,4.733850644811355e-08,0.00119185377843678,2.6458699120546214e-10,0.001575481379404664,3.6985062235039834e-10,True
0,2,0.5131826400756836,1.231220006942749,1.2311848402023315,3.516674041748047e-05,0.2580691874027252,9.972526640922297e-06,0.14859548211097717,9.031717240759463e-07,0.5131826400756836,9.958577720681205e-06,0.04864945262670517,3.3117680686700623e-07,0.031503286212682724,1.0411442730173803e-07,False
0,0,0.9431120157241821,0.25856876373291016,0.2585660517215729,2.7120113372802734e-06,0.9431120157241821,2.5329345021418703e-07,0.04190249741077423,7.960673542584118e-08,0.012903958559036255,3.867138431701278e-08,0.0008571493672206998,2.8747992875111095e-10,0.001224480220116675,5.009082038043289e-10,True
0,0,0.9721075296401978,0.1511518657207489,0.15115094184875488,9.238719940185547e-07,0.9721075296401978,4.304879297478692e-08,0.017905842512845993,9.635798825513575e-09,0.008316422812640667,8.995739264605618e-09,0.0006385855958797038,7.302961707589262e-11,0.001031643943861127,1.5326862001785457e-10,True
0,0,0.7870345115661621,0.685059666633606,0.6850554347038269,4.231929779052734e-06,0.7870345115661621,1.175289412458369e-06,0.13836495578289032,3.4496076750656357e-07,0.06719037145376205,2.8848688771176967e-07,0.0037264868151396513,1.2745404731617782e-09,0.0036836888175457716,1.028102047939683e-09,True
3,3,0.8853915333747864,0.40492570400238037,0.40491992235183716,5.781650543212891e-06,6.407255975782178e-11,3.2126328810689497e-23,2.784562980195915e-08,3.629528320768858e-18,0.017443785443902016,1.6363730992452474e-07,0.8853915333747864,6.883071250740613e-07,0.09716472029685974,2.087538604200745e-07,True
2,2,0.7792755961418152,0.7404066324234009,0.7404042482376099,2.384185791015625e-06,0.00783443171530962,8.522157202150993e-09,0.01906045340001583,2.4648139529404034e-08,0.7792755961418152,2.1499408831004985e-07,0.13995012640953064,2.599723814000754e-07,0.05387939140200615,2.650605068765799e-08,True
2,3,0.7585186958312988,0.71978360414505,0.7197675704956055,1.6033649444580078e-05,7.835759419094757e-08,2.399492138338723e-17,7.548666417278582e-06,1.3445168101696575e-13,0.1132730022072792,3.1989163744583493e-06,0.7585186958312988,3.667017153929919e-06,0.1282006800174713,8.733334055932573e-08,False
0,0,0.9622467160224915,0.1876663863658905,0.18766570091247559,6.854534149169922e-07,0.9622467160224915,4.075677750847717e-08,0.027665916830301285,1.2088706924373582e-08,0.008682324551045895,7.363307297225674e-09,0.000556456099729985,4.131062505963179e-11,0.0008486479637213051,7.763876347377519e-11,True
0,0,0.9549245834350586,0.22221708297729492,0.22221453487873077,2.5480985641479492e-06,0.9549245834350586,1.8244058708205557e-07,0.028141463175415993,3.207495069545985e-08,0.014496314339339733,4.710935286311724e-08,0.0010043213842436671,3.594737563172856e-10,0.001433331985026598,6.05353989158175e-10,True
0,0,0.8814082145690918,0.4778106212615967,0.47780370712280273,6.9141387939453125e-06,0.8814082145690918,1.1039563787562656e-06,0.058889131993055344,6.692526000051657e-08,0.05071163922548294,4.792477170667553e-07,0.004137476906180382,5.505024880392284e-09,0.004853522405028343,6.384838879824883e-09,True
0,0,0.9174322485923767,0.35666751861572266,0.3566643297672272,3.1888484954833984e-06,0.9174322485923767,4.012277088349947e-07,0.050013136118650436,6.336433244769069e-08,0.028002029284834862,1.1138158129142539e-07,0.002012335229665041,9.923976085346453e-10,0.0025402773171663284,1.3466731063616066e-09,True
0,0,0.965399444103241,0.17501884698867798,0.17501769959926605,1.1473894119262695e-06,0.965399444103241,5.862372987053277e-08,0.025396296754479408,1.719659792343009e-08,0.007916157133877277,1.0696520114095165e-08,0.000504497904330492,6.891952980536686e-11,0.0007836389704607427,1.3799729414731843e-10,True
2,2,0.4431361258029938,0.9935544729232788,0.9935440421104431,1.043081283569336e-05,9.831290662987158e-05,9.99508548843453e-12,0.0013531422009691596,1.0137544137478471e-09,0.4431361258029938,4.936910045216791e-06,0.4301876723766327,3.8763209886383265e-06,0.1252247542142868,1.125995012785097e-07,True
0,0,0.914890706539154,0.3414585590362549,0.34145551919937134,3.039836883544922e-06,0.914890706539154,3.8656875744891295e-07,0.0676775649189949,1.3670560861100967e-07,0.01555760856717825,5.485216547640448e-08,0.0008184239268302917,2.3029492202120139e-10,0.0010557721834629774,3.0956534557979865e-10,True
0,0,0.9724997878074646,0.14319635927677155,0.14319582283496857,5.364418029785156e-07,0.9724997878074646,2.3684890493314015e-08,0.021539438515901566,1.0623250723540423e-08,0.0051619610749185085,2.520591735333255e-09,0.0003020632721018046,1.391372954351322e-11,0.0004967361455783248,3.256623443137485e-11,True
0,0,0.9646822214126587,0.1786993145942688,0.17869776487350464,1.5497207641601562e-06,0.9646822214126587,8.869323409044227e-08,0.025523973628878593,2.425455747356864e-08,0.008342179469764233,1.518814762846432e-08,0.0005675289430655539,1.210228861570073e-10,0.0008841156959533691,2.500993856457967e-10,True
0,0,0.8615211844444275,0.5231859683990479,0.5231806039810181,5.364418029785156e-06,0.8615211844444275,1.0195479944741237e-06,0.07987578213214874,1.0467883981846171e-07,0.05146696791052818,3.8561776705137163e-07,0.0034022503532469273,2.6261677277261697e-09,0.0037339043337851763,2.5528783531569843e-09,True
0,0,0.9687854647636414,0.15435251593589783,0.15435174107551575,7.748603820800781e-07,0.9687854647636414,3.97993780154593e-08,0.026444150134921074,2.1921529480550817e-08,0.004221653565764427,2.4569077883285217e-09,0.00020870045409537852,1.0832726209109023e-11,0.0003400002606213093,2.49476550528982e-11,True
0,0,0.9753613471984863,0.1367710828781128,0.13677068054676056,4.023313522338867e-07,0.9753613471984863,1.642957236924758e-08,0.015744924545288086,4.302162182057145e-09,0.0073718116618692875,3.028016726247529e-09,0.0005718733300454915,2.7816958805826353e-11,0.0009500426240265369,6.479192876662765e-11,True
3,3,0.8214508295059204,0.5887647867202759,0.5887552499771118,9.5367431640625e-06,5.43113998219269e-09,1.258045939687858e-19,1.143728468377958e-06,3.1330935567307205e-15,0.06999435275793076,1.1732036000466906e-06,0.8214508295059204,1.907313958326995e-06,0.10855374485254288,1.3630754835958214e-07,True
0,0,0.9358009696006775,0.29674291610717773,0.29673996567726135,2.950429916381836e-06,0.9358009696006775,2.692559064598754e-07,0.03582264855504036,2.6130360097909033e-08,0.024364518001675606,1.0028625041513806e-07,0.001741730491630733,8.283307928458328e-10,0.002270104130730033,1.190467835421316e-09,True
2,2,0.7925405502319336,0.7406072616577148,0.7405999302864075,7.331371307373047e-06,0.005947069264948368,1.2361430989926703e-08,0.06274982541799545,5.581003961196984e-07,0.7925405502319336,1.0719624299326824e-07,0.10403601080179214,3.81500711910121e-07,0.0347265787422657,2.767407458748039e-08,True
0,0,0.9554406404495239,0.21448767185211182,0.21448548138141632,2.1904706954956055e-06,0.9554406404495239,1.4898689926212683e-07,0.032114770263433456,4.206164305742277e-08,0.010818250477313995,2.7611184449938264e-08,0.0006614609737880528,1.8505599830298536e-10,0.0009649141575209796,3.4356487099707067e-10,True
2,2,0.5523956418037415,1.032234787940979,1.0321873426437378,4.744529724121094e-05,0.07111551612615585,1.5956950392137514e-06,0.3377056121826172,1.2418975529726595e-05,0.5523956418037415,1.667097421886865e-05,0.027067292481660843,2.103427476640718e-07,0.011715982109308243,3.307891560666576e-08,True
0,0,0.9466822743415833,0.24561333656311035,0.24561189115047455,1.4454126358032227e-06,0.9466822743415833,1.208675683983529e-07,0.038866084069013596,3.722873387346226e-08,0.012789628468453884,2.0642739073650773e-08,0.0007032519206404686,9.40983055364164e-11,0.0009587439126335084,1.42694897564688e-10,True
0,0,0.9513843655586243,0.23301899433135986,0.2330181896686554,8.046627044677734e-07,0.9513843655586243,5.934493074732927e-08,0.03275845944881439,2.239623952959846e-08,0.01364669669419527,1.0908601133508e-08,0.0009124325006268919,6.239050248657563e-11,0.0012980432948097587,9.961290126092592e-11,True
0,0,0.973121166229248,0.14208537340164185,0.14208470284938812,6.705522537231445e-07,0.973121166229248,3.104269197251597e-08,0.0202170442789793,1.1259210452863044e-08,0.005729862954467535,3.991164732042307e-09,0.0003534852003213018,2.5108543716401144e-11,0.0005784500390291214,5.6512156065835484e-11,True
0,0,0.9421027302742004,0.26482588052749634,0.26482415199279785,1.7285346984863281e-06,0.9421027302742004,1.4087932243000978e-07,0.04044096916913986,4.113047324949548e-08,0.01520544569939375,2.9045276406236553e-08,0.0009523337939754128,1.7841564337039983e-10,0.0012984651839360595,2.7820168391201605e-10,True
0,2,0.6694121956825256,1.0756417512893677,1.0756336450576782,8.106231689453125e-06,0.11876536905765533,1.0270587154082023e-06,0.08731836825609207,2.993327825606684e-07,0.6694121956825256,9.328418855147902e-07,0.07918664067983627,1.7736786617206235e-07,0.045317478477954865,4.80128257152046e-08,False
1,0,0.8271105885505676,0.6164727210998535,0.6164642572402954,8.463859558105469e-06,0.8271105885505676,2.036970499830204e-06,0.0928921028971672,1.8139473922929028e-07,0.07014564424753189,7.798201977493591e-07,0.004817865788936615,6.306041466785928e-09,0.005033869296312332,5.677418535299239e-09,False
0,0,0.9664613604545593,0.16703370213508606,0.16703248023986816,1.2218952178955078e-06,0.9664613604545593,6.359628201835221e-08,0.026755118742585182,3.1084194773711715e-08,0.005860920064151287,6.2244169818370665e-09,0.00035280254087410867,3.6532599861915926e-11,0.0005697612650692463,8.07139494130027e-11,True
0,0,0.963380753993988,0.17629656195640564,0.1762959063053131,6.556510925292969e-07,0.963380753993988,4.2618452766873816e-08,0.03054293990135193,2.2063254334625526e-08,0.005317422095686197,3.0865341393848666e-09,0.0002915652294177562,1.3309619899259939e-11,0.0004673546354752034,2.7910623465188245e-11,True
1,2,0.6157757639884949,0.8783911466598511,0.8783510327339172,4.011392593383789e-05,0.018936671316623688,1.1558567081237925e-07,0.3296060264110565,1.546504245197866e-05,0.6157757639884949,1.364972376904916e-05,0.02685907483100891,1.936723350581815e-07,0.008822481147944927,1.8626479914019e-08,False
0,0,0.9375306963920593,0.2693936824798584,0.26939186453819275,1.817941665649414e-06,0.9375306963920593,1.687856894250217e-07,0.050123777240514755,6.405750951898881e-08,0.011187884956598282,2.223295325620711e-08,0.0004968856810592115,7.384771266716328e-11,0.0006607098039239645,1.1000470673261376e-10,True
2,2,0.5637968182563782,0.9895721077919006,0.9895496368408203,2.2470951080322266e-05,0.0019020792096853256,5.289021665078053e-09,0.006835171487182379,3.8257450540868376e-08,0.5637968182563782,8.332885954587255e-06,0.303731232881546,6.00958719587652e-06,0.12373474985361099,5.206118771639012e-07,True
0,0,0.9523077011108398,0.21626149117946625,0.21626098453998566,5.066394805908203e-07,0.9523077011108398,3.469761367114188e-08,0.03995337709784508,1.953185879699504e-08,0.006815080530941486,2.82315770760988e-09,0.0003677454951684922,1.1109291438160529e-11,0.0005560542340390384,2.0407883716266895e-11,True
0,0,0.5186755061149597,1.077216625213623,1.0772041082382202,1.2516975402832031e-05,0.5186755061149597,3.7114532460691407e-06,0.27987414598464966,5.733371608585003e-07,0.18829245865345,2.906660711232689e-06,0.007678487338125706,9.468989148331275e-09,0.005479440093040466,4.0464875894485886e-09,True
0,0,0.8127151727676392,0.6579715609550476,0.6579662561416626,5.304813385009766e-06,0.8127151727676392,1.3939514929006691e-06,0.0918259248137474,1.338521684601801e-07,0.0828772783279419,5.424498112915899e-07,0.006188280414789915,5.605914399353651e-09,0.00639337906613946,5.125723845367247e-09,True
0,0,0.9508028030395508,0.23027047514915466,0.2302693873643875,1.087784767150879e-06,0.9508028030395508,8.244561655601501e-08,0.03642155975103378,2.2431507318287913e-08,0.01115805096924305,1.5700264199836056e-08,0.0006645057001151145,9.42412675675186e-11,0.0009531811811029911,1.656638159985846e-10,True
2,2,0.7586639523506165,0.7118238210678101,0.7118124961853027,1.1324882507324219e-05,0.00025185474078170955,8.600505724265517e-11,0.012087691575288773,8.13130469623502e-08,0.7586639523506165,2.2146612081996864e-06,0.18689709901809692,2.3280581444851123e-06,0.04209945723414421,6.857861478692939e-08,True
1,1,0.6391808986663818,0.8324942588806152,0.8324856758117676,8.58306884765625e-06,0.04022393375635147,1.3653114194767113e-07,0.6391808986663818,2.7028925160266226e-06,0.31006255745887756,3.0438502562901704e-06,0.007701510097831488,4.687522370261377e-09,0.0028311661444604397,6.350061032556198e-10,True
2,0,0.9390028119087219,0.27868080139160156,0.27868005633354187,7.450580596923828e-07,0.9390028119087219,7.857055805970958e-08,0.03964986652135849,1.886585287991238e-08,0.01882300339639187,2.045224789526401e-08,0.0010976525954902172,1.051588607858811e-10,0.0014267644146457314,1.464262738837263e-10,False
0,0,0.9497799277305603,0.23247429728507996,0.23247313499450684,1.1622905731201172e-06,0.9497799277305603,8.865559664172906e-08,0.038065191358327866,2.755406391941051e-08,0.010669795796275139,1.6065255792341304e-08,0.0006116718868725002,7.937089874232583e-11,0.0008735058945603669,1.338593680344502e-10,True
0,0,0.9033296704292297,0.3983182907104492,0.3983164131641388,1.8775463104248047e-06,0.9033296704292297,2.507143790353439e-07,0.059774041175842285,5.25201357959304e-08,0.03256223723292351,7.269550650335077e-08,0.0019858248997479677,4.888106586165009e-10,0.002348230453208089,5.971669270188329e-10,True
0,0,0.9299335479736328,0.3120771646499634,0.31207576394081116,1.4007091522216797e-06,0.9299335479736328,1.464666610218046e-07,0.04447431489825249,3.9899759940453805e-08,0.022223006933927536,3.280464966337604e-08,0.001470038783736527,2.2092021267905437e-10,0.001899049268104136,3.0967028941120134e-10,True
0,0,0.7385480999946594,0.8285117745399475,0.8285024762153625,9.298324584960938e-06,0.7385480999946594,2.8210940854478395e-06,0.1130170002579689,1.219457743673047e-07,0.12740924954414368,1.3805944263367564e-06,0.010715324431657791,2.072721727586213e-08,0.010310330428183079,1.66222662301152e-08,True
0,0,0.9466859698295593,0.24382081627845764,0.24381963908672333,1.1771917343139648e-06,0.9466859698295593,1.0587130105932374e-07,0.04054001346230507,4.573999490276037e-08,0.011016245000064373,1.1889169648782172e-08,0.0007153005572035909,6.705976052234774e-11,0.0010425171349197626,1.1061271343315582e-10,True
0,0,0.951988697052002,0.2269953489303589,0.22699454426765442,8.046627044677734e-07,0.951988697052002,5.929894797418456e-08,0.03529008850455284,2.0744110429404827e-08,0.010831109248101711,9.108799048362926e-09,0.000757656351197511,6.494890042452184e-11,0.0011324238730594516,1.178847020000262e-10,True
0,0,0.9286956191062927,0.30907124280929565,0.3090701699256897,1.0728836059570312e-06,0.9286956191062927,1.1258243404199675e-07,0.0508430115878582,3.7127275476223076e-08,0.017951950430870056,2.0824911572958626e-08,0.0010844961507245898,1.1245308850771352e-10,0.0014249137602746487,1.6236048616669052e-10,True
2,2,0.5098564624786377,0.9534051418304443,0.9533910751342773,1.4066696166992188e-05,9.3379698228091e-05,8.38185684054471e-12,0.0010311886435374618,6.046280698335238e-10,0.5098564624786377,6.92985031491844e-06,0.3856903910636902,4.8199785851466e-06,0.10332856327295303,2.713640583351662e-07,True
0,0,0.9517242312431335,0.22877255082130432,0.22877195477485657,5.960464477539062e-07,0.9517242312431335,4.059689828750379e-08,0.03466685488820076,1.7614288694289826e-08,0.011761742644011974,5.802425651069143e-09,0.0007568274741061032,4.5255431346813424e-11,0.0010902842041105032,8.490719932696678e-11,True
2,2,0.6499377489089966,0.827704906463623,0.8276872634887695,1.7642974853515625e-05,9.44718049140647e-05,9.120103977577898e-12,0.002081602346152067,2.806509469266416e-09,0.6499377489089966,7.867282874940429e-06,0.28352290391921997,5.7473976085020695e-06,0.0643632635474205,2.2900832163941232e-07,True
2,2,0.7314223647117615,0.8156402111053467,0.815618634223938,2.1576881408691406e-05,0.01261322945356369,6.174876432396559e-08,0.19006316363811493,5.335232799552614e-06,0.7314223647117615,3.6695510061690584e-06,0.049556914716959,2.877235658615973e-07,0.01634436845779419,2.6745492931468107e-08,True
0,0,0.9565500617027283,0.21157881617546082,0.21157784759998322,9.685754776000977e-07,0.9565500617027283,7.287328429583795e-08,0.030591269955039024,2.1398800953420505e-08,0.011055259965360165,1.2097442159131333e-08,0.0007299987482838333,8.591647532307789e-11,0.0010734638199210167,1.573122326847809e-10,True
2,2,0.5956298112869263,0.9363937377929688,0.9363744854927063,1.9252300262451172e-05,0.0007213095086626709,7.863956152931451e-10,0.006404321640729904,3.269329340582772e-08,0.5956298112869263,7.284836556209484e-06,0.2978520095348358,5.666480774380034e-06,0.09939256310462952,2.9782310662085365e-07,True
0,0,0.9320953488349915,0.301483690738678,0.30147963762283325,4.0531158447265625e-06,0.9320953488349915,3.995832287273515e-07,0.046532828360795975,6.985191447483885e-08,0.018253851681947708,9.515790821978953e-08,0.001321184216067195,9.533402955952397e-10,0.0017968371976166964,1.5427530364320319e-09,True
0,1,0.5240971446037292,1.0803818702697754,1.0803698301315308,1.2040138244628906e-05,0.16433003544807434,1.7882663314594538e-06,0.5240971446037292,1.245906332769664e-06,0.2932053506374359,3.1215374747262103e-06,0.011977676302194595,1.1902228536087023e-08,0.006389767862856388,3.085523170298643e-09,False
0,0,0.8082216382026672,0.6525604724884033,0.6525556445121765,4.827976226806641e-06,0.8082216382026672,1.2234149835421704e-06,0.11816500872373581,1.962831532864584e-07,0.06365852057933807,3.732287439106585e-07,0.004802053328603506,3.1915885490008122e-09,0.005152878817170858,2.9420867964091713e-09,True
1,2,0.6137338280677795,0.9614642858505249,0.9614425897598267,2.1696090698242188e-05,0.07185252010822296,1.0797111826832406e-06,0.2871747314929962,4.416835508891381e-06,0.6137338280677795,7.802455911587458e-06,0.019557224586606026,3.839167916908082e-08,0.007681719958782196,4.331047964711843e-09,False
0,0,0.8915759921073914,0.4261617660522461,0.42615872621536255,3.039836883544922e-06,0.8915759921073914,4.300320313177508e-07,0.07372390478849411,1.0278762374582584e-07,0.030765250325202942,1.1534967825355125e-07,0.0018104419577866793,6.493084958592021e-10,0.0021243703085929155,7.531923973402854e-10,True
1,0,0.6435076594352722,0.9525052309036255,0.9525017142295837,3.516674041748047e-06,0.6435076594352722,1.1810716387117282e-06,0.1823308914899826,2.1114422565915447e-07,0.1614816039800644,6.473417784036428e-07,0.007105457130819559,2.6703552702400657e-09,0.005574419163167477,1.4791124991475613e-09,False
2,1,0.5174705982208252,1.0466147661209106,1.0466055870056152,9.179115295410156e-06,0.1685512363910675,1.1667842727547395e-06,0.5174705982208252,1.5476143744308501e-06,0.30605584383010864,2.6459449600224616e-06,0.005471574608236551,2.0265595868096398e-09,0.0024507446214556694,3.841159057493826e-10,False
0,0,0.8979436755180359,0.3911716341972351,0.391169011592865,2.6226043701171875e-06,0.8979436755180359,3.99530762251743e-07,0.08035708963871002,1.477409767858262e-07,0.019444428384304047,5.2453717813705225e-08,0.001008252496831119,2.450902536477173e-10,0.0012465589679777622,3.174229490365832e-10,True
0,0,0.9464130401611328,0.25448936223983765,0.25448620319366455,3.159046173095703e-06,0.9464130401611328,2.8207423952153476e-07,0.03430350124835968,6.362220261735274e-08,0.016212541610002518,5.7431545741337686e-08,0.0012646544491872191,5.584541162839685e-10,0.0018062388990074396,9.493729136167417e-10,True
0,0,0.9194211363792419,0.3412278890609741,0.3412266671657562,1.2218952178955078e-06,0.9194211363792419,1.6176466033357428e-07,0.055872540920972824,4.417309895643484e-08,0.021635113283991814,3.0956066154885775e-08,0.0013483454240486026,1.702708946060838e-10,0.0017228759825229645,2.192752229790429e-10,True
0,0,0.9829058051109314,0.10029624402523041,0.10029537975788116,8.642673492431641e-07,0.9829058051109314,2.645626473452012e-08,0.01186073012650013,7.635399867922388e-09,0.004203081130981445,3.9067811208326475e-09,0.00035897220368497074,4.3914351322005274e-11,0.0006714827031828463,1.2817102934548075e-10,True
0,0,0.9171425104141235,0.3633571267127991,0.3633553683757782,1.7583370208740234e-06,0.9171425104141235,2.1991466780946212e-07,0.0439177080988884,4.130622599518574e-08,0.03313565254211426,6.976262056923588e-08,0.002567737130448222,5.323130825019007e-10,0.003236420452594757,6.841201494189875e-10,True
0,2,0.698340117931366,1.0196444988250732,1.019612193107605,3.230571746826172e-05,0.08127551525831223,2.5565286705386825e-06,0.09520158171653748,1.6912006230995758e-06,0.698340117931366,3.0851776955387322e-06,0.08161863684654236,7.977743621268019e-07,0.0435640923678875,1.9788187444191863e-07,False
0,0,0.9643866419792175,0.1727651059627533,0.17276452481746674,5.811452865600586e-07,0.9643866419792175,3.4694256356715414e-08,0.02949228696525097,1.730627552376518e-08,0.005407740827649832,3.0506719372880298e-09,0.0002777493791654706,1.3516343426445143e-11,0.00043564659426920116,2.937938781144567e-11,True
0,0,0.8817983865737915,0.4598817825317383,0.4598793685436249,2.4139881134033203e-06,0.8817983865737915,4.305145751004602e-07,0.07514254748821259,7.995713957598127e-08,0.03801671415567398,1.1735299665360799e-07,0.002355235395953059,6.942235120099838e-10,0.0026871529407799244,7.342703667312378e-10,True
0,0,0.9536349177360535,0.21547795832157135,0.21547701954841614,9.387731552124023e-07,0.9536349177360535,6.40019237607703e-08,0.03674832731485367,2.6155030141694624e-08,0.008526012301445007,8.500382620013625e-09,0.0004451689310371876,3.995739850104485e-11,0.0006455698166973889,7.17972764574526e-11,True
0,0,0.94929438829422,0.23771348595619202,0.23771272599697113,7.599592208862305e-07,0.94929438829422,6.307885769274435e-08,0.03650607913732529,1.948630412584862e-08,0.012226580642163754,1.083864109574506e-08,0.0008072197670117021,7.880874425270079e-11,0.001165752182714641,1.4057725816751798e-10,True
0,0,0.9505754709243774,0.2286437451839447,0.2286430150270462,7.301568984985352e-07,0.9505754709243774,5.8775807332267505e-08,0.03801431879401207,2.497442430637875e-08,0.010038146749138832,6.8674306241689465e-09,0.0005634565022774041,3.626573694126556e-11,0.0008086509187705815,6.442570782416723e-11,True
2,0,0.5264111161231995,1.144416093826294,1.14436936378479,4.673004150390625e-05,0.5264111161231995,1.9210996470064856e-05,0.14817464351654053,2.0352410956547828e-07,0.28171220421791077,1.3235748156148475e-05,0.02429758943617344,2.0491206953465735e-07,0.019404441118240356,1.0156271201822165e-07,False
0,0,0.9315852522850037,0.30344393849372864,0.3034426271915436,1.3113021850585938e-06,0.9315852522850037,1.482784739437193e-07,0.04559626057744026,3.8830595627814546e-08,0.020035190507769585,2.9534945156228787e-08,0.0012134506832808256,1.6878938524644838e-10,0.0015698838979005814,2.366485896132531e-10,True
0,0,0.9378237724304199,0.2784351706504822,0.2784331440925598,2.0265579223632812e-06,0.9378237724304199,1.8978489890741912e-07,0.043962955474853516,4.929047037194323e-08,0.016122955828905106,4.1019568186584365e-08,0.0009006906184367836,2.3187807229874124e-10,0.0011896835640072823,3.520578273352726e-10,True
0,0,0.7928168773651123,0.7169561386108398,0.7169464826583862,9.655952453613281e-06,0.7928168773651123,2.6617697130859597e-06,0.07661839574575424,7.539064483808033e-08,0.11036241054534912,1.3029817864662618e-06,0.009958074428141117,2.2292672596790908e-08,0.010244271717965603,2.049524461256169e-08,True
1,0,0.9526037573814392,0.21883492171764374,0.21883361041545868,1.3113021850585938e-06,0.9526037573814392,1.0013882700832255e-07,0.03775564953684807,4.3155555573548554e-08,0.008557680062949657,1.0409010542389296e-08,0.0004421794437803328,4.666985201073892e-11,0.0006407491746358573,8.350850566607448e-11,False
0,0,0.9196826219558716,0.3644118309020996,0.3643857538700104,2.60770320892334e-05,0.9196826219558716,3.337368752909242e-06,0.02977079711854458,9.955351032431281e-08,0.04057786986231804,1.3809913070872426e-06,0.004302933346480131,2.841530744035481e-08,0.005665837321430445,4.2327155114207926e-08,True
0,0,0.9519582986831665,0.21988219022750854,0.21988146007061005,7.301568984985352e-07,0.9519582986831665,5.245405532150471e-08,0.039179760962724686,2.2000383737008633e-08,0.007707060314714909,5.199567887359535e-09,0.0004590833268593997,3.508582313571651e-11,0.0006957740406505764,7.19757725642367e-11,True
0,0,0.963333249092102,0.18018081784248352,0.18018007278442383,7.450580596923828e-07,0.963333249092102,4.962765132177083e-08,0.02886028029024601,2.266668808204031e-08,0.006671288516372442,4.530207320385671e-09,0.0004359984304755926,3.09680926735556e-11,0.0006992130656726658,6.692144755016116e-11,True
0,0,0.9838943481445312,0.09174509346485138,0.09174447506666183,6.183981895446777e-07,0.9838943481445312,1.4881406329436686e-08,0.0131495026871562,6.644515604392609e-09,0.0024853027425706387,1.284572892501501e-09,0.00016117203631438315,8.877831629561239e-12,0.00030960538424551487,2.74874307343298e-11,True
0,0,0.8767910003662109,0.47161176800727844,0.4716067910194397,4.976987838745117e-06,0.8767910003662109,9.175974469144421e-07,0.080604188144207,2.0109946774482523e-07,0.03759226202964783,2.1981661291192722e-07,0.002338192192837596,1.3728914671773396e-09,0.0026744294445961714,1.4736398767922765e-09,True
0,0,0.9757669568061829,0.12918460369110107,0.12918417155742645,4.3213367462158203e-07,0.9757669568061829,1.662526649681695e-08,0.019201992079615593,5.726807028594294e-09,0.0042334673926234245,2.1674926298231867e-09,0.00028879722231067717,1.7281577210925825e-11,0.0005088308826088905,4.618590926375177e-11,True
0,0,0.8881637454032898,0.42454805970191956,0.42454439401626587,3.6656856536865234e-06,0.8881637454032898,5.315797011462564e-07,0.08393544703722,1.368740925045131e-07,0.024973977357149124,1.1834521984610546e-07,0.0013390796957537532,5.474283804041136e-10,0.0015878084814175963,6.356064008450346e-10,True
0,0,0.7745326161384583,0.7065049409866333,0.7064892053604126,1.5735626220703125e-05,0.7745326161384583,4.04925185648608e-06,0.14646321535110474,6.039828122084145e-07,0.07257888466119766,1.498893311691063e-06,0.0033190094400197268,5.9408158392670884e-09,0.0031063028145581484,4.4682670896634136e-09,True
0,0,0.9591189622879028,0.19950494170188904,0.1995036005973816,1.341104507446289e-06,0.9591189622879028,9.088996932860027e-08,0.030257070437073708,2.9011570035208933e-08,0.009117583744227886,1.3329434445097377e-08,0.0005991655634716153,7.692449455198869e-11,0.0009071988170035183,1.3854782598965443e-10,True
1,0,0.8167122006416321,0.6450901031494141,0.6450837254524231,6.377696990966797e-06,0.8167122006416321,1.4485185602097772e-06,0.09480073302984238,8.163618758771918e-08,0.07711882889270782,6.794246019126149e-07,0.005585641600191593,6.356430048981565e-09,0.005782673135399818,5.768951094609065e-09,False
0,0,0.9448688626289368,0.25549328327178955,0.2554900348186493,3.248453140258789e-06,0.9448688626289368,2.5580987994544557e-07,0.03852866217494011,5.659049406858685e-08,0.014234915375709534,5.818827375492219e-08,0.0009792816126719117,4.995421298836789e-10,0.0013883518986403942,8.718751276504122e-10,True
0,0,0.9020370841026306,0.40322691202163696,0.40322476625442505,2.1457672119140625e-06,0.9020370841026306,3.1882680673334107e-07,0.06046810373663902,6.18962872067641e-08,0.0327690914273262,9.1599233087436e-08,0.00215055956505239,6.038362587723611e-10,0.0025752491783350706,7.113544753245549e-10,True
0,0,0.8549701571464539,0.5112048387527466,0.5112007260322571,4.112720489501953e-06,0.8549701571464539,7.898195804045827e-07,0.10943460464477539,2.4137165155480034e-07,0.031178278848528862,1.4156910310703097e-07,0.0020303442142903805,9.808066581129538e-10,0.002386576496064663,1.136860161565778e-09,True
0,0,0.948060929775238,0.24067647755146027,0.24067489802837372,1.5795230865478516e-06,0.948060929775238,1.2569005036766612e-07,0.03813803195953369,4.035041811789597e-08,0.012056827545166016,2.1342222211728767e-08,0.0007244076114147902,1.229046447948079e-10,0.0010198027594015002,2.036550095230183e-10,True
0,0,0.9377226233482361,0.27363842725753784,0.27363699674606323,1.430511474609375e-06,0.9377226233482361,1.4549637228356005e-07,0.04755396768450737,5.486970167112304e-08,0.013036797754466534,2.0319868454521384e-08,0.0007140626548789442,8.947991653185383e-11,0.0009725519339554012,1.3515540076003418e-10,True
0,0,0.9626211524009705,0.19141162931919098,0.19141069054603577,9.387731552124023e-07,0.9626211524009705,5.7893323912594497e-08,0.023177092894911766,9.779607346160901e-09,0.012224296107888222,1.6368211674944178e-08,0.0008048900635913014,1.0162509722633217e-10,0.0011726225493475795,1.7714842093230487e-10,True
2,2,0.5672232508659363,0.9483205080032349,0.9483000040054321,2.0503997802734375e-05,0.0003940030001103878,2.4724272629228494e-10,0.004772617481648922,1.9090583336378586e-08,0.5672232508659363,8.65261517901672e-06,0.3256877660751343,6.514998858619947e-06,0.10192235559225082,3.3550600164744537e-07,True
1,0,0.9709615111351013,0.15588489174842834,0.1558840274810791,8.642673492431641e-07,0.9709615111351013,4.416046550659303e-08,0.018957827240228653,1.261431936683266e-08,0.008359163999557495,7.795196488302736e-09,0.0006556538282893598,6.72454522621102e-11,0.0010658655082806945,1.4295271910658158e-10,False
1,2,0.773312509059906,0.8147774934768677,0.8147563934326172,2.110004425048828e-05,0.023042729124426842,2.408442867363192e-07,0.09635478258132935,2.1098692286614096e-06,0.773312509059906,9.9886494808743e-07,0.07666417956352234,6.137100285741326e-07,0.030625784769654274,8.476984447725044e-08,False
0,0,0.9828097224235535,0.0913664847612381,0.09136591106653214,5.736947059631348e-07,0.9828097224235535,1.6716137807293308e-08,0.016111014410853386,1.2178318797850807e-08,0.0009633462759666145,3.1224267615925783e-10,3.85126331821084e-05,8.611919771056575e-13,7.737451232969761e-05,2.976518987882204e-12,True
1,0,0.935619056224823,0.29757362604141235,0.2975718080997467,1.817941665649414e-06,0.935619056224823,2.0148385715401673e-07,0.0364493802189827,3.342638876802084e-08,0.0237469170242548,5.4934730542299803e-08,0.001799289952032268,4.286849208945398e-10,0.002385427476838231,5.904421951363759e-10,False
2,0,0.9210586547851562,0.3480664789676666,0.34806516766548157,1.3113021850585938e-06,0.9210586547851562,1.6086976017959387e-07,0.044856008142232895,3.2585163012299745e-08,0.02897319197654724,4.195354108560423e-08,0.002232234226539731,4.948335630139411e-10,0.002879928797483444,7.485100872450801e-10,False
0,0,0.9845072031021118,0.08686596155166626,0.0868649110198021,1.0505318641662598e-06,0.9845072031021118,2.9031179238359073e-08,0.013566671870648861,1.7119669237786184e-08,0.0015855416422709823,1.0748282264216868e-09,0.0001098604770959355,8.88378173108384e-12,0.00023070229508448392,3.331995096500506e-11,True
0,0,0.9880214929580688,0.06968240439891815,0.06968217343091965,2.3096799850463867e-07,0.9880214929580688,4.055593638696564e-09,0.010659696534276009,2.2994373072293683e-09,0.0011456605279818177,2.2784141240350664e-10,5.65414666198194e-05,1.023301343834604e-12,0.00011660315067274496,3.8764551464620656e-12,True
2,2,0.5588982105255127,0.8924353122711182,0.8924228549003601,1.245737075805664e-05,2.577090162958484e-05,8.178590183566259e-13,0.0006314882193692029,2.2865882798317472e-10,0.5588982105255127,6.074673819966847e-06,0.3653126060962677,4.771812200488057e-06,0.07513197511434555,1.263135374074409e-07,True
1,0,0.9238244891166687,0.3251969814300537,0.3251953721046448,1.6093254089355469e-06,0.9238244891166687,1.8699984138947912e-07,0.05399059131741524,5.2890467117094886e-08,0.019540896639227867,3.6911927736582584e-08,0.0011568869231268764,1.8808758717181462e-10,0.0014871567254886031,2.5137528170127155e-10,False
2,0,0.6014344096183777,1.054026484489441,1.054007887840271,1.8596649169921875e-05,0.6014344096183777,5.868143944098847e-06,0.16740210354328156,1.871291175348233e-07,0.20095549523830414,4.210657607472967e-06,0.016309114173054695,6.519461948073513e-08,0.013898833654820919,4.144233045622059e-08,False
0,0,0.9654483795166016,0.1768801510334015,0.17687827348709106,1.8775463104248047e-06,0.9654483795166016,9.942547052332884e-08,0.024248166009783745,2.6305926326131157e-08,0.008666888810694218,1.7225374904228374e-08,0.0006340974359773099,1.5592413471487987e-10,0.001002394943498075,3.334461040616077e-10,True
3,2,0.6807407140731812,0.8402228355407715,0.8402129411697388,9.894371032714844e-06,0.0015272604068741202,1.5660025498576147e-09,0.005046963691711426,9.666723421730694e-09,0.6807407140731812,3.4647011943889083e-06,0.23221297562122345,2.4566925276303664e-06,0.08047208935022354,1.8985279837124835e-07,False
0,0,0.9565605521202087,0.20985667407512665,0.20985431969165802,2.3543834686279297e-06,0.9565605521202087,1.7094473037104763e-07,0.03165208175778389,5.398552360702524e-08,0.01019673328846693,2.6917515327795627e-08,0.0006424151360988617,1.4875763121313668e-10,0.0009482432506047189,2.5773982947896457e-10,True
0,0,0.9574180841445923,0.20699754357337952,0.20699678361415863,7.599592208862305e-07,0.9574180841445923,5.25351850910738e-08,0.030485643073916435,1.789858572465164e-08,0.010606645606458187,8.125257799918018e-09,0.0006112257833592594,3.979971213707856e-11,0.0008783647790551186,6.914111644329424e-11,True
0,0,0.9420577883720398,0.2620301842689514,0.26202860474586487,1.5795230865478516e-06,0.9420577883720398,1.3562522838128643e-07,0.04245331883430481,4.4766228057824264e-08,0.013564049266278744,2.4261579412154788e-08,0.0008081880514509976,1.2601227006303617e-10,0.0011166491312906146,1.9721274613360151e-10,True
2,0,0.39859703183174133,1.2407913208007812,1.2407658100128174,2.5510787963867188e-05,0.39859703183174133,8.337635335919913e-06,0.1770748645067215,5.281724497763207e-07,0.3682418763637543,7.825841748854145e-06,0.032529935240745544,1.7902462445817946e-07,0.023556293919682503,7.796338508114786e-08,False
0,0,0.9620243310928345,0.18833060562610626,0.18832945823669434,1.1473894119262695e-06,0.9620243310928345,6.881237624156711e-08,0.02775176800787449,2.560555856234714e-08,0.008930227719247341,1.0127941152404674e-08,0.0005199307342991233,5.048335360857692e-11,0.0007737104897387326,9.13303599414661e-11,True
0,0,0.9660995602607727,0.17022471129894257,0.17022386193275452,8.493661880493164e-07,0.9660995602607727,5.151812487724783e-08,0.025927012786269188,1.9502600423493277e-08,0.006972669158130884,6.766444737849042e-09,0.00039354036562144756,2.964306577979414e-11,0.0006072735413908958,5.5708132551401945e-11,True
0,0,0.5229455828666687,1.1021615266799927,1.1021431684494019,1.8358230590820312e-05,0.5229455828666687,6.861237125121988e-06,0.2626078426837921,7.584185368614271e-07,0.19388516247272491,3.709900056492188e-06,0.011601455509662628,2.7635621790977893e-08,0.008960053324699402,1.3690510058950167e-08,True
0,0,0.9958539009094238,0.02815834805369377,0.02815825119614601,9.685754776000977e-08,0.9958539009094238,9.587902694008221e-10,0.003841683967038989,7.171049865029033e-10,0.0002426371502224356,1.3330006369549618e-11,1.5978197552612983e-05,8.99484208904261e-14,4.582727706292644e-05,6.225924723685106e-13,True
0,0,0.9681352972984314,0.16043448448181152,0.16043294966220856,1.5348196029663086e-06,0.9681352972984314,8.290602693250548e-08,0.02544649876654148,3.154254457626848e-08,0.005492826923727989,8.938235929178973e-09,0.0003493632248137146,6.181321426934616e-11,0.0005760951898992062,1.431255669537279e-10,True
0,0,0.967228889465332,0.1624680608510971,0.162467360496521,7.003545761108398e-07,0.967228889465332,2.9936749967873766e-08,0.026798764243721962,1.587274667258498e-08,0.005258240271359682,3.1418669887983697e-09,0.0002762456133496016,1.4084263269542596e-11,0.0004377956211101264,3.0441982268314405e-11,True
0,0,0.9773721694946289,0.12169216573238373,0.12169152498245239,6.407499313354492e-07,0.9773721694946289,2.571722212962868e-08,0.018115660175681114,1.1179882797307528e-08,0.0038604014553129673,2.4455579783477788e-09,0.000236777268582955,1.4118443393551505e-11,0.0004150254826527089,3.616565380504255e-11,True
2,2,0.602572500705719,0.8773291707038879,0.8773051500320435,2.4020671844482422e-05,6.436850526370108e-05,7.871030216488606e-12,0.0029907028656452894,9.473644979607343e-09,0.602572500705719,1.071321912604617e-05,0.3225628435611725,8.545578566554468e-06,0.07180965691804886,2.230251965329444e-07,True
0,0,0.9653752446174622,0.1828766018152237,0.182875394821167,1.2069940567016602e-06,0.9653752446174622,7.637174803676317e-08,0.01975603774189949,1.9007885043720307e-08,0.01221346016973257,1.4682965954193605e-08,0.001040567411109805,1.540509386721567e-10,0.0016146947164088488,3.0153649022146567e-10,True
0,0,0.9752601981163025,0.13194404542446136,0.13194282352924347,1.2218952178955078e-06,0.9752601981163025,5.1726050998013307e-08,0.019192343577742577,1.9851357890843246e-08,0.0047438922338187695,5.697660565573415e-09,0.0002983674348797649,3.526087755112428e-11,0.000505211646668613,8.426670472516662e-11,True
0,0,0.9425960779190063,0.27568984031677246,0.2756845951080322,5.245208740234375e-06,0.9425960779190063,4.5400850012811134e-07,0.02860894799232483,2.7130003132924685e-08,0.024042051285505295,1.7521679751553165e-07,0.0020097678061574697,2.1251722603921053e-09,0.0027431820053607225,3.367441880897104e-09,True
0,0,0.9047384262084961,0.3873509168624878,0.3873469829559326,3.933906555175781e-06,0.9047384262084961,5.081740823698055e-07,0.06561905145645142,9.505900067097173e-08,0.025927817448973656,1.3479984772857279e-07,0.0016602881951257586,8.809318274849431e-10,0.0020544049330055714,1.1172121006097768e-09,True
0,0,0.9402471780776978,0.2679765522480011,0.2679743468761444,2.205371856689453e-06,0.9402471780776978,1.887127609734307e-07,0.043983668088912964,5.503961020281167e-08,0.01382709201425314,3.499164336062677e-08,0.0008185142651200294,1.9964600805888466e-10,0.001123469672165811,3.166957251998781e-10,True
0,0,0.9735647439956665,0.13961267471313477,0.13961215317249298,5.21540641784668e-07,0.9735647439956665,2.391785614008768e-08,0.02025482803583145,1.089847145863132e-08,0.005299912299960852,2.5582178597716165e-09,0.00033044503652490675,1.3670886471472965e-11,0.0005500835250131786,3.142041488102265e-11,True
0,0,0.9735826849937439,0.14157390594482422,0.14157302677631378,8.791685104370117e-07,0.9735826849937439,3.8934587109906715e-08,0.019236361607909203,1.310705144419444e-08,0.005968589335680008,5.191935770199052e-09,0.0004486914840526879,4.200328973524847e-11,0.00076365249697119,1.0079477530400283e-10,True
0,0,0.9764800071716309,0.12725608050823212,0.1272556334733963,4.470348358154297e-07,0.9764800071716309,1.6023944837684212e-08,0.01787545345723629,5.842936356970085e-09,0.004834362771362066,2.0915076337502114e-09,0.0003011971421074122,1.2779412077168484e-11,0.0005089316982775927,3.077112176175234e-11,True
0,0,0.9330613017082214,0.29842865467071533,0.2984256446361542,3.0100345611572266e-06,0.9330613017082214,3.21500095878946e-07,0.04512011259794235,8.316877142533485e-08,0.01892123743891716,6.505461414008096e-08,0.001243401668034494,4.0971184778193503e-10,0.0016539726639166474,5.80154591034443e-10,True
3,3,0.7237052917480469,0.7802137732505798,0.7801803946495056,3.337860107421875e-05,1.9918370242066885e-07,2.986605084794161e-16,1.5662733858334832e-05,1.0628914198437811e-12,0.14915642142295837,8.385854016523808e-06,0.7237052917480469,9.67947744356934e-06,0.1271224170923233,9.650923260551281e-08,True
0,0,0.8737586140632629,0.4853453040122986,0.4853413701057434,3.933906555175781e-06,0.8737586140632629,6.731990538355603e-07,0.07766260206699371,8.655791106093602e-08,0.04267866164445877,2.2784161046729423e-07,0.002766617573797703,1.4245010726554597e-09,0.0031334683299064636,1.4779395485220448e-09,True
0,0,0.9222394824028015,0.3448575437068939,0.3448546826839447,2.86102294921875e-06,0.9222394824028015,3.445551612912823e-07,0.04057043418288231,4.643392159664472e-08,0.032328423112630844,1.1735724569916783e-07,0.0021850268822163343,9.23057630330959e-10,0.0026766906958073378,1.1817611333952982e-09,True
0,0,0.9787901043891907,0.1152748316526413,0.11527388542890549,9.462237358093262e-07,0.9787901043891907,3.4717032804110204e-08,0.01713324338197708,1.529632243091328e-08,0.003438806626945734,2.856629599534699e-09,0.00022673675266560167,1.9134711176649333e-11,0.0004111170710530132,5.1834758707514084e-11,True
0,0,0.4296896159648895,1.1687047481536865,1.168665885925293,3.886222839355469e-05,0.4296896159648895,1.5787472875672393e-05,0.12275870144367218,1.99352200525027e-07,0.39832648634910583,1.3722281437367201e-05,0.028894588351249695,1.6576962025283137e-07,0.020330598577857018,6.17882278675097e-08,True
0,0,0.9778687357902527,0.12152644246816635,0.12152576446533203,6.780028343200684e-07,0.9778687357902527,2.205539395561118e-08,0.016612505540251732,7.652894318255221e-09,0.004691732581704855,3.1539575395811426e-09,0.0003043505421373993,2.0281892484930175e-11,0.0005226155044510961,5.025236476940975e-11,True
0,0,0.975169837474823,0.12838399410247803,0.12838314473628998,8.493661880493164e-07,0.975169837474823,3.879563692521515e-08,0.021206697449088097,2.2203117566732544e-08,0.003123487113043666,2.024334477823686e-09,0.00018019802519120276,9.663521718938917e-12,0.000319792510708794,2.4510150853362944e-11,True
2,0,0.983346164226532,0.09427321702241898,0.09427269548177719,5.21540641784668e-07,0.983346164226532,1.0411215889405412e-08,0.013642159290611744,4.589383539865821e-09,0.0025054800789803267,1.0365553970714814e-09,0.0001722804590826854,8.910866836076003e-12,0.00033383260597474873,3.0053341759650465e-11,False
0,0,0.9739459156990051,0.1384757161140442,0.13847500085830688,7.152557373046875e-07,0.9739459156990051,3.2995586707329494e-08,0.019748099148273468,1.4055633101861531e-08,0.005351412575691938,3.2507614378118888e-09,0.00035565419238992035,2.401341452074046e-11,0.0005989248165860772,5.821160914409873e-11,True
0,0,0.985835075378418,0.08401775360107422,0.0840172991156578,4.544854164123535e-07,0.985835075378418,7.780035282678455e-09,0.010840274393558502,3.1014328882861264e-09,0.002732950961217284,9.586802462990818e-10,0.0002007110306294635,8.752298365222178e-12,0.0003908789367415011,2.8656880687871755e-11,True
2,2,0.584700345993042,0.8929840326309204,0.8929314613342285,5.257129669189453e-05,0.024806706234812737,2.590387282452866e-07,0.36128583550453186,2.0194458556943573e-05,0.584700345993042,1.965150295291096e-05,0.021853549405932426,1.8032002913059841e-07,0.007353594992309809,1.6915032929887275e-08,True
2,2,0.8249117136001587,0.6296893358230591,0.6296641230583191,2.5212764739990234e-05,0.003305977676063776,9.319675697838647e-09,0.10396694391965866,3.955437477998203e-06,0.8249117136001587,1.7451314988647937e-06,0.05406693369150162,4.5689807848248165e-07,0.01374844741076231,2.317156067022097e-08,True
2,2,0.6823689341545105,1.0034832954406738,1.0034475326538086,3.5762786865234375e-05,0.10219798237085342,3.374779453224619e-06,0.1463557928800583,3.1419785955222324e-06,0.6823689341545105,7.645367077202536e-06,0.04639110714197159,3.2761636248324066e-07,0.022686216980218887,6.40768007542647e-08,True
1,2,0.4654214084148407,0.9786123633384705,0.9785956740379333,1.6689300537109375e-05,0.052557408809661865,4.037039218474092e-07,0.4562220573425293,5.094377229397651e-06,0.4654214084148407,6.395048785634572e-06,0.018426476046442986,3.802153258902763e-08,0.007372667081654072,5.063850672115677e-09,False
3,3,0.48737621307373047,0.9323226809501648,0.9323102831840515,1.239776611328125e-05,4.762163825944299e-06,2.8660176310110405e-14,0.00015436251123901457,1.616859424125039e-11,0.4225347936153412,6.1601576817338355e-06,0.48737621307373047,5.232343482930446e-06,0.08992987871170044,5.4260262061234243e-08,True
0,0,0.9167408347129822,0.35241615772247314,0.3524133861064911,2.771615982055664e-06,0.9167408347129822,3.4154584227508167e-07,0.05554791912436485,7.017398218067683e-08,0.02425803802907467,8.490233227576027e-08,0.0015329407760873437,5.364495514470491e-10,0.0019202150870114565,6.896149207236135e-10,True
0,0,0.8930635452270508,0.4159013032913208,0.4158993363380432,1.9669532775878906e-06,0.8930635452270508,3.4252579439453257e-07,0.07634750753641129,1.3696528355922055e-07,0.027608072385191917,5.248780254873964e-08,0.0013809363590553403,1.654196363221061e-10,0.0016000018222257495,1.749695804909024e-10,True
0,0,0.9397098422050476,0.2711963951587677,0.2711957097053528,6.854534149169922e-07,0.9397098422050476,6.204547986499165e-08,0.04372946172952652,1.9564783571013322e-08,0.014358838088810444,1.1127437637981075e-08,0.0009240600629709661,7.479966646073422e-11,0.0012778021628037095,1.2429633711175114e-10,True
0,0,0.9803798794746399,0.11319763958454132,0.1131972074508667,4.3213367462158203e-07,0.9803798794746399,1.2948786043409655e-08,0.012932287529110909,2.8966784526573974e-09,0.0054312883876264095,2.941033638848012e-09,0.00045203097397461534,2.669942565647343e-11,0.0008045440772548318,6.884345177260442e-11,True
0,0,0.9799667596817017,0.1085650771856308,0.10856439918279648,6.780028343200684e-07,0.9799667596817017,1.9790645566786225e-08,0.016891129314899445,9.137560930128075e-09,0.0026442683301866055,1.5763518268485655e-09,0.0001723543246043846,1.0527308191843332e-11,0.00032544424175284803,3.1315550846899853e-11,True
0,0,0.9643108248710632,0.1775503158569336,0.17754951119422913,8.046627044677734e-07,0.9643108248710632,4.9662489232105145e-08,0.027242401614785194,1.8637360099660327e-08,0.007337820716202259,6.188416890040571e-09,0.00043522409396246076,3.027833886393161e-11,0.000673740403726697,5.777469821999226e-11,True
0,0,0.8238875269889832,0.6343902349472046,0.6343827247619629,7.510185241699219e-06,0.8238875269889832,1.8103628462995403e-06,0.07449640333652496,6.294484222735264e-08,0.08819349110126495,9.211198630509898e-07,0.006619320251047611,8.178970389849383e-09,0.006803261581808329,7.024877124450768e-09,True
2,2,0.754463255405426,0.7821279764175415,0.7821125984191895,1.537799835205078e-05,0.0024303465615957975,5.786109813499252e-09,0.03135669231414795,4.356513727543643e-07,0.754463255405426,1.2429081834852695e-06,0.16008815169334412,1.8998729274244397e-06,0.05166158080101013,1.3780790197870374e-07,True
0,0,0.9543480277061462,0.2046957015991211,0.2046932727098465,2.428889274597168e-06,0.9543480277061462,1.7578571487320005e-07,0.04000787064433098,9.598011985190169e-08,0.005115819163620472,1.0304141540018463e-08,0.0002117511903634295,3.0641312404044996e-11,0.00031644030241295695,5.844337513938314e-11,True
0,0,0.8712432980537415,0.4902210235595703,0.49021846055984497,2.562999725341797e-06,0.8712432980537415,3.917282356269425e-07,0.07982822507619858,6.087793735787272e-08,0.043537985533475876,1.4728193775681575e-07,0.002560647903010249,9.432604697323654e-10,0.0028298143297433853,1.0133759387187524e-09,True
0,0,0.9687790870666504,0.1584388017654419,0.15843796730041504,8.344650268554688e-07,0.9687790870666504,4.083360494178123e-08,0.02450346015393734,1.5404770792315503e-08,0.0058272602036595345,5.82165782248012e-09,0.00034189081634394825,3.1312674675376684e-11,0.0005483643035404384,6.677815245215157e-11,True
0,0,0.981717050075531,0.10250835865736008,0.10250791162252426,4.470348358154297e-07,0.981717050075531,1.405240634966276e-08,0.014592465944588184,6.580599620775729e-09,0.0030873785726726055,1.2658917247776458e-09,0.00020999103435315192,8.90501734851501e-12,0.00039316070615313947,2.571127165340581e-11,True
0,0,0.9703551530838013,0.14967192709445953,0.14967124164104462,6.854534149169922e-07,0.9703551530838013,3.559750538784101e-08,0.024564333260059357,1.6625104848344563e-08,0.0043444326147437096,2.7990061379767894e-09,0.0002719472104217857,2.0584742244089682e-11,0.0004641897976398468,5.248329895679582e-11,True
2,0,0.9536482095718384,0.2325012981891632,0.23249804973602295,3.248453140258789e-06,0.9536482095718384,2.0849161330716015e-07,0.02548573724925518,2.010286159759289e-08,0.01682594232261181,7.089377618285653e-08,0.0016154363984242082,1.2010428207531731e-09,0.002424749778583646,2.3737902754561446e-09,False
0,0,0.9732658267021179,0.1399325430393219,0.13993194699287415,5.960464477539062e-07,0.9732658267021179,2.6491115079352312e-08,0.020959699526429176,1.0231540059635336e-08,0.005002439953386784,3.2801674709759254e-09,0.0002913402859121561,1.68076767781411e-11,0.0004806909419130534,3.792020170090282e-11,True
0,0,0.9631463885307312,0.18578454852104187,0.18578378856182098,7.599592208862305e-07,0.9631463885307312,4.0940694390201315e-08,0.025965629145503044,1.2512271219122795e-08,0.009293874725699425,6.985902079037487e-09,0.0006308004376478493,4.697830319200236e-11,0.0009632505825720727,8.92125887053119e-11,True
0,0,0.8800362944602966,0.4492533504962921,0.44924402236938477,9.328126907348633e-06,0.8800362944602966,1.5472974155272823e-06,0.08796292543411255,3.810453392816271e-07,0.02872828207910061,3.3256975484619034e-07,0.0015203342773020267,1.6123669066558932e-09,0.0017521831905469298,1.8047157102074607e-09,True
0,0,0.964708149433136,0.1845482587814331,0.18454770743846893,5.513429641723633e-07,0.964708149433136,3.477758525605168e-08,0.02052549459040165,7.215295028117907e-09,0.012491933070123196,9.071212225819636e-09,0.0009129839017987251,7.176934740948937e-11,0.0013615268981084228,1.309999608789525e-10,True
1,0,0.5451285243034363,1.0355405807495117,1.0355337858200073,6.794929504394531e-06,0.5451285243034363,2.498395360817085e-06,0.2894924581050873,6.786330004615593e-07,0.15426485240459442,1.0517954933675355e-06,0.006359024439007044,2.799910969741859e-09,0.004755164962261915,1.2369445467896867e-09,False
0,0,0.9275393486022949,0.3143388032913208,0.31433677673339844,2.0265579223632812e-06,0.9275393486022949,2.2797887311298837e-07,0.05098734050989151,6.880962644117972e-08,0.018627628684043884,3.9981653543463835e-08,0.0012242987286299467,2.9318750205398203e-10,0.0016213863855227828,4.404707709682043e-10,True
0,0,0.95982426404953,0.2004263699054718,0.2004225254058838,3.844499588012695e-06,0.95982426404953,2.390704310073488e-07,0.027467822656035423,5.3370051489309844e-08,0.010717939585447311,4.862314284537206e-08,0.0007916135946288705,4.302024569913243e-10,0.0011983278673142195,8.247300620212172e-10,True
0,0,0.9737815856933594,0.13946297764778137,0.13946223258972168,7.450580596923828e-07,0.9737815856933594,2.847904134739565e-08,0.019592199474573135,8.644422067050073e-09,0.005697828717529774,4.816846033151023e-09,0.00035224686143919826,2.9435270193500784e-11,0.0005761034553870559,6.683522485451121e-11,True
0,0,0.7976279854774475,0.6959800720214844,0.6959728598594666,7.212162017822266e-06,0.7976279854774475,2.036885234701913e-06,0.06410754472017288,3.9596088186044653e-08,0.12026675790548325,1.1841199238915578e-06,0.009089009836316109,1.096469848249626e-08,0.008908676914870739,8.581468868840147e-09,True
0,0,0.9465249180793762,0.2471238374710083,0.24712300300598145,8.344650268554688e-07,0.9465249180793762,6.908040006692318e-08,0.038813311606645584,2.4747091487142825e-08,0.01270375307649374,1.1359939655619655e-08,0.0008096882374957204,7.21402035330776e-11,0.0011483661364763975,1.2419773542937662e-10,True
2,0,0.8527910113334656,0.564094603061676,0.5640906691551208,3.933906555175781e-06,0.8527910113334656,8.813264003038057e-07,0.05787859112024307,4.622600613402028e-08,0.07569370418787003,3.8437840998994943e-07,0.006490923464298248,4.5076684607181505e-09,0.007145717740058899,4.455047442064597e-09,False
0,0,0.9276610612869263,0.3192560076713562,0.3192547857761383,1.2218952178955078e-06,0.9276610612869263,1.2987041486667295e-07,0.046611811965703964,3.241581225665868e-08,0.022267794236540794,3.425819272706576e-08,0.0015030441572889686,2.576862612180264e-10,0.0019563750829547644,3.846554463837748e-10,True
0,0,0.8958322405815125,0.4285201132297516,0.4285178780555725,2.2351741790771484e-06,0.8958322405815125,3.3442674407524464e-07,0.058860909193754196,6.741032620993792e-08,0.03882795572280884,9.401821188248505e-08,0.0029411916621029377,9.071530193693889e-10,0.0035376304294914007,1.1368848085169247e-09,True
2,2,0.6670059561729431,0.8448702096939087,0.8448597192764282,1.049041748046875e-05,0.0005365363904275,1.888119660620191e-10,0.005994811654090881,1.4143766158269955e-08,0.6670059561729431,3.868385192618007e-06,0.2525757849216461,2.864717544071027e-06,0.0738869309425354,1.7264063956190512e-07,True
0,0,0.9147332310676575,0.35302966833114624,0.35302868485450745,9.834766387939453e-07,0.9147332310676575,1.1968727164912707e-07,0.0606914758682251,4.1614448775817436e-08,0.02187146432697773,2.29260521678043e-08,0.001205151784233749,9.520392113548937e-11,0.0014986826572567225,1.2090546619436537e-10,True
0,0,0.9822608828544617,0.1015940010547638,0.10159335285425186,6.48200511932373e-07,0.9822608828544617,1.6997629970205708e-08,0.013247392140328884,5.776850997563088e-09,0.0037687798030674458,2.0859214355795075e-09,0.0002573115925770253,1.7700754056937384e-11,0.0004655335214920342,5.062794627974654e-11,True
0,0,0.968671977519989,0.15776872634887695,0.15776793658733368,7.897615432739258e-07,0.968671977519989,4.582187074220201e-08,0.025233447551727295,2.6222670257425307e-08,0.0052537559531629086,2.7942952396387e-09,0.0003180983185302466,1.4121206808048736e-11,0.0005227861693128943,3.0280188079157e-11,True
0,0,0.8956517577171326,0.39078041911125183,0.390778511762619,1.9073486328125e-06,0.8956517577171326,3.0110049920040183e-07,0.08569430559873581,1.4257493319291825e-07,0.01682046614587307,3.306780982370583e-08,0.000815403473097831,1.0689855944878701e-10,0.0010181553661823273,1.3150278088680523e-10,True
2,3,0.4673178791999817,0.9640675783157349,0.9640501141548157,1.7464160919189453e-05,2.0124743969063275e-05,6.732071497483894e-13,0.0006238023051992059,3.673870374587551e-10,0.424349844455719,8.547312063456047e-06,0.4673178791999817,6.896796548971906e-06,0.10768838226795197,1.3033087498115492e-07,False
0,0,0.9024547934532166,0.39896875619888306,0.3989599645137787,8.791685104370117e-06,0.9024547934532166,1.1647167639239342e-06,0.0645187646150589,1.6848726147600246e-07,0.028271019458770752,3.174992286858469e-07,0.002103438600897789,3.2916833703211523e-09,0.002651970135048032,4.538626807715218e-09,True
0,0,0.9243460893630981,0.3123513460159302,0.31234902143478394,2.3245811462402344e-06,0.9243460893630981,2.947075472548022e-07,0.06039973720908165,1.3699586531856767e-07,0.013624213635921478,2.850780411733922e-08,0.0007033892325125635,1.0988671778067172e-10,0.0009265987318940461,1.5311106549287246e-10,True
0,0,0.858903706073761,0.5305783748626709,0.5305749177932739,3.4570693969726562e-06,0.858903706073761,6.424318712561217e-07,0.07975912094116211,5.39969100543658e-08,0.05418677255511284,2.7653001666294585e-07,0.003438701154664159,1.6557816229223477e-09,0.003711723256856203,1.5448992085609348e-09,True
0,0,0.9725047945976257,0.14166074991226196,0.1416601687669754,5.811452865600586e-07,0.9725047945976257,2.4066993731253206e-08,0.022405585274100304,1.3440538459974505e-08,0.004362806212157011,1.483348888164926e-09,0.00026817977777682245,8.612372967564674e-12,0.00045852744369767606,2.0954194976385843e-11,True
0,0,0.9575603604316711,0.20053717494010925,0.20053641498088837,7.599592208862305e-07,0.9575603604316711,5.592696084022464e-08,0.0340651236474514,2.4512070595505975e-08,0.007336077280342579,5.2869499889141025e-09,0.0004127737192902714,2.7899670421160927e-11,0.0006257088971324265,5.417345044778088e-11,True
0,0,0.9675821661949158,0.1686669886112213,0.16866588592529297,1.1026859283447266e-06,0.9675821661949158,4.73197623307442e-08,0.02205149084329605,7.90405962902696e-09,0.008862050250172615,1.387712877942704e-08,0.0005924024735577404,1.0375396375383872e-10,0.0009119432652369142,2.079131034005144e-10,True
0,0,0.9421831965446472,0.2650573253631592,0.2650558650493622,1.4603137969970703e-06,0.9421831965446472,1.2406978555645765e-07,0.04053611680865288,3.7522983831195234e-08,0.014765528030693531,2.3254953518403454e-08,0.001042648684233427,1.9143402141263977e-10,0.0014724781503900886,3.2134447880416417e-10,True
1,0,0.9299864768981934,0.3077431619167328,0.3077414035797119,1.7583370208740234e-06,0.9299864768981934,1.8181113148330041e-07,0.04810928925871849,3.9624580949748633e-08,0.01899615302681923,4.1531968975050404e-08,0.0012510548112913966,2.696960710313334e-10,0.001657018787227571,3.8620978637382564e-10,False
0,0,0.9732934832572937,0.1464090794324875,0.14640788733959198,1.1920928955078125e-06,0.9732934832572937,4.1269455408610156e-08,0.016935445368289948,6.677906672081235e-09,0.008012279868125916,1.1174946301650834e-08,0.0006616251193918288,1.2602106858050632e-10,0.0010970663279294968,2.973450097254471e-10,True
0,0,0.9583765864372253,0.20161333680152893,0.20161186158657074,1.475214958190918e-06,0.9583765864372253,1.0245616977044847e-07,0.031136689707636833,3.778464474635257e-08,0.009092315100133419,1.3812843313587564e-08,0.0005570839857682586,7.548121849776379e-11,0.0008373485179618001,1.3856209235552086e-10,True
0,0,0.9815263748168945,0.09985111653804779,0.0998506247997284,4.917383193969727e-07,0.9815263748168945,1.686252915078512e-08,0.016246287152171135,1.0260155391961234e-08,0.0019510353449732065,8.256267336470557e-10,9.627405961509794e-05,3.011518768733512e-12,0.00018007225298788399,8.543023059803811e-12,True
0,0,0.9814215898513794,0.10578052699565887,0.10577993839979172,5.885958671569824e-07,0.9814215898513794,1.8778944621544724e-08,0.013809901662170887,6.672854269140771e-09,0.003937316592782736,2.4571120693650528e-09,0.0002924645959865302,1.991045002480707e-11,0.0005387706914916635,5.482582790539148e-11,True
0,0,0.5309973359107971,1.0189045667648315,1.0188912153244019,1.33514404296875e-05,0.5309973359107971,4.816177806787891e-06,0.33118441700935364,1.3774571243629907e-06,0.12752215564250946,1.6459880498587154e-06,0.005788868758827448,6.529354390494291e-09,0.0045071979984641075,3.3746019312275166e-09,True
0,0,0.985785961151123,0.07939356565475464,0.07939321547746658,3.501772880554199e-07,0.985785961151123,8.809486473637662e-09,0.012981933541595936,5.915209211337924e-09,0.0010497075272724032,2.593584791377168e-10,5.834735929965973e-05,1.2747485358954869e-12,0.00012406361929606646,4.8825297103982646e-12,True
0,0,0.9605116248130798,0.19606956839561462,0.19606833159923553,1.2367963790893555e-06,0.9605116248130798,8.71937473334583e-08,0.027923215180635452,2.6961009425008342e-08,0.009904123842716217,1.3599270154429632e-08,0.0006613170262426138,8.218683372751556e-11,0.0009997853776440024,1.4753205601625297e-10,True
1,0,0.9192978143692017,0.3542698621749878,0.35426655411720276,3.3080577850341797e-06,0.9192978143692017,3.677189965856087e-07,0.043316133320331573,4.939478515098017e-08,0.03241702914237976,1.3883111193990771e-07,0.0022278584074229,1.1507359509721482e-09,0.0027411116752773523,1.5049754775731117e-09,False
2,0,0.8912305235862732,0.44683730602264404,0.44682979583740234,7.510185241699219e-06,0.8912305235862732,1.1854652939291555e-06,0.052624430507421494,8.316112598549807e-08,0.04852161556482315,5.024151619181794e-07,0.0035295174457132816,4.791327778974619e-09,0.004094000440090895,5.511474832076146e-09,False
2,2,0.666554868221283,0.8085747957229614,0.8085630536079407,1.1742115020751953e-05,0.018337929621338844,4.79343960080314e-08,0.2900337874889374,4.155378519499209e-06,0.666554868221283,4.235287178744329e-06,0.019359130412340164,2.1820536488803555e-08,0.0057143657468259335,1.6384195111740496e-09,True
1,0,0.9470223784446716,0.24789465963840485,0.24789391458034515,7.450580596923828e-07,0.9470223784446716,6.585114675772274e-08,0.03630802035331726,2.1533983485255703e-08,0.014581801369786263,1.1909015995570371e-08,0.0008807694539427757,8.128475670332591e-11,0.00120710174087435,1.3531858966686627e-10,False
0,0,0.8917484283447266,0.4151361286640167,0.4151328206062317,3.3080577850341797e-06,0.8917484283447266,4.909502422378864e-07,0.08199059963226318,1.7453710654535826e-07,0.02291477657854557,7.643427579751005e-08,0.001485696411691606,5.489353971377398e-10,0.0018604130018502474,7.274899571640958e-10,True
0,0,0.9703580737113953,0.1505146026611328,0.15051421523094177,3.8743019104003906e-07,0.9703580737113953,1.8924454892044196e-08,0.02412148378789425,8.113308247459372e-09,0.004738036077469587,2.0692880742245734e-09,0.00029162364080548286,1.3995232923946777e-11,0.0004908311530016363,3.4790656466832104e-11,True
0,0,0.9183515906333923,0.3485526442527771,0.34855157136917114,1.0728836059570312e-06,0.9183515906333923,1.3792170250326308e-07,0.05291055515408516,4.942714681988036e-08,0.02532733976840973,2.7434657212666025e-08,0.0015271342126652598,1.2442115393529463e-10,0.001883337157778442,1.5117199159142558e-10,True
1,0,0.7176943421363831,0.8126729726791382,0.8126654028892517,7.569789886474609e-06,0.7176943421363831,1.8984588905368582e-06,0.1862429678440094,3.0281782414931513e-07,0.08691704273223877,8.710078418516787e-07,0.00476570101454854,4.121313068594645e-09,0.0043799662962555885,2.8229500959042753e-09,False
0,0,0.8657034039497375,0.5206353068351746,0.5206308364868164,4.470348358154297e-06,0.8657034039497375,8.192299105758138e-07,0.05931342765688896,3.544154481005535e-08,0.06589362025260925,4.259730417288665e-07,0.004397285170853138,3.3491009965302965e-09,0.004692274611443281,3.244750912401173e-09,True
0,0,0.9719616770744324,0.14350569248199463,0.14350537955760956,3.129243850708008e-07,0.9719616770744324,1.6289408932834704e-08,0.022945603355765343,9.057450789384802e-09,0.004447225481271744,1.0756049384497146e-09,0.0002432749606668949,5.1147688515107426e-12,0.0004022286448162049,1.1920066496362569e-11,True
2,3,0.7926570773124695,0.6527782678604126,0.6527482867240906,2.9981136322021484e-05,1.9307867304974025e-08,3.1211096154789585e-18,3.0831972708256217e-06,5.009539536123507e-14,0.09167300909757614,4.969478595739929e-06,0.7926570773124695,6.13319707554183e-06,0.11566684395074844,1.1347104589276569e-07,False
0,0,0.9687525629997253,0.16260705888271332,0.16260530054569244,1.7583370208740234e-06,0.9687525629997253,8.344974133933647e-08,0.022342795506119728,2.0758639251994282e-08,0.007471710443496704,1.6024790383539766e-08,0.0005478402017615736,1.39665529141908e-10,0.000885116052813828,3.080992128090543e-10,True
0,0,0.9416521191596985,0.26618075370788574,0.26618021726608276,5.364418029785156e-07,0.9416521191596985,4.252471796917234e-08,0.04067346081137657,1.1677784073071962e-08,0.015528902411460876,1.0070148270813206e-08,0.0009156063315458596,4.866430522443288e-11,0.001229895162396133,7.147270275620343e-11,True
2,2,0.7490992546081543,0.7888332605361938,0.788810670375824,2.2590160369873047e-05,0.010841812007129192,4.908644868351075e-08,0.1719938963651657,5.19157811140758e-06,0.7490992546081543,3.184035449521616e-06,0.051556169986724854,3.443151115334331e-07,0.01650884374976158,3.042143603693148e-08,True
0,0,0.9838910102844238,0.09146147966384888,0.09146120399236679,2.7567148208618164e-07,0.9838910102844238,6.879372183021815e-09,0.013277256861329079,3.614982757582652e-09,0.0023989917244762182,5.777241463000848e-10,0.00014867073332425207,3.572712221552865e-12,0.00028407247737050056,1.1002357011569153e-11,True
0,0,0.9753891825675964,0.13089993596076965,0.13089899718761444,9.387731552124023e-07,0.9753891825675964,3.835745943092661e-08,0.019366715103387833,1.5956109322701195e-08,0.004482635296881199,3.731875253265571e-09,0.0002801317605189979,1.9907964166065995e-11,0.00048130584764294326,4.696411662341582e-11,True
0,0,0.9564022421836853,0.20801161229610443,0.20801079273223877,8.195638656616211e-07,0.9564022421836853,4.708770262595863e-08,0.03344741463661194,1.432128193812332e-08,0.00869896449148655,8.734465595239271e-09,0.0005728729884140193,6.005777125617229e-11,0.0008785036625340581,1.19332391190774e-10,True
0,0,0.8610864877700806,0.5264703035354614,0.5264689922332764,1.3113021850585938e-06,0.8610864877700806,2.3524280834408273e-07,0.07778477668762207,4.669749387176125e-08,0.053533393889665604,8.159791775597114e-08,0.0036069469060748816,6.186670620245138e-10,0.003988403361290693,6.505437855075513e-10,True
0,0,0.9191493988037109,0.34325140714645386,0.3432490825653076,2.3245811462402344e-06,0.9191493988037109,2.759282438091759e-07,0.05534249544143677,7.940187884969419e-08,0.022240081802010536,5.650539947055222e-08,0.001434548757970333,3.735762255097086e-10,0.0018334388732910156,5.051958851254312e-10,True
0,0,0.9540217518806458,0.21989382803440094,0.21989278495311737,1.043081283569336e-06,0.9540217518806458,8.228036563195928e-08,0.03304562717676163,2.9490426101119738e-08,0.01127402763813734,1.1397562893478153e-08,0.0006812191568315029,5.545385331484631e-11,0.0009773906785994768,8.952580343724037e-11,True
1,2,0.5007309913635254,0.9865515828132629,0.9865289926528931,2.2590160369873047e-05,0.05548296123743057,5.047273816671805e-07,0.4163859486579895,7.125103365979157e-06,0.5007309913635254,8.593339771323372e-06,0.01957814395427704,5.994578344825641e-08,0.007821938022971153,8.909076143481798e-09,False
2,2,0.49078449606895447,1.0821830034255981,1.082176685333252,6.318092346191406e-06,0.11882505565881729,4.217347111534764e-07,0.3641306459903717,1.4317420209408738e-06,0.49078449606895447,2.426519813525374e-06,0.018042011186480522,1.1398274324392332e-08,0.00821783859282732,2.2396313692496506e-09,True
0,0,0.9639500975608826,0.17521509528160095,0.17521469295024872,4.023313522338867e-07,0.9639500975608826,2.146643218736699e-08,0.02961699478328228,1.0913355552588655e-08,0.005563267972320318,1.7735775070804038e-09,0.00033189597888849676,9.305793115255145e-12,0.0005376924527809024,2.0045130486034957e-11,True
1,0,0.7483951449394226,0.8095014095306396,0.8094817399978638,1.9669532775878906e-05,0.7483951449394226,5.837431217514677e-06,0.11612241715192795,2.0777871156951733e-07,0.11499478667974472,2.7635187507257797e-06,0.010222750715911388,4.325958968820487e-08,0.010264872573316097,3.697549999515104e-08,False
0,0,0.9348861575126648,0.29829394817352295,0.29829272627830505,1.2218952178955078e-06,0.9348861575126648,1.308234942598574e-07,0.037110183387994766,2.1848473252816802e-08,0.02449023723602295,3.830603745313965e-08,0.0015488294884562492,2.204256915883107e-10,0.0019645963329821825,2.8728425194302076e-10,True
2,2,0.8628091216087341,0.550449550151825,0.5504470467567444,2.5033950805664062e-06,0.004309053532779217,4.130218389519769e-09,0.04695763811469078,1.2945284311172145e-07,0.8628091216087341,1.574460810616074e-07,0.06711335480213165,7.410719859990422e-08,0.0188109390437603,9.212877571940226e-09,True
0,0,0.968913197517395,0.15935298800468445,0.15935255587100983,4.3213367462158203e-07,0.968913197517395,2.2760948681366244e-08,0.023497169837355614,7.949065405910005e-09,0.006609898991882801,3.5186094038408555e-09,0.0003819004341494292,1.8032580637039608e-11,0.0005978756817057729,3.70169311869617e-11,True
0,0,0.9789665341377258,0.10966398566961288,0.10966334491968155,6.407499313354492e-07,0.9789665341377258,2.3187620712405987e-08,0.019031928852200508,1.4838340334222266e-08,0.0017093695932999253,7.700378668040742e-10,9.80052282102406e-05,4.382559419535692e-12,0.00019417797739151865,1.4792783317729707e-11,True
0,0,0.5937800407409668,1.0563617944717407,1.056348443031311,1.33514404296875e-05,0.5937800407409668,4.775606157636503e-06,0.17126654088497162,2.167367938454845e-07,0.20723222196102142,2.9361890483414754e-06,0.015182686038315296,3.932016667818061e-08,0.012538495473563671,2.3894854095374285e-08,True
0,0,0.9771712422370911,0.12246609479188919,0.12246549129486084,6.034970283508301e-07,0.9771712422370911,2.1237376301996846e-08,0.01844881847500801,9.132400613509617e-09,0.0036482426803559065,2.0715240633961685e-09,0.0002596660633571446,1.647242064972687e-11,0.00047203092253766954,4.57498934569589e-11,True
0,0,0.9388500452041626,0.2603500485420227,0.26034781336784363,2.2351741790771484e-06,0.9388500452041626,2.2602804961024958e-07,0.051588356494903564,1.1127309562652954e-07,0.008619887754321098,1.7520820350114263e-08,0.00039258651668205857,5.7612973419773894e-11,0.0005491176270879805,9.378069154575286e-11,True
0,0,0.9730149507522583,0.14131489396095276,0.14131402969360352,8.642673492431641e-07,0.9730149507522583,3.9644124427695715e-08,0.02107733115553856,1.5614730841662094e-08,0.0050422935746610165,4.305430234552432e-09,0.0003225711116101593,2.617594162257486e-11,0.0005428750882856548,6.104954736185775e-11,True
2,2,0.49444887042045593,0.9392295479774475,0.9392029047012329,2.664327621459961e-05,2.6255380362272263e-05,1.951212412129588e-12,0.0011757848551496863,1.961170559283687e-09,0.49444887042045593,1.3019227480981499e-05,0.4136929214000702,1.0835315151780378e-05,0.09065619856119156,1.8042220517600072e-07,True
2,2,0.6856937408447266,1.0276215076446533,1.0275981426239014,2.3365020751953125e-05,0.13711147010326385,4.156597697146935e-06,0.06626825779676437,3.9990837308323535e-07,0.6856937408447266,3.3414773952245014e-06,0.07063039392232895,3.961236814120639e-07,0.04029618948698044,1.0080022860847748e-07,True
0,0,0.9668060541152954,0.1616559624671936,0.1616552621126175,7.003545761108398e-07,0.9668060541152954,3.9932277928755866e-08,0.028242021799087524,2.28191918694165e-08,0.004436906427145004,2.5834347994191376e-09,0.00019928514666389674,8.245141548679502e-12,0.00031574556487612426,1.74845190409334e-11,True
0,0,0.980132520198822,0.11432023346424103,0.11431949585676193,7.37607479095459e-07,0.980132520198822,2.770375573390993e-08,0.012859885580837727,7.409268754088316e-09,0.005850856192409992,5.155411653134934e-09,0.00042674713768064976,3.387056954351486e-11,0.0007300299475900829,7.532820200939483e-11,True
0,0,0.9671082496643066,0.1682722121477127,0.1682702749967575,1.9371509552001953e-06,0.9671082496643066,1.0562136765202013e-07,0.024026375263929367,3.2752861756080165e-08,0.007612619083374739,1.5724841873065998e-08,0.000487727316794917,9.792303079514397e-11,0.0007650008774362504,1.9551878172041626e-10,True
0,0,0.9797154664993286,0.114383764564991,0.11438295990228653,8.046627044677734e-07,0.9797154664993286,3.021024141958151e-08,0.014689303934574127,1.0932450500433788e-08,0.00458906264975667,3.4611886690072424e-09,0.0003594841982703656,3.1181009163550044e-11,0.000646724074613303,8.181434696385992e-11,True
0,0,0.9766392707824707,0.12068802118301392,0.12068738043308258,6.407499313354492e-07,0.9766392707824707,2.786873132265555e-08,0.020595671609044075,1.7911094829514695e-08,0.0023871080484241247,9.59684887114065e-10,0.0001326759229414165,4.629512918852274e-12,0.0002452698245178908,1.3258651121450526e-11,True
0,0,0.9208878874778748,0.33556291460990906,0.3355615437030792,1.3709068298339844e-06,0.9208878874778748,1.8340146823447867e-07,0.05560651049017906,6.56575593893649e-08,0.020580528303980827,2.715839109157514e-08,0.0012797974050045013,1.3330390957744243e-10,0.0016453115968033671,1.7177032018977911e-10,True
0,0,0.9698969125747681,0.1569291204214096,0.1569281965494156,9.238719940185547e-07,0.9698969125747681,4.044994383889389e-08,0.02194741554558277,1.1900930019237421e-08,0.006939672864973545,6.887646009090531e-09,0.00046534446300938725,4.286548546672542e-11,0.0007505742833018303,8.979907789585795e-11,True
0,0,0.966037929058075,0.17150485515594482,0.17150428891181946,5.662441253662109e-07,0.966037929058075,3.442928075969576e-08,0.02544543147087097,1.4984562923814337e-08,0.007374040316790342,3.8997884921343484e-09,0.0004474482557270676,2.57024627275948e-11,0.0006951508112251759,5.499818309107063e-11,True
0,0,0.9768380522727966,0.12326296418905258,0.12326246500015259,4.991888999938965e-07,0.9768380522727966,1.6776807498786184e-08,0.018802689388394356,7.3459318628010806e-09,0.003830581670626998,2.0015211710244785e-09,0.00019697898824233562,8.432725871754254e-12,0.00033167487708851695,2.0144502385632812e-11,True
2,2,0.5326512455940247,0.924229621887207,0.9242048263549805,2.47955322265625e-05,0.030489081516861916,2.206735274512539e-07,0.408739298582077,9.14812244445784e-06,0.5326512455940247,9.747742296895012e-06,0.02074155956506729,6.905781901878072e-08,0.0073788585141301155,6.926992313083247e-09,True
1,0,0.9709888696670532,0.14283612370491028,0.1428353637456894,7.599592208862305e-07,0.9709888696670532,3.29820615263543e-08,0.02574251964688301,1.7737441737608606e-08,0.0029216816183179617,2.129843856835123e-09,0.0001291192602366209,7.525081252568455e-12,0.00021778167865704745,1.8575732965708802e-11,False
0,0,0.9360492825508118,0.2773754596710205,0.27737459540367126,8.642673492431641e-07,0.9360492825508118,7.848112915098682e-08,0.04981626942753792,3.1631870456294564e-08,0.012602569535374641,1.0886511248031638e-08,0.0006525662611238658,5.3887023315768445e-11,0.0008792706648819149,8.617871000149435e-11,True
3,3,0.6414033770561218,0.8886364698410034,0.8885828256607056,5.364418029785156e-05,1.5316680901378277e-06,1.78244971679644e-14,7.951141014927998e-05,2.7075111250218775e-11,0.2276783287525177,1.9073995645157993e-05,0.6414033770561218,1.7763091818778776e-05,0.13083729147911072,1.5050238744152011e-07,True
1,0,0.9273702502250671,0.3106936812400818,0.3106914460659027,2.2351741790771484e-06,0.9273702502250671,2.3821921502076293e-07,0.05392559990286827,7.354437769890865e-08,0.01627771370112896,4.13473415505905e-08,0.0010354593396186829,2.3723048525603474e-10,0.001390947145409882,3.4279815097626454e-10,False
0,0,0.9770836234092712,0.126015305519104,0.12601438164710999,9.238719940185547e-07,0.9770836234092712,3.6621784715862304e-08,0.01671862043440342,1.3047866787019302e-08,0.0051710703410208225,4.919942231396135e-09,0.0003760088875424117,4.049121801741329e-11,0.0006507179350592196,1.010337577489473e-10,True
0,0,0.9446827173233032,0.24366921186447144,0.24366703629493713,2.175569534301758e-06,0.9446827173233032,1.8686965574943315e-07,0.04561608284711838,8.15794223285593e-08,0.00862764660269022,1.8069755469696247e-08,0.00044070996227674186,7.736158241788971e-11,0.0006327939336188138,1.3393354481028297e-10,True
1,0,0.9510919451713562,0.2287975549697876,0.22879676520824432,7.897615432739258e-07,0.9510919451713562,5.394123192559164e-08,0.03662345930933952,1.9341978685361028e-08,0.0106410076841712,7.931491019519399e-09,0.0006685089902020991,5.666380906155233e-11,0.0009749854798428714,1.0417769424897472e-10,False
0,0,0.9834856390953064,0.09578423202037811,0.09578362107276917,6.109476089477539e-07,0.9834856390953064,1.5782806173092467e-08,0.0123998848721385,5.478537179470777e-09,0.0033965453039854765,2.0747707996093823e-09,0.00025009262026287615,1.8122104511464343e-11,0.00046784072765149176,5.3317076448289313e-11,True
0,0,0.9840256571769714,0.09109295904636383,0.09109245240688324,5.066394805908203e-07,0.9840256571769714,1.3864660530771289e-08,0.012998605147004128,7.012536773487454e-09,0.0025550408754497766,9.993590399659524e-10,0.00014677831495646387,5.559171178948219e-12,0.0002738993789535016,1.6682969242176604e-11,True
0,0,0.9031273722648621,0.3803498148918152,0.38034582138061523,3.993511199951172e-06,0.9031273722648621,6.479986041085795e-07,0.07401181012392044,2.736640567491122e-07,0.02048526704311371,7.104857502326922e-08,0.0010693081421777606,2.5994209562618664e-10,0.0013062097132205963,3.0098701309100306e-10,True
1,0,0.9525631070137024,0.22649279236793518,0.2264922857284546,5.066394805908203e-07,0.9525631070137024,4.060662561755635e-08,0.03317303583025932,1.1419780676646951e-08,0.012479172088205814,8.102725601588645e-09,0.0007417647866532207,4.1293607422332457e-11,0.001043005962856114,6.833163895825223e-11,False
0,0,0.5461959838867188,1.0797526836395264,1.0797199010849,3.2782554626464844e-05,0.5461959838867188,1.4535082300426438e-05,0.08553289622068405,5.51442624896481e-08,0.3218879699707031,1.0556281267781742e-05,0.0260302871465683,1.4928633618183085e-07,0.02035282365977764,7.099211529748573e-08,True
2,2,0.7096406817436218,0.7705168724060059,0.770507276058197,9.59634780883789e-06,0.0002970609930343926,9.807662321170696e-11,0.004177223891019821,8.596924949699769e-09,0.7096406817436218,3.2751395337982103e-06,0.22814004123210907,2.667823082447285e-06,0.057744961231946945,9.016839896958118e-08,True
0,0,0.9148120880126953,0.3624984622001648,0.36249592900276184,2.5331974029541016e-06,0.9148120880126953,3.4067139154103643e-07,0.05369843170046806,7.601905593901392e-08,0.027341967448592186,8.199301504419054e-08,0.0018457723781466484,4.920946983233421e-10,0.0023017125204205513,5.955452797579142e-10,True
0,0,0.9730873107910156,0.13954512774944305,0.13954441249370575,7.152557373046875e-07,0.9730873107910156,2.7889798914770836e-08,0.021730754524469376,1.2128308135572752e-08,0.004479412920773029,2.7494067023070556e-09,0.0002619135193526745,1.5860771029885257e-11,0.0004405380168464035,3.831835543310902e-11,True
0,0,0.9495003819465637,0.2393117994070053,0.239311084151268,7.152557373046875e-07,0.9495003819465637,5.76725298628844e-08,0.03416582569479942,1.656898263036055e-08,0.014292548410594463,1.1112573083948973e-08,0.0008572468650527298,6.650335143687514e-11,0.0011839841026812792,1.0808923200933407e-10,True
0,0,0.9116755723953247,0.3810485601425171,0.38104474544525146,3.814697265625e-06,0.9116755723953247,4.958521344633482e-07,0.04088752344250679,3.0150832941444605e-08,0.04171079024672508,2.2750293737772154e-07,0.0026492932811379433,1.6772415678545372e-09,0.003076819470152259,1.950504868730718e-09,True
1,0,0.957828164100647,0.20513486862182617,0.20513419806957245,6.705522537231445e-07,0.957828164100647,4.5660016212423216e-08,0.030502712354063988,1.929399040534463e-08,0.010174672119319439,5.982818240823917e-09,0.0006076248246245086,2.7871312896499134e-11,0.0008868211880326271,4.714603707434151e-11,False
2,0,0.9462036490440369,0.25268709659576416,0.2526857554912567,1.341104507446289e-06,0.9462036490440369,1.2939747762175102e-07,0.034943368285894394,3.804423798214884e-08,0.016652800142765045,2.6111777629012067e-08,0.0009453611564822495,9.906550579863449e-11,0.0012549393577501178,1.2881055944102826e-10,False
2,0,0.5284789204597473,1.0093064308166504,1.009294867515564,1.1563301086425781e-05,0.5284789204597473,4.382035058370093e-06,0.329571932554245,8.721507356312941e-07,0.13583876192569733,1.6781768863438629e-06,0.0036123916506767273,1.91740090471626e-09,0.0024980332236737013,7.273985858091692e-10,False
0,0,0.9380836486816406,0.28079670667648315,0.2807941436767578,2.562999725341797e-06,0.9380836486816406,2.513463357445289e-07,0.04157062992453575,5.457384588680725e-08,0.01781010627746582,5.694073479389772e-08,0.0010911443969234824,3.6850081319705907e-10,0.0014445495326071978,5.530504942896641e-10,True
0,0,0.9306398630142212,0.30912643671035767,0.309124618768692,1.817941665649414e-06,0.9306398630142212,2.0790153598682082e-07,0.044202279299497604,5.1300265369036424e-08,0.021981442347168922,4.7916017820170964e-08,0.0013896941673010588,2.799392939678569e-10,0.0017867879942059517,3.72789826785791e-10,True
3,2,0.49183931946754456,0.9310071468353271,0.9309962391853333,1.0907649993896484e-05,1.7228085198439658e-05,2.812912663213707e-13,0.0008395534241572022,3.5289743349764535e-10,0.49183931946754456,5.496704034158029e-06,0.4208671748638153,4.340041868999833e-06,0.08643677085638046,1.1091249518813129e-07,False
0,0,0.942115306854248,0.2716507315635681,0.27164989709854126,8.344650268554688e-07,0.942115306854248,6.963355048128506e-08,0.03587647154927254,1.4691343253048217e-08,0.018473565578460693,1.7625762183115512e-08,0.0014717229641973972,1.7522899797839386e-10,0.0020628958009183407,2.8404997798325837e-10,True
0,0,0.9195451736450195,0.34446167945861816,0.3444599211215973,1.7583370208740234e-06,0.9195451736450195,1.9818317298359034e-07,0.05300121381878853,3.341854082350437e-08,0.023928452283143997,5.56282309105427e-08,0.001554525806568563,4.2777506537028387e-10,0.0019706571474671364,5.993834317763458e-10,True
2,3,0.619195282459259,0.9099806547164917,0.9099611639976501,1.9490718841552734e-05,2.3816451175662223e-06,1.8597045425968947e-14,0.00010337600542698056,1.7864550116986067e-11,0.2505037486553192,7.188916697487002e-06,0.619195282459259,7.111728336894885e-06,0.13019528985023499,9.108232035259789e-08,False
0,0,0.9050564169883728,0.3847358226776123,0.38473400473594666,1.817941665649414e-06,0.9050564169883728,2.487173844656354e-07,0.06605065613985062,6.035124044956319e-08,0.025581596419215202,5.696697868984302e-08,0.0014930693432688713,2.837003132416527e-10,0.0018182892818003893,3.391222858084575e-10,True
1,2,0.4982418715953827,1.1453948020935059,1.1453680992126465,2.6702880859375e-05,0.12635557353496552,2.8139154437667457e-06,0.3293973505496979,3.60626677320397e-06,0.4982418715953827,9.03455656953156e-06,0.030416196212172508,1.0454756704803003e-07,0.015589027665555477,2.008059318825417e-08,False
0,0,0.978167712688446,0.1222539097070694,0.12225309759378433,8.121132850646973e-07,0.978167712688446,2.7107606825893527e-08,0.015222065150737762,7.131448764852166e-09,0.005473715718835592,4.639960859975645e-09,0.00041563715785741806,4.170910145040452e-11,0.0007208143942989409,1.0435022290700147e-10,True
0,0,0.9722084999084473,0.14086556434631348,0.14086511731147766,4.470348358154297e-07,0.9722084999084473,2.0360232610983076e-08,0.02351636253297329,1.0820275342382502e-08,0.003743921173736453,1.5792508412104667e-09,0.00019799948495347053,5.47297753991649e-12,0.0003332384512759745,1.2179667864542498e-11,True
2,2,0.6861141324043274,0.8303428292274475,0.8303200006484985,2.282857894897461e-05,0.0005498534301295877,5.849074558028633e-10,0.00980329792946577,9.569060210878888e-08,0.6861141324043274,6.501978987216717e-06,0.23629355430603027,5.839102868776536e-06,0.0672391951084137,2.223165296300067e-07,True
1,0,0.9572435617446899,0.21407172083854675,0.21407054364681244,1.1771917343139648e-06,0.9572435617446899,6.717109357623485e-08,0.025881310924887657,9.365472841693645e-09,0.014369954355061054,2.393879761086737e-08,0.0010265375021845102,1.8595622264250267e-10,0.0014786645770072937,3.1791139165626703e-10,False
0,0,0.9538581967353821,0.2237931489944458,0.22379182279109955,1.3262033462524414e-06,0.9538581967353821,8.598399148240787e-08,0.03069888986647129,1.975257291064736e-08,0.013413227163255215,2.059861969883059e-08,0.000842040404677391,1.4824023952808574e-10,0.0011876001954078674,2.5897425870446966e-10,True
0,0,0.9741207957267761,0.1312297284603119,0.13122914731502533,5.811452865600586e-07,0.9741207957267761,2.448278735300846e-08,0.022719552740454674,1.549111949827875e-08,0.0027385898865759373,9.81729919580232e-10,0.0001505398249719292,4.917946258564676e-12,0.0002704742073547095,1.3438021528866528e-11,True
1,0,0.9297506213188171,0.31106582283973694,0.3110641837120056,1.6391277313232422e-06,0.9297506213188171,1.7804754293138103e-07,0.04622427001595497,4.405516307315338e-08,0.020809290930628777,4.05714075668584e-08,0.001392645644955337,2.570416102187778e-10,0.0018231722060590982,3.5717187540917905e-10,False
2,2,0.6158261299133301,0.8836642503738403,0.883654773235321,9.47713851928711e-06,0.00016862043412402272,2.5206333548188908e-11,0.0043585109524428844,8.108393068084752e-09,0.6158261299133301,3.8511875573021825e-06,0.30204758048057556,2.9528559934988152e-06,0.07759915292263031,1.531941364874001e-07,True
0,0,0.961432158946991,0.1815890073776245,0.181588277220726,7.301568984985352e-07,0.961432158946991,4.522194529954504e-08,0.033028554171323776,2.183871039562746e-08,0.004920470993965864,3.971619921827596e-09,0.00024077054695226252,1.7247984290813534e-11,0.0003780959523282945,3.713498258894887e-11,True
1,2,0.5878190398216248,0.9424810409545898,0.9424517750740051,2.9265880584716797e-05,0.03328176960349083,3.0753858482057694e-07,0.3396243751049042,9.830823728407267e-06,0.5878190398216248,9.880885954771657e-06,0.028579741716384888,1.4533449643749918e-07,0.01069511380046606,1.736024479725984e-08,False
2,2,0.8370674252510071,0.6041107773780823,0.6041049957275391,5.781650543212891e-06,0.002008135663345456,2.0746930839976585e-09,0.03409724682569504,1.9947300700096093e-07,0.8370674252510071,1.774868252368833e-07,0.09981776773929596,4.1245479565077403e-07,0.027009380981326103,2.3517284120089244e-08,True
4,2,0.47616758942604065,0.9810093641281128,0.9809975028038025,1.1861324310302734e-05,0.00013001594925299287,2.7563618054671224e-11,0.0008797807968221605,5.582196926923189e-10,0.47616758942604065,5.609415438811993e-06,0.40311548113822937,4.679903668147745e-06,0.1197071298956871,8.667096551562281e-08,False
2,2,0.6356152892112732,0.8740976452827454,0.8740882873535156,9.357929229736328e-06,0.00031883735209703445,9.20982595742359e-11,0.005167723633348942,1.0670482275543236e-08,0.6356152892112732,3.6368437577039003e-06,0.2804059386253357,2.8420697617548285e-06,0.07849224656820297,1.393607504951433e-07,True
2,2,0.753757655620575,0.7923134565353394,0.7922965288162231,1.6927719116210938e-05,0.0038781294133514166,1.4881140764089196e-08,0.0315672941505909,4.755005704737414e-07,0.753757655620575,1.0333995987821254e-06,0.15633244812488556,2.0038228285557125e-06,0.05446445941925049,1.396988835722368e-07,True
0,0,0.7684344053268433,0.7074214220046997,0.7074087858200073,1.2636184692382812e-05,0.7684344053268433,3.2132018077390967e-06,0.16512632369995117,4.950276206727722e-07,0.059352315962314606,9.753006224855199e-07,0.0035234414972364902,6.0984564065336144e-09,0.0035635659005492926,5.215654574897144e-09,True
0,2,0.7637212872505188,0.7632887363433838,0.7632843255996704,4.410743713378906e-06,0.008485231548547745,2.127418419206606e-08,0.013591635040938854,2.3263952542151856e-08,0.7637212872505188,4.931451371703588e-07,0.15263435244560242,5.385956001191516e-07,0.0615675114095211,5.490718990586174e-08,False
0,0,0.9212713241577148,0.336657851934433,0.33665594458580017,1.9073486328125e-06,0.9212713241577148,2.1209253020515462e-07,0.05266301706433296,5.0526871575584664e-08,0.0231940858066082,5.925015145180623e-08,0.001285903388634324,2.9511851296071256e-10,0.0015857398975640535,3.7372319128259335e-10,True
0,0,0.9800835847854614,0.1154537945985794,0.11545320600271225,5.885958671569824e-07,0.9800835847854614,1.8665035739218183e-08,0.012385785579681396,4.1602783440453095e-09,0.006130985915660858,3.800259662511962e-09,0.000508096709381789,4.2646476627883345e-11,0.0008915552170947194,1.140169278435188e-10,True
0,0,0.9698881506919861,0.1504259705543518,0.15042448043823242,1.4901161193847656e-06,0.9698881506919861,7.79819799845427e-08,0.025401517748832703,4.1242032011723495e-08,0.004093681462109089,4.928233376944036e-09,0.00023000701912678778,2.598795137420673e-11,0.00038668059278279543,6.187220180642328e-11,True
0,0,0.9825801849365234,0.09378576278686523,0.09378539770841599,3.650784492492676e-07,0.9825801849365234,1.2293516427064333e-08,0.01586841605603695,7.85593368135551e-09,0.0013476263266056776,4.2978515191194333e-10,6.79646254866384e-05,1.813512989952415e-12,0.00013586691056843847,6.168017051971786e-12,True
2,0,0.5253326296806335,1.0440647602081299,1.0440597534179688,5.0067901611328125e-06,0.5253326296806335,2.0041352399857715e-06,0.31618940830230713,8.135020266308857e-07,0.1467343121767044,5.597867129836231e-07,0.006657950580120087,1.6963760396393468e-09,0.005085696466267109,7.674723079276191e-10,False
0,0,0.9808260202407837,0.10395153611898422,0.10395120829343796,3.2782554626464844e-07,0.9808260202407837,1.297566232238978e-08,0.01643950305879116,7.456984363329866e-09,0.0023781456984579563,7.469329599274488e-10,0.000125391103210859,3.171140216737256e-12,0.00023097997473087162,8.939780339611847e-12,True
2,0,0.4967906177043915,1.1857178211212158,1.1856591701507568,5.8650970458984375e-05,0.4967906177043915,2.2726788301952183e-05,0.17139609158039093,2.6819037657332956e-07,0.2839380204677582,1.58694019773975e-05,0.02660537324845791,3.282672196291969e-07,0.021269936114549637,1.6799444324533397e-07,False
0,0,0.9664180874824524,0.17321078479290009,0.17320995032787323,8.344650268554688e-07,0.9664180874824524,4.351155169501908e-08,0.023148922249674797,1.227456625230161e-08,0.008883378468453884,8.686081187647687e-09,0.0006079477607272565,5.0456760297690195e-11,0.0009416639804840088,9.417095575559031e-11,True
2,3,0.6206962466239929,0.8972190618515015,0.8972034454345703,1.5616416931152344e-05,1.2492074574765866e-06,3.5060110349459774e-15,4.739113865070976e-05,2.826819941320613e-12,0.2638864517211914,6.128992936282884e-06,0.6206962466239929,5.702642738469876e-06,0.11536859720945358,4.5047396923791894e-08,False
0,0,0.9045697450637817,0.370857834815979,0.3708524703979492,5.364418029785156e-06,0.9045697450637817,8.335827033079113e-07,0.0754559263586998,3.840440854219196e-07,0.018278202041983604,8.557592678926085e-08,0.0007722109439782798,2.4113874785847145e-10,0.0009239413775503635,2.8501498383626256e-10,True
0,0,0.9627701044082642,0.1871364563703537,0.18713580071926117,6.556510925292969e-07,0.9627701044082642,3.646668034207323e-08,0.02647748962044716,1.0164875163809484e-08,0.00909989234060049,6.6107137541848715e-09,0.000647352950181812,5.345017831115406e-11,0.0010051637655124068,1.0793262117392288e-10,True
0,0,0.9782716035842896,0.12343628704547882,0.12343510240316391,1.1846423149108887e-06,0.9782716035842896,4.1200006961616964e-08,0.013947921805083752,8.27132851100032e-09,0.006388167385011911,8.690982156167593e-09,0.0005120831774547696,1.1369041125197654e-10,0.000880244595464319,3.0242125470536507e-10,True
0,0,0.9290741086006165,0.31222277879714966,0.3122203052043915,2.473592758178711e-06,0.9290741086006165,2.570210142494034e-07,0.04748046025633812,5.328049113018096e-08,0.020380934700369835,6.583746881005936e-08,0.001328219543211162,4.4582257330283426e-10,0.001736304722726345,6.382085970813023e-10,True
0,0,0.9774777293205261,0.12396366894245148,0.12396297603845596,6.92903995513916e-07,0.9774777293205261,2.4187624347860037e-08,0.016520584002137184,6.932622031996516e-09,0.005068434868007898,3.8771714727658946e-09,0.00034412776585668325,2.979863578111974e-11,0.0005890908068977296,7.48461709276782e-11,True
0,0,0.6581296324729919,0.9626704454421997,0.9626623392105103,8.106231689453125e-06,0.6581296324729919,2.543467189752846e-06,0.16402433812618256,8.799274553439318e-08,0.15510617196559906,1.5330318774431362e-06,0.012027513235807419,1.9697548481190097e-08,0.01071235816925764,1.3336094006888288e-08,True
0,0,0.9251731038093567,0.3285924196243286,0.3285907208919525,1.6987323760986328e-06,0.9251731038093567,1.78363748659649e-07,0.04758092388510704,3.337376952572413e-08,0.023459484800696373,5.018259940925418e-08,0.0016467300010845065,3.9191455636355954e-10,0.002139755291864276,5.5627252804058e-10,True
0,0,0.9597970247268677,0.19171781837940216,0.19171655178070068,1.2665987014770508e-06,0.9597970247268677,8.645173465993139e-08,0.032585326582193375,3.890999167310838e-08,0.006625276058912277,7.682592340074734e-09,0.0003881174197886139,4.689683016922963e-11,0.0006043245084583759,9.812928247754371e-11,True
2,2,0.4235803186893463,1.084296464920044,1.0842723846435547,2.4080276489257812e-05,0.1376555860042572,2.9840823572158115e-06,0.42083603143692017,2.7617236355581554e-06,0.4235803186893463,8.644972695037723e-06,0.012331346981227398,1.9329634781684035e-08,0.005596729461103678,2.875484295117303e-09,True
0,0,0.9686760902404785,0.1584198921918869,0.15841935575008392,5.364418029785156e-07,0.9686760902404785,3.050319463682172e-08,0.024831533432006836,1.4372838919030073e-08,0.005628661718219519,3.0091151792532855e-09,0.0003298730298411101,1.6019519044618846e-11,0.0005338870687410235,3.532517681148484e-11,True
0,0,0.5360474586486816,1.1066187620162964,1.1065759658813477,4.279613494873047e-05,0.5360474586486816,1.9185788914910518e-05,0.0807613730430603,7.774928434400863e-08,0.32568106055259705,1.251133198820753e-05,0.03169780597090721,2.8562658371811267e-07,0.025812331587076187,1.5212354753657564e-07,True
0,0,0.9815061688423157,0.10744079947471619,0.10744038969278336,4.0978193283081055e-07,0.9815061688423157,1.498920987330621e-08,0.012160933576524258,4.159474098486271e-09,0.005325305741280317,2.6225077665031904e-09,0.0003703714464791119,2.0151774346444107e-11,0.0006372770294547081,5.0963479963916924e-11,True
0,0,0.9149119257926941,0.353378027677536,0.3533754348754883,2.592802047729492e-06,0.9149119257926941,3.3577239832993655e-07,0.06055155023932457,9.387102295477234e-08,0.021509548649191856,6.463545787482872e-08,0.0013354653492569923,3.354119204601602e-10,0.0016915135784074664,4.22440082914477e-10,True
0,0,0.9624581336975098,0.18074247241020203,0.18074150383472443,9.685754776000977e-07,0.9624581336975098,5.62751409916018e-08,0.030609607696533203,2.476941141082989e-08,0.006235230714082718,5.920657741853574e-09,0.0002806637203320861,1.8028684448112564e-11,0.00041632624925114214,3.27552776568929e-11,True
0,0,0.9764057397842407,0.12466275691986084,0.12466185539960861,9.015202522277832e-07,0.9764057397842407,3.7091854920845435e-08,0.019480576738715172,1.9096688674835605e-08,0.0035432905424386263,2.5278621418323155e-09,0.0002072834176942706,1.2253104780812762e-11,0.00036311938310973346,3.027651046538793e-11,True
0,0,0.9416009783744812,0.27047571539878845,0.27047353982925415,2.175569534301758e-06,0.9416009783744812,2.1268590444378788e-07,0.037825025618076324,4.931658281748241e-08,0.017793869599699974,4.695099775631206e-08,0.0011819007340818644,3.0320701505104353e-10,0.0015982385957613587,4.488394100832238e-10,True
0,0,0.8722121119499207,0.49366289377212524,0.4936602711677551,2.6226043701171875e-06,0.8722121119499207,4.99185432545346e-07,0.07460158318281174,9.279487045432688e-08,0.04650184139609337,1.376290441612582e-07,0.0031418565195053816,9.833870384667875e-10,0.0035425175447016954,1.0464458188863546e-09,True
0,0,0.9803974032402039,0.10403784364461899,0.10403712093830109,7.227063179016113e-07,0.9803974032402039,2.6423929710972516e-08,0.017538899555802345,1.858264297993628e-08,0.00180221872869879,5.777290867925444e-10,9.022763697430491e-05,2.000006280380995e-12,0.0001712262601358816,5.7725963766019905e-12,True
3,2,0.6541930437088013,0.8632535338401794,0.8632435202598572,1.0013580322265625e-05,0.0004652438801713288,1.3737358472987182e-10,0.007192378398030996,1.9245456783778536e-08,0.6541930437088013,3.634629592852434e-06,0.2623487412929535,2.768265630948008e-06,0.07580054551362991,1.6563460292218224e-07,False
1,1,0.6794034838676453,0.8487067222595215,0.8487005233764648,6.198883056640625e-06,0.07571335136890411,3.4772469348354207e-07,0.6794034838676453,1.614675966266077e-06,0.2353552132844925,1.288579710490012e-06,0.006607829127460718,3.1515074994103998e-09,0.002920118859037757,7.367645937783607e-10,True
0,0,0.9128811955451965,0.35412412881851196,0.35412031412124634,3.814697265625e-06,0.9128811955451965,4.4338972315927094e-07,0.06546606123447418,1.1331858473795364e-07,0.019155804067850113,9.278071644303054e-08,0.0010989932343363762,5.109030976058193e-10,0.0013979554641991854,6.940323871162946e-10,True
0,0,0.9246771931648254,0.32047808170318604,0.3204750418663025,3.039836883544922e-06,0.9246771931648254,3.3311334846075624e-07,0.05466762185096741,8.295361197951934e-08,0.01826518215239048,7.211917107952104e-08,0.0010434103896841407,3.5281769172890165e-10,0.0013465785887092352,4.767986561127202e-10,True
0,0,0.8151764273643494,0.6612958908081055,0.6612748503684998,2.104043960571289e-05,0.8151764273643494,5.281405265122885e-06,0.07146076112985611,1.1189261073241141e-07,0.09650429338216782,2.661266535142204e-06,0.008266589604318142,3.795166847453402e-08,0.008591932244598866,3.5260825370642124e-08,True
2,0,0.43651261925697327,1.2459700107574463,1.245914340019226,5.5670738220214844e-05,0.43651261925697327,2.0971361664123833e-05,0.15962772071361542,3.4861449194067973e-07,0.3378860652446747,1.4687209841213189e-05,0.03694228455424309,5.179896334084333e-07,0.029031354933977127,2.6503931849219953e-07,False
0,0,0.9406866431236267,0.27077871561050415,0.2707773745059967,1.341104507446289e-06,0.9406866431236267,1.133161617872247e-07,0.04036517068743706,2.9687388547472437e-08,0.016658911481499672,2.7401336311072555e-08,0.0009825244778767228,1.541046040776095e-10,0.0013067604741081595,2.301249746317069e-10,True
0,0,0.9747259020805359,0.13007888197898865,0.13007834553718567,5.364418029785156e-07,0.9747259020805359,2.2072434546771547e-08,0.021581247448921204,1.2559986828364345e-08,0.003245501546189189,1.3654977149002434e-09,0.00016454751312267035,7.0825728094858764e-12,0.0002828200813382864,1.8849005689602905e-11,True
2,2,0.7318918108940125,0.7918967008590698,0.7918717861175537,2.491474151611328e-05,0.0160994715988636,1.1276247136038364e-07,0.20383821427822113,6.4763175942061935e-06,0.7318918108940125,5.6654725995031185e-06,0.03648289293050766,1.7242932415229006e-07,0.01168760098516941,1.514002256897129e-08,True
0,0,0.8625981211662292,0.530096173286438,0.5300872325897217,8.940696716308594e-06,0.8625981211662292,1.834392946875596e-06,0.06589487940073013,1.3014154376378428e-07,0.06194354221224785,7.393524015242292e-07,0.00456209247931838,6.502421268095304e-09,0.0050013200379908085,6.396642326933488e-09,True
1,1,0.4216473698616028,1.1382503509521484,1.1382408142089844,9.5367431640625e-06,0.29463300108909607,2.035837724179146e-06,0.4216473698616028,9.069821089724428e-07,0.2719500660896301,2.7163298454979667e-06,0.0075626857578754425,5.345222486852208e-09,0.004206987097859383,1.4400698411520807e-09,True
0,0,0.953499972820282,0.2192622721195221,0.21926115453243256,1.1175870895385742e-06,0.953499972820282,8.007870633264247e-08,0.03489905223250389,2.4010244459304886e-08,0.010260151699185371,1.3323480985150127e-08,0.0005534983356483281,6.434266314192527e-11,0.0007873118738643825,1.1046561582128689e-10,True
0,0,0.9230009913444519,0.34471631050109863,0.34471338987350464,2.9206275939941406e-06,0.9230009913444519,3.4181010732936556e-07,0.03551705181598663,2.5218399812843018e-08,0.035911209881305695,1.434926844012807e-07,0.00251373159699142,1.2278250638431132e-09,0.003056979039683938,1.5566140598721745e-09,True
0,0,0.9649063944816589,0.17261502146720886,0.17261329293251038,1.7285346984863281e-06,0.9649063944816589,9.997757643986915e-08,0.028292864561080933,4.218637528197178e-08,0.005869588349014521,9.872364259422284e-09,0.0003571460547391325,5.89950865936828e-11,0.0005740126362070441,1.2688383677073034e-10,True
0,0,0.9163536429405212,0.3563424050807953,0.356340229511261,2.175569534301758e-06,0.9163536429405212,2.4311265178766917e-07,0.053869105875492096,5.21362331085129e-08,0.025854915380477905,7.53547695353518e-08,0.001736642443574965,5.619165688308669e-10,0.002185829682275653,7.519243561127098e-10,True
0,0,0.8826965689659119,0.4574187994003296,0.4574160575866699,2.7418136596679688e-06,0.8826965689659119,4.64613691519844e-07,0.07234718650579453,1.0534369465631244e-07,0.04042768478393555,1.27657983739482e-07,0.0021538855507969856,5.688620685617707e-10,0.0023746707011014223,5.696261240473177e-10,True
0,0,0.9331590533256531,0.29667559266090393,0.2966732382774353,2.3543834686279297e-06,0.9331590533256531,2.489188091203687e-07,0.0460665225982666,6.509846883773207e-08,0.018077289685606956,4.753146853886392e-08,0.001155087142251432,3.132092918356477e-10,0.0015420146519318223,4.689639787613942e-10,True
0,0,0.8556287884712219,0.5477240681648254,0.5477209687232971,3.0994415283203125e-06,0.8556287884712219,6.955839921829465e-07,0.07178425043821335,7.958235670457725e-08,0.06305132806301117,2.6002112463174853e-07,0.004561900161206722,1.7231499560566022e-09,0.00497382553294301,1.552119432979282e-09,True
0,0,0.9650365114212036,0.18198946118354797,0.18198834359645844,1.1175870895385742e-06,0.9650365114212036,6.049605616453846e-08,0.0212263111025095,1.1807386179896184e-08,0.011769529432058334,1.6522436752097747e-08,0.0007928330451250076,1.1119071635645739e-10,0.001174795557744801,2.0252426125022538e-10,True
2,2,0.7382840514183044,0.8501192927360535,0.8500919342041016,2.7358531951904297e-05,0.016807127743959427,1.7090378889861313e-07,0.15541072189807892,5.115503427077783e-06,0.7382840514183044,3.2850712159415707e-06,0.0654359832406044,5.20455955665966e-07,0.02406211569905281,4.904315176190721e-08,True
1,0,0.8301359415054321,0.6166452169418335,0.6166397929191589,5.424022674560547e-06,0.8301359415054321,1.3898785482524545e-06,0.07582186162471771,9.775376241805134e-08,0.0820457711815834,5.98572796661756e-07,0.005907637067139149,4.215494175952017e-09,0.006088860332965851,3.3826530465574933e-09,False
0,0,0.7543429732322693,0.7981452345848083,0.7981393933296204,5.841255187988281e-06,0.7543429732322693,1.8158350485464325e-06,0.08679313957691193,5.5998111037069975e-08,0.13608650863170624,9.699633665150031e-07,0.011602002196013927,1.3886825911413325e-08,0.011175393126904964,1.1200032012936845e-08,True
0,0,0.7961573600769043,0.6905738115310669,0.6905673146247864,6.496906280517578e-06,0.7961573600769043,1.6462470284750452e-06,0.108891561627388,1.355516161538617e-07,0.0830545574426651,6.992840440034342e-07,0.005907127633690834,6.232134808215051e-09,0.005989426281303167,5.355212273627785e-09,True
0,0,0.8973086476325989,0.4124837815761566,0.41248273849487305,1.043081283569336e-06,0.8973086476325989,1.3311593249909492e-07,0.06720270961523056,2.864858039686169e-08,0.0314638577401638,4.127379327201197e-08,0.0018510203808546066,2.5325475050408386e-10,0.0021737541537731886,3.1173658099348245e-10,True
0,0,0.955984890460968,0.21908894181251526,0.21908794343471527,9.98377799987793e-07,0.955984890460968,7.125441925381892e-08,0.026424789801239967,1.3006420829242415e-08,0.015055625699460506,1.960394158118106e-08,0.0010470205452293158,1.4603371290000666e-10,0.0014877325156703591,2.4900623230017516e-10,True
0,0,0.8741158843040466,0.470883309841156,0.4708782136440277,5.0961971282958984e-06,0.8741158843040466,8.027650437725242e-07,0.08862029761075974,1.55372887888916e-07,0.03309834748506546,2.1896683222166757e-07,0.0019370866939425468,1.2901009149857146e-09,0.0022283638827502728,1.454179221482832e-09,True
0,0,0.9660391211509705,0.1696280837059021,0.16962672770023346,1.3560056686401367e-06,0.9660391211509705,7.389144229819067e-08,0.026511022821068764,2.8158266829336753e-08,0.00648753484711051,8.67300986584496e-09,0.0003734621568582952,5.146819082035847e-11,0.0005888317828066647,1.1010182349169284e-10,True
0,0,0.8491894006729126,0.530839204788208,0.5308352112770081,3.993511199951172e-06,0.8491894006729126,7.358553943959123e-07,0.10735426098108292,1.7448364530991967e-07,0.039441388100385666,2.0517846621714853e-07,0.0019392464309930801,8.604714718529749e-10,0.0020756975281983614,8.283215779947284e-10,True
0,2,0.6297039985656738,0.9947075843811035,0.9946805238723755,2.7060508728027344e-05,0.012707948684692383,2.3446304453500488e-07,0.014448516070842743,1.4922045465937117e-07,0.6297039985656738,3.6195690427121008e-06,0.22680926322937012,4.1375519685971085e-06,0.11633024364709854,5.187545752960432e-07,False
0,0,0.954489529132843,0.22112634778022766,0.22112508118152618,1.2665987014770508e-06,0.954489529132843,1.075195044109023e-07,0.031046980991959572,3.525033065443495e-08,0.012286647222936153,1.5548081933047797e-08,0.0008795665926299989,1.0146328222049306e-10,0.0012973285047337413,1.710606517546509e-10,True
0,0,0.8703524470329285,0.5164856314659119,0.5164704918861389,1.5139579772949219e-05,0.8703524470329285,3.0438170597335557e-06,0.04360675439238548,8.187554811911468e-08,0.07200231403112411,1.4376264516613446e-06,0.00656635407358408,2.1925648852061386e-08,0.007472091820091009,2.4242153173759107e-08,True
0,0,0.980866551399231,0.10732197761535645,0.10732155293226242,4.246830940246582e-07,0.980866551399231,1.6235745192716422e-08,0.014652090147137642,6.460825208165488e-09,0.0038401156198233366,1.8543871993514927e-09,0.00023240922018885612,8.578717597407248e-12,0.00040888917283155024,2.0423336632990896e-11,True
0,0,0.7656087279319763,0.7292914986610413,0.7292826175689697,8.881092071533203e-06,0.7656087279319763,2.2636836547462735e-06,0.15187831223011017,3.1834460401114484e-07,0.07420163601636887,8.484076943204855e-07,0.0042352937161922455,5.036992600793155e-09,0.004076092503964901,3.947822513339361e-09,True
0,0,0.9234949350357056,0.3159244656562805,0.3159226179122925,1.8477439880371094e-06,0.9234949350357056,2.1640209979523206e-07,0.06061471626162529,7.936897361560113e-08,0.014147058129310608,3.036991458316152e-08,0.0007525336113758385,1.2124176662631214e-10,0.0009907985804602504,1.66324801154083e-10,True
0,0,0.9529029726982117,0.22238865494728088,0.22238779067993164,8.642673492431641e-07,0.9529029726982117,5.464106678232383e-08,0.03533391281962395,1.8409309632261284e-08,0.01004842296242714,9.73645786217503e-09,0.0006859935238026083,8.72002886564971e-11,0.0010287131881341338,1.752764877682722e-10,True
0,0,0.9625728726387024,0.18923169374465942,0.18923096358776093,7.301568984985352e-07,0.9625728726387024,4.7043787532174974e-08,0.025565126910805702,1.645404168471032e-08,0.010095820762217045,7.028384985119374e-09,0.0007008253014646471,5.131718314177469e-11,0.00106534524820745,9.753054613925727e-11,True
0,0,0.972416877746582,0.13995325565338135,0.1399524211883545,8.344650268554688e-07,0.972416877746582,3.657663683043211e-08,0.023344242945313454,1.940944649447829e-08,0.0037339371629059315,2.357327888447003e-09,0.0001890056737465784,1.0013294880761858e-11,0.0003158789477311075,2.365023107908648e-11,True
0,0,0.9639983177185059,0.17470180988311768,0.17470049858093262,1.3113021850585938e-06,0.9639983177185059,7.843763683013094e-08,0.029647035524249077,3.581472185487655e-08,0.0055695450864732265,7.067443963393316e-09,0.00030425903969444335,3.232420928145352e-11,0.0004808981902897358,6.589043893834301e-11,True
0,0,0.9620876312255859,0.19387227296829224,0.19387058913707733,1.6838312149047852e-06,0.9620876312255859,1.1199865923572361e-07,0.02465706132352352,3.210194776670505e-08,0.010756191797554493,1.6976008154756528e-08,0.0009633860900066793,2.1691838603121738e-10,0.0015357189113274217,4.5901935030734364e-10,True
0,0,0.6489370465278625,0.9022752046585083,0.902265727519989,9.47713851928711e-06,0.6489370465278625,3.511986506055109e-06,0.24365215003490448,1.006032903205778e-06,0.0981382429599762,8.89928003289242e-07,0.004965060856193304,3.8125951284939674e-09,0.004307509399950504,2.370389440287113e-09,True
0,0,0.9576531648635864,0.20220282673835754,0.2022010087966919,1.817941665649414e-06,0.9576531648635864,1.260316224716007e-07,0.033084042370319366,4.5997818887144604e-08,0.007964011281728745,1.5343550430202413e-08,0.0005115910316817462,9.478888507441496e-11,0.000787234865128994,1.8335784279788214e-10,True
2,2,0.7702709436416626,0.8289157152175903,0.8289077877998352,7.927417755126953e-06,0.027211060747504234,2.2873147997870547e-07,0.04773848503828049,2.269529630893885e-07,0.7702709436416626,3.6388965440892207e-07,0.10683920234441757,2.592292389635986e-07,0.047940339893102646,3.377566315521108e-08,True
0,0,0.9342828989028931,0.3008405566215515,0.30083730816841125,3.248453140258789e-06,0.9342828989028931,3.270573927238729e-07,0.03918364644050598,5.703495276065951e-08,0.022485146299004555,8.941779583437892e-08,0.0017317980527877808,8.2800200029709e-10,0.002316495170816779,1.229303436822704e-09,True
0,0,0.8147603869438171,0.6486235857009888,0.6486148238182068,8.761882781982422e-06,0.8147603869438171,1.9709534626599634e-06,0.09919442981481552,1.3912169549712416e-07,0.0746857151389122,8.514456908415013e-07,0.005555230658501387,9.205836981607263e-09,0.005804215557873249,8.853132449360146e-09,True
4,0,0.9156084060668945,0.3621096611022949,0.3620787560939789,3.090500831604004e-05,0.9156084060668945,3.7656573113054037e-06,0.05330829694867134,5.344298301679373e-07,0.02604926936328411,1.0194263495577616e-06,0.002173950430005789,1.2431796037049025e-08,0.002860062289983034,1.8242912958044144e-08,False
2,0,0.9473899006843567,0.24671629071235657,0.24671506881713867,1.2218952178955078e-06,0.9473899006843567,1.0126780836117177e-07,0.036598797887563705,2.908995178074747e-08,0.013665660284459591,1.8567439141747855e-08,0.0009618464973755181,1.3561370082459945e-10,0.001383759779855609,2.312047220343061e-10,False
0,0,0.9659027457237244,0.17843002080917358,0.17842748761177063,2.5331974029541016e-06,0.9659027457237244,1.4403374848370731e-07,0.02148856781423092,2.9302958282073632e-08,0.010431148111820221,3.276430504683958e-08,0.0008471179171465337,3.013617966285409e-10,0.001330446801148355,5.942537018022165e-10,True
0,0,0.9810293316841125,0.1055125817656517,0.10551214218139648,4.3958425521850586e-07,0.9810293316841125,1.2972869001259824e-08,0.015139964409172535,4.575787304617052e-09,0.0032685466576367617,1.7558393627936653e-09,0.00020019114890601486,1.1083170839421008e-11,0.0003619563940446824,3.113789781572507e-11,True
0,2,0.7685573101043701,0.8088725805282593,0.8088604211807251,1.2159347534179688e-05,0.030225658789277077,3.2971797736536246e-07,0.019198758527636528,7.536105073313593e-08,0.7685573101043701,5.254244683783327e-07,0.1228177547454834,8.669424005347537e-07,0.05920053645968437,1.7087583614738833e-07,False
2,2,0.7866978049278259,0.7782279253005981,0.7782172560691833,1.0669231414794922e-05,0.02420871891081333,1.7821862741129735e-07,0.03389221057295799,2.303532937730779e-07,0.7866978049278259,2.9888150265833247e-07,0.10774582624435425,6.27474776138115e-07,0.047455500811338425,1.0778003911582346e-07,True
0,0,0.9426846504211426,0.25746431946754456,0.25746315717697144,1.1622905731201172e-06,0.9426846504211426,9.848949389379413e-08,0.04347730800509453,4.003586440148865e-08,0.01215376891195774,1.3603497883707405e-08,0.0007031603017821908,6.547389713729146e-11,0.0009810462361201644,1.0432326530418479e-10,True
2,2,0.7558133006095886,0.8196399211883545,0.8196196556091309,2.0265579223632812e-05,0.01213207095861435,7.893822129290129e-08,0.13266180455684662,3.457529373918078e-06,0.7558133006095886,1.8797112488755374e-06,0.07343346625566483,4.377421873869025e-07,0.025959355756640434,3.775238255343538e-08,True
0,0,0.5375514626502991,1.1429593563079834,1.1429463624954224,1.2993812561035156e-05,0.5375514626502991,4.452977918845136e-06,0.20928387343883514,9.518775101469146e-08,0.2147906869649887,2.968564558614162e-06,0.020758137106895447,5.7648620099826076e-08,0.01761583611369133,3.424108285798866e-08,True
0,0,0.9390613436698914,0.27866482734680176,0.27866196632385254,2.86102294921875e-06,0.9390613436698914,2.7317540229887527e-07,0.04004142805933952,5.2771198966183874e-08,0.018175972625613213,6.629269933000614e-08,0.0011648929212242365,4.4732129111935137e-10,0.0015564273344352841,6.637294602818145e-10,True
0,0,0.9746965765953064,0.13664305210113525,0.1366424262523651,6.258487701416016e-07,0.9746965765953064,2.591169767640622e-08,0.018603447824716568,8.531706896519609e-09,0.00546973617747426,3.810226356648627e-09,0.00044658430851995945,4.036759815306823e-11,0.0007836977019906044,1.0419607537892617e-10,True
0,0,0.8580765724182129,0.5400049686431885,0.540000855922699,4.112720489501953e-06,0.8580765724182129,8.977866059467488e-07,0.06678374856710434,6.652369677340175e-08,0.06626386940479279,3.8288837345135107e-07,0.0043135653249919415,2.3037780572110478e-09,0.0045622955076396465,2.021476319669091e-09,True
0,0,0.9546923041343689,0.2169463038444519,0.21694540977478027,8.940696716308594e-07,0.9546923041343689,6.003648422847618e-08,0.03317119553685188,1.762123780224556e-08,0.010397987440228462,1.0956500595682428e-08,0.0006973171839490533,7.01210062237223e-11,0.001041206531226635,1.2726321385603256e-10,True
0,0,0.8574650883674622,0.5289431810379028,0.5289408564567566,2.3245811462402344e-06,0.8574650883674622,4.495165626394737e-07,0.08858860284090042,9.95256925762078e-08,0.04725250229239464,1.3634829088005063e-07,0.003171375021338463,8.930380879235145e-10,0.003522399114444852,8.846904875348116e-10,True
2,0,0.9573713541030884,0.21239876747131348,0.2123975306749344,1.2367963790893555e-06,0.9573713541030884,8.30116704264583e-08,0.026994336396455765,2.323467462872486e-08,0.013297519646584988,1.879563527040773e-08,0.0009492742246948183,1.1847167691314553e-10,0.0013875699369236827,1.9632129255597874e-10,False
1,0,0.9162760972976685,0.355685830116272,0.3556841313838959,1.6987323760986328e-06,0.9162760972976685,2.193294648122901e-07,0.05390108749270439,3.9910240445806267e-08,0.02624807320535183,6.114502326681759e-08,0.0015986986691132188,3.613831456306116e-10,0.001976124942302704,4.516409191079873e-10,False
0,0,0.9445008635520935,0.24823839962482452,0.2482367753982544,1.6242265701293945e-06,0.9445008635520935,1.5206963155378617e-07,0.04376518726348877,7.123755807469934e-08,0.010344619862735271,1.468306809471187e-08,0.0005753207951784134,6.046205897058954e-11,0.0008140197023749352,9.481791046761501e-11,True
0,0,0.9436870813369751,0.25180214643478394,0.25180134177207947,8.046627044677734e-07,0.9436870813369751,7.34830152282484e-08,0.043635670095682144,3.5006046061880625e-08,0.011380111798644066,9.811882861754384e-09,0.0005505692097358406,3.564952846812908e-11,0.0007466523093171418,5.605227393346013e-11,True
0,0,0.9270219206809998,0.3204292058944702,0.32042714953422546,2.0563602447509766e-06,0.9270219206809998,2.3761535317134985e-07,0.048249948769807816,5.687775228579994e-08,0.021246755495667458,5.271555281183282e-08,0.0014994041994214058,3.6361946786911403e-10,0.0019819848239421844,5.139472736281903e-10,True
0,0,0.9545289874076843,0.21453207731246948,0.2145312875509262,7.897615432739258e-07,0.9545289874076843,5.308788786351215e-08,0.03504841402173042,2.8195580981105195e-08,0.009006013162434101,5.612597941961894e-09,0.0005674395360983908,3.732136474865477e-11,0.0008491309708915651,7.363981646690831e-11,True
1,2,0.5590915083885193,1.1030857563018799,1.103060245513916,2.5510787963867188e-05,0.12478430569171906,2.4116234271787107e-06,0.2725845277309418,3.6767278288607486e-06,0.5590915083885193,8.80141305970028e-06,0.029265230521559715,1.0665885241678552e-07,0.014274430461227894,2.0253665411473776e-08,False
0,2,0.7892417311668396,0.7877789735794067,0.7877670526504517,1.1920928955078125e-05,0.03407779335975647,3.5181247426407936e-07,0.04047350212931633,2.540691355079616e-07,0.7892417311668396,1.7241499961073714e-07,0.09378401190042496,5.624511345558858e-07,0.042422957718372345,9.945364354280173e-08,False
0,2,0.6901152729988098,0.93670654296875,0.9366806149482727,2.5928020477294922e-05,0.060396697372198105,8.931936577027955e-07,0.19463913142681122,4.727092346001882e-06,0.6901152729988098,6.394151569111273e-06,0.038472454994916916,1.7534448204514774e-07,0.016376415267586708,2.7359156717920996e-08,False
1,0,0.6635192632675171,0.9248008131980896,0.9247927069664001,8.106231689453125e-06,0.6635192632675171,2.570597644080408e-06,0.19578996300697327,2.136199839242181e-07,0.12593312561511993,1.3171360251362785e-06,0.007863531820476055,8.078754554219358e-09,0.006894174497574568,4.9177311112202915e-09,False
0,0,0.9632599949836731,0.1789737492799759,0.17897319793701172,5.513429641723633e-07,0.9632599949836731,2.896211626080003e-08,0.029641536995768547,1.4601189590734975e-08,0.006119794677942991,2.802816867486513e-09,0.000375762494513765,1.9012801749651587e-11,0.0006028878269717097,4.380384943658555e-11,True
2,2,0.8253146409988403,0.6828392744064331,0.6828344464302063,4.827976226806641e-06,0.02085288241505623,8.288640174214379e-08,0.039227455854415894,1.1556308976423679e-07,0.8253146409988403,1.689753474920508e-07,0.0820588693022728,1.8474896990028356e-07,0.032546211034059525,2.840096513523349e-08,True
2,2,0.6816940307617188,0.8040791749954224,0.804046094417572,3.30805778503418e-05,0.00020420127839315683,8.872565876449912e-11,0.003683864837512374,1.663595661227646e-08,0.6816940307617188,1.3104566278343555e-05,0.25199028849601746,9.818797479965724e-06,0.0624275878071785,4.10334280331881e-07,True
0,0,0.9760279059410095,0.1273047924041748,0.1273043155670166,4.76837158203125e-07,0.9760279059410095,1.965672957737752e-08,0.019279493018984795,9.48043687998279e-09,0.00403551897034049,1.5040406697863773e-09,0.00024142596521414816,7.209219332615646e-12,0.0004156402428634465,1.703415533627073e-11,True
2,2,0.6487173438072205,1.1190131902694702,1.1189818382263184,3.135204315185547e-05,0.07074303925037384,2.0053757907589898e-06,0.12428122013807297,2.480092916812282e-06,0.6487173438072205,2.600419293230516e-06,0.10070552676916122,9.974722843253403e-07,0.055552851408720016,2.1888742196551902e-07,True
0,0,0.9474858641624451,0.22249522805213928,0.22249265015125275,2.5779008865356445e-06,0.9474858641624451,2.2893273410318216e-07,0.048024505376815796,1.548850008248337e-07,0.004188306629657745,7.51144302313378e-09,0.00012456942931748927,1.2149371786396301e-11,0.00017676770221441984,2.1270638028703104e-11,True
0,0,0.9536361694335938,0.22824010252952576,0.22823941707611084,6.854534149169922e-07,0.9536361694335938,4.660897090502658e-08,0.028334254398941994,1.2238353441773597e-08,0.015266797505319118,1.0141775419469923e-08,0.0011335288872942328,8.580823551707084e-11,0.0016291765496134758,1.5050842516739493e-10,True
2,3,0.688798725605011,0.8303535580635071,0.830330491065979,2.3066997528076172e-05,4.491105869419698e-07,9.947058359489175e-16,3.36399425577838e-05,2.911593926027689e-12,0.18536745011806488,6.7425471570459194e-06,0.688798725605011,7.590151199110551e-06,0.125799760222435,1.2817686467769818e-07,False
1,1,0.6346532106399536,0.940223217010498,0.9402118921279907,1.1324882507324219e-05,0.1822376251220703,1.7641901877141208e-06,0.6346532106399536,1.591362320141343e-06,0.17703714966773987,1.8953285234601935e-06,0.003998432774096727,2.402027687864461e-09,0.002073626033961773,5.983612494375734e-10,True
0,0,0.9660248160362244,0.172088623046875,0.17208801209926605,6.109476089477539e-07,0.9660248160362244,3.525718739183503e-08,0.02511749044060707,1.0353840451671203e-08,0.00766729423776269,6.40768549331483e-09,0.0004684228915721178,3.409026186340647e-11,0.000722041295375675,6.579674999285245e-11,True
0,0,0.9152933359146118,0.34030279517173767,0.34030142426490784,1.3709068298339844e-06,0.9152933359146118,1.844180985699495e-07,0.06731066852807999,9.190123506641612e-08,0.015541058965027332,1.956707507133615e-08,0.0008109405753202736,7.45172604177391e-11,0.0010440616169944406,1.0034588437957126e-10,True
0,0,0.9776548743247986,0.11655939370393753,0.11655906587839127,3.2782554626464844e-07,0.9776548743247986,1.3615052196769284e-08,0.019609449431300163,7.68334462719622e-09,0.0024059440474957228,8.162442943770998e-10,0.00011792924487963319,3.574651642399007e-12,0.00021187412494327873,1.0201272118703919e-11,True
0,0,0.9744834899902344,0.1332443654537201,0.13324414193630219,2.2351741790771484e-07,0.9744834899902344,1.1752329776015813e-08,0.020728033035993576,6.183097145395777e-09,0.004216609988361597,9.729219652143684e-10,0.0002156725386157632,4.394391101003592e-12,0.0003562614438124001,1.0517145314359322e-11,True
0,0,0.979208767414093,0.11680363118648529,0.11680276691913605,8.642673492431641e-07,0.979208767414093,2.9369621401542645e-08,0.014973128214478493,7.636602461502662e-09,0.004794001113623381,4.8204320535205625e-09,0.000368013686966151,4.473515308189846e-11,0.0006560901529155672,1.1780040831688154e-10,True
0,0,0.9211820960044861,0.31215158104896545,0.3121476173400879,3.9637088775634766e-06,0.9211820960044861,4.827455768463551e-07,0.06748827546834946,2.262801785946067e-07,0.010407395660877228,4.180218482474629e-08,0.00040374897071160376,9.864394717729041e-11,0.0005185209447517991,1.3437426171769573e-10,True
0,0,0.9135527014732361,0.3689972162246704,0.3689956068992615,1.6093254089355469e-06,0.9135527014732361,2.086335655349103e-07,0.050307244062423706,2.8284249609100698e-08,0.03189508989453316,7.05373608411719e-08,0.0019363679457455873,3.7269728969668847e-10,0.002308562630787492,4.3711811947844126e-10,True
0,0,0.9669023752212524,0.16128309071063995,0.1612822264432907,8.642673492431641e-07,0.9669023752212524,4.536862618920168e-08,0.028250647708773613,2.3747382726924116e-08,0.004271413665264845,3.072420096117412e-09,0.00021816334628965706,1.1996379584156003e-11,0.0003573595895431936,2.6349989898366566e-11,True
0,0,0.9533349871635437,0.21329021453857422,0.21328933537006378,8.791685104370117e-07,0.9533349871635437,5.7355130422820366e-08,0.038737472146749496,2.2916049502441638e-08,0.007013507187366486,6.756141868180521e-09,0.00036616632132790983,2.9884594798801345e-11,0.0005478625535033643,5.6156902045190193e-11,True
0,0,0.6440510749816895,0.9752835631370544,0.9752665758132935,1.6987323760986328e-05,0.6440510749816895,5.798632173537044e-06,0.2021932154893875,3.8171481264726026e-07,0.1307564526796341,2.535641442591441e-06,0.011865207925438881,3.817349281121096e-08,0.011134031228721142,2.721025360585827e-08,True
0,0,0.9788888096809387,0.11926912516355515,0.11926879733800888,3.2782554626464844e-07,0.9788888096809387,1.0536731487320594e-08,0.014456773176789284,3.402086168335927e-09,0.005521735642105341,1.6458701068700066e-09,0.00041467006667517126,1.692193087043936e-11,0.0007179941167123616,4.502575048914714e-11,True
2,2,0.7371116876602173,0.908281683921814,0.9082523584365845,2.9325485229492188e-05,0.025963207706809044,5.233312663222023e-07,0.0924515500664711,2.5404044663446257e-06,0.7371116876602173,1.1756870890167193e-06,0.10021506994962692,1.0152219829251408e-06,0.04425854980945587,1.1524401344331636e-07,True
1,2,0.34665390849113464,1.2038888931274414,1.2038644552230835,2.4437904357910156e-05,0.30347082018852234,6.186146947584348e-06,0.3246476352214813,1.1358739584466093e-06,0.34665390849113464,8.110690032481216e-06,0.015771137550473213,4.337285375299871e-08,0.009456469677388668,1.256050463638303e-08,False
0,0,0.9503593444824219,0.24301116168498993,0.2430024892091751,8.672475814819336e-06,0.9503593444824219,6.400370580195158e-07,0.02969195879995823,7.25843420923411e-08,0.01622583530843258,1.7548994435401255e-07,0.001496815704740584,2.712658098147358e-09,0.0022260129917412996,5.229546129470464e-09,True
0,0,0.8625892996788025,0.5296573638916016,0.5296531915664673,4.172325134277344e-06,0.8625892996788025,7.36740901174926e-07,0.06323467940092087,4.1608263501302645e-08,0.06481102854013443,3.764338885048346e-07,0.004503912758082151,3.223298961074761e-09,0.004861114080995321,3.20205084669567e-09,True
0,0,0.7214590311050415,0.8601994514465332,0.8601800799369812,1.9371509552001953e-05,0.7214590311050415,6.485981430159882e-06,0.10320142656564713,1.4175499529756053e-07,0.15197327733039856,3.6463725336943753e-06,0.012119806371629238,4.390105345919437e-08,0.01124646794050932,3.162306327908482e-08,True
0,0,0.9572391510009766,0.20013129711151123,0.20012998580932617,1.3113021850585938e-06,0.9572391510009766,9.347360929723436e-08,0.03507052734494209,4.139161191574203e-08,0.006797234062105417,8.87746676170309e-09,0.0003559507895261049,4.0456388239462626e-11,0.0005372205632738769,7.734259066527471e-11,True
0,0,0.9451090097427368,0.2533738315105438,0.2533729076385498,9.238719940185547e-07,0.9451090097427368,7.920847622244764e-08,0.038819003850221634,2.6163705868498255e-08,0.014028350822627544,1.4313159546475163e-08,0.0008566730539314449,8.148753199987979e-11,0.001187018700875342,1.3008373545009277e-10,True
0,0,0.9751362204551697,0.13465186953544617,0.13465122878551483,6.407499313354492e-07,0.9751362204551697,2.7037126315576643e-08,0.017942002043128014,8.155394581876863e-09,0.005914675071835518,4.498965644472719e-09,0.0003808282781392336,3.232360559768388e-11,0.0006263161776587367,7.567595855517695e-11,True
1,2,0.7053855657577515,0.8160845041275024,0.8160735964775085,1.0907649993896484e-05,0.011423595249652863,1.948686012553935e-08,0.23215173184871674,3.2921770980465226e-06,0.7053855657577515,2.3671461804042337e-06,0.038955409079790115,1.1249945686131468e-07,0.012083783745765686,1.1607701466687104e-08,False
0,0,0.913108766078949,0.35912764072418213,0.3591251075267792,2.5331974029541016e-06,0.913108766078949,3.206212682016485e-07,0.06198052689433098,7.958411174513458e-08,0.021697521209716797,6.578553524150266e-08,0.0014096515951678157,4.944294973441288e-10,0.0018035549437627196,6.976982325213044e-10,True
0,0,0.9749138951301575,0.1325758993625641,0.1325751096010208,7.897615432739258e-07,0.9749138951301575,3.3577492786207586e-08,0.01995236985385418,1.3567079015786021e-08,0.004378622863441706,3.697879114028524e-09,0.00027708589914254844,2.3069891483262772e-11,0.00047809170791879296,5.6666553394091324e-11,True
0,0,0.978246808052063,0.12076187878847122,0.12075920403003693,2.6747584342956543e-06,0.978246808052063,9.085434982125662e-08,0.016070013865828514,2.6065807290365228e-08,0.004595586098730564,1.3290485156858267e-08,0.00038500246591866016,1.60976829088888e-10,0.0007026243256404996,4.5831433093113105e-10,True
0,0,0.9480628967285156,0.235871821641922,0.23587043583393097,1.385807991027832e-06,0.9480628967285156,1.2287912909414445e-07,0.04112662747502327,5.6971249051684936e-08,0.009404703974723816,1.034253571674526e-08,0.0005696757580153644,5.7095456834632685e-11,0.0008360694046132267,1.0062640998231842e-10,True
0,0,0.963138222694397,0.18795672059059143,0.18795602023601532,7.003545761108398e-07,0.963138222694397,4.212914461731998e-08,0.02422049455344677,1.081444533923559e-08,0.010828793048858643,8.90590179380979e-09,0.0007268525077961385,6.119930257009187e-11,0.0010856363223865628,1.1273201122596888e-10,True
0,0,0.9458246231079102,0.24768078327178955,0.24767878651618958,1.996755599975586e-06,0.9458246231079102,1.6657533308261918e-07,0.04014263674616814,5.071442288340222e-08,0.012435663491487503,2.7461164009423555e-08,0.0006729429005645216,1.3642638407862506e-10,0.0009240658837370574,2.1878211742265563e-10,True
0,0,0.8847114443778992,0.44617000222206116,0.4461654722690582,4.5299530029296875e-06,0.8847114443778992,7.819697316335805e-07,0.0774485245347023,2.0170504910765885e-07,0.03375491872429848,1.7100411753290246e-07,0.0018981319153681397,8.980046706241751e-10,0.0021869889460504055,9.9812991205539e-10,True
0,0,0.7442260384559631,0.7725335359573364,0.772526204586029,7.331371307373047e-06,0.7442260384559631,2.161986230930779e-06,0.1581333428621292,4.335787764375709e-07,0.08942639082670212,7.751512498543889e-07,0.004309803247451782,2.8415434449868826e-09,0.003904480254277587,1.9166088716104923e-09,True
0,0,0.9359691739082336,0.2805171608924866,0.28051623702049255,9.238719940185547e-07,0.9359691739082336,9.427745339962712e-08,0.048506200313568115,2.986971736618216e-08,0.013598235324025154,1.639418023557937e-08,0.0008123330189846456,1.013933936810929e-10,0.0011141337454319,1.634341689760177e-10,True
0,0,0.9365625381469727,0.28207671642303467,0.2820749282836914,1.7881393432617188e-06,0.9365625381469727,1.5370441985851357e-07,0.045767057687044144,4.683179355424727e-08,0.015437552705407143,3.1068946526602303e-08,0.0009460577857680619,2.348111149963472e-10,0.0012867538025602698,3.856334418461671e-10,True
0,2,0.616387665271759,1.1755871772766113,1.1755590438842773,2.8133392333984375e-05,0.0878375992178917,3.1151671464613173e-06,0.05506814271211624,4.79403013287083e-07,0.616387665271759,1.1056857829316868e-06,0.1462610363960266,1.3186585192670464e-06,0.09444558620452881,3.432951416471042e-07,False
0,0,0.9666313529014587,0.1738874912261963,0.1738867461681366,7.450580596923828e-07,0.9666313529014587,3.462325182113091e-08,0.021775489673018456,6.539263353033675e-09,0.009851538576185703,9.337417061772157e-09,0.00068694754736498,7.550760017238645e-11,0.0010546476114541292,1.5189420554673205e-10,True
2,2,0.7540877461433411,0.7871615886688232,0.7871410250663757,2.0563602447509766e-05,0.0033108696807175875,1.3898803885581401e-08,0.030414149165153503,5.261057367533795e-07,0.7540877461433411,1.5545693941021455e-06,0.15830151736736298,2.5983551950048422e-06,0.05388569459319115,1.8364488596489537e-07,True
0,0,0.9753889441490173,0.12972727417945862,0.1297265738248825,7.003545761108398e-07,0.9753889441490173,2.8458732259650787e-08,0.019942089915275574,1.2503925006512873e-08,0.004026769194751978,2.9612410301638192e-09,0.00023613349185325205,1.7242800937067315e-11,0.0004060825449414551,4.36844171947115e-11,True
0,0,0.9783738255500793,0.11639444530010223,0.11639381945133209,6.258487701416016e-07,0.9783738255500793,2.023751299873311e-08,0.017741695046424866,8.23975376817998e-09,0.003348015248775482,2.2976356373050066e-09,0.00019347452325746417,1.0775387526695823e-11,0.00034298450918868184,2.708487600866505e-11,True
0,0,0.968482494354248,0.16277265548706055,0.1627715677022934,1.087784767150879e-06,0.968482494354248,5.4191218623600435e-08,0.022856218740344048,1.913899261296592e-08,0.007470827084034681,8.246058058603012e-09,0.000463661941466853,4.426660080159017e-11,0.0007267501787282526,8.64993493499e-11,True
0,0,0.7495929598808289,0.7986689805984497,0.7986457347869873,2.3245811462402344e-05,0.7495929598808289,7.897867362771649e-06,0.05835195258259773,4.0183241623026333e-08,0.16374115645885468,4.727638952317648e-06,0.014494545757770538,7.162049797670988e-08,0.013819395564496517,5.357417265372533e-08,True
0,0,0.9447284936904907,0.2446436733007431,0.24464213848114014,1.5348196029663086e-06,0.9447284936904907,1.36469424205643e-07,0.04516799375414848,5.6988966434801114e-08,0.008862470276653767,1.4491668309801753e-08,0.0005035738577134907,8.314776644979816e-11,0.0007375454879365861,1.5424111987627498e-10,True
3,3,0.7765149474143982,0.6834540963172913,0.6834301352500916,2.396106719970703e-05,4.5635967893531415e-08,1.6865448375070235e-17,4.427466137713054e-06,8.633035692567903e-14,0.0941280648112297,3.944989202864235e-06,0.7765149474143982,5.693239018000895e-06,0.12935255467891693,1.8213263786037714e-07,True
0,0,0.9137792587280273,0.359216570854187,0.3592138886451721,2.682209014892578e-06,0.9137792587280273,3.3830704637694e-07,0.059702903032302856,6.950952524675813e-08,0.02318994142115116,7.80457298787951e-08,0.0014723653439432383,5.07292097218226e-10,0.0018555164569988847,6.661473594959944e-10,True
1,0,0.8438302874565125,0.578306257724762,0.5783025026321411,3.7550926208496094e-06,0.8438302874565125,8.344742923327431e-07,0.0814267098903656,1.0395029192977745e-07,0.06450693309307098,2.850206897164753e-07,0.004900684114545584,3.0086853008981507e-09,0.005335366819053888,3.072876175735928e-09,False
0,0,0.9358193278312683,0.27685078978538513,0.2768498361110687,9.5367431640625e-07,0.9358193278312683,9.544031343011738e-08,0.050925709307193756,4.1843076559189285e-08,0.01170254684984684,1.139768812663533e-08,0.0006517089786939323,6.326515006316313e-11,0.0009007732733152807,1.0541786193973834e-10,True
0,0,0.9800689816474915,0.10690813511610031,0.10690762847661972,5.066394805908203e-07,0.9800689816474915,1.624063372673845e-08,0.017265988513827324,9.375185960891486e-09,0.0023014938924461603,9.409205636856655e-10,0.0001271987712243572,4.90947170070366e-12,0.00023633628734387457,1.4703155359896414e-11,True
0,0,0.8290676474571228,0.6175939440727234,0.6175893545150757,4.589557647705078e-06,0.8290676474571228,9.593636605131906e-07,0.07998015731573105,6.21149851554037e-08,0.07959961146116257,4.987854254068225e-07,0.005588212050497532,4.427143540652878e-09,0.005764343775808811,3.992160380050791e-09,True
0,0,0.9817633032798767,0.09985576570034027,0.09985540807247162,3.5762786865234375e-07,0.9817633032798767,1.2993401909966451e-08,0.01567879132926464,7.788812261821931e-09,0.0021573572885245085,5.683857828842065e-10,0.0001358745648758486,3.32234717168034e-12,0.0002647213696036488,1.0461663653427156e-11,True
0,0,0.9725914001464844,0.13756170868873596,0.13756082952022552,8.791685104370117e-07,0.9725914001464844,4.2440564840262596e-08,0.02396620810031891,2.5895561250877108e-08,0.003008847823366523,1.9568504594502656e-09,0.00015792077465448529,7.966473834775112e-12,0.0002756477042566985,1.977679651987696e-11,True
0,0,0.9727135896682739,0.14930863678455353,0.14930765330791473,9.834766387939453e-07,0.9727135896682739,4.31262705546942e-08,0.01708841137588024,8.631797498992455e-09,0.008329452946782112,9.661159872109693e-09,0.0007056496106088161,1.0316872356419537e-10,0.0011629107175394893,2.2997932724866388e-10,True
0,0,0.8678083419799805,0.4935537874698639,0.49354538321495056,8.404254913330078e-06,0.8678083419799805,1.5407028968184022e-06,0.08817131072282791,2.498108244708419e-07,0.03906695544719696,4.241188378273364e-07,0.0023335814476013184,2.786007868849083e-09,0.002619900507852435,2.994594350269608e-09,True
0,0,0.9326271414756775,0.29567286372184753,0.2956708073616028,2.0563602447509766e-06,0.9326271414756775,2.0870201922207343e-07,0.04900042340159416,5.826855442592205e-08,0.015711555257439613,3.8237931931917046e-08,0.0011105001904070377,3.203301235377154e-10,0.0015504604671150446,5.317202789179021e-10,True
0,0,0.9839162826538086,0.09352590888738632,0.09352566301822662,2.4586915969848633e-07,0.9839162826538086,7.116731648437735e-09,0.01211838610470295,3.150639305005143e-09,0.003326792735606432,6.979529731943046e-10,0.0002246371004730463,4.5917306415454995e-12,0.0004139234370086342,1.2841333031643476e-11,True
0,0,0.8106138110160828,0.6187760829925537,0.6187688708305359,7.212162017822266e-06,0.8106138110160828,1.872300913419167e-06,0.13752484321594238,5.37205323780654e-07,0.04603179171681404,3.379078066245711e-07,0.002806968754157424,2.332750437261666e-09,0.0030226309318095446,2.2954029788024854e-09,True
0,0,0.96797114610672,0.16931861639022827,0.1693180650472641,5.513429641723633e-07,0.96797114610672,3.196778308733883e-08,0.019953159615397453,7.891517661562375e-09,0.010243295691907406,6.55328857845916e-09,0.0007254256051965058,4.46670270215499e-11,0.0011070148320868611,8.363078979334304e-11,True
0,0,0.9655540585517883,0.1722872257232666,0.17228662967681885,5.960464477539062e-07,0.9655540585517883,3.622204403086471e-08,0.026609396561980247,1.3079733740539723e-08,0.006723925471305847,4.3501642288390485e-09,0.00042874724022112787,3.3957989198363236e-11,0.0006839431007392704,7.829354525812349e-11,True
2,2,0.6570354700088501,0.8238486647605896,0.8238295912742615,1.9073486328125e-05,7.733614620519802e-05,1.2232732188310891e-11,0.004122128710150719,1.6664932545040756e-08,0.6570354700088501,7.343327069975203e-06,0.27901285886764526,6.292346824920969e-06,0.05975223705172539,1.3397161069406138e-07,True
0,0,0.955234169960022,0.20895861089229584,0.20895777642726898,8.344650268554688e-07,0.955234169960022,5.56544570429196e-08,0.035825248807668686,2.1538211214533476e-08,0.007954463362693787,7.890367470508863e-09,0.00040149540291167796,2.971065407586515e-11,0.0005846271524205804,5.1858663197013044e-11,True
2,2,0.6397110223770142,1.1109819412231445,1.110945463180542,3.647804260253906e-05,0.16656187176704407,8.760955097386613e-06,0.05723000690340996,2.8332013357612595e-07,0.6397110223770142,5.632567535940325e-06,0.0836419016122818,6.373475116561167e-07,0.052855234593153,1.6181289197447768e-07,True
0,0,0.9688858389854431,0.1635219156742096,0.16352151334285736,4.023313522338867e-07,0.9688858389854431,2.324442505141633e-08,0.021187933161854744,6.976128119617897e-09,0.0083279674872756,4.128603237063544e-09,0.0006149073014967144,4.1885550583486975e-11,0.0009834213415160775,9.360340280650803e-11,True
0,0,0.969521164894104,0.15897858142852783,0.1589781790971756,4.023313522338867e-07,0.969521164894104,1.9053269184610144e-08,0.021769296377897263,5.472644115656067e-09,0.007491016294807196,3.3348934724841683e-09,0.0004746978229377419,2.2830102391901974e-11,0.0007438049069605768,4.8076521930173755e-11,True
0,0,0.9444997906684875,0.25329291820526123,0.2532918155193329,1.1026859283447266e-06,0.9444997906684875,1.1040656744398802e-07,0.04110889509320259,4.182431467825154e-08,0.012402874417603016,1.3360280881613562e-08,0.0008161852019838989,8.16193224117967e-11,0.001172301359474659,1.3530400411188026e-10,True
0,0,0.9418119788169861,0.27327194809913635,0.2732698619365692,2.086162567138672e-06,0.9418119788169861,2.099205858030473e-07,0.03540438041090965,4.4984837188621896e-08,0.019193081185221672,4.53840236502856e-08,0.0015016656834632158,3.7148747966675444e-10,0.002088871318846941,5.622574072994269e-10,True
0,0,0.9786977767944336,0.11967761814594269,0.11967678368091583,8.344650268554688e-07,0.9786977767944336,2.7767839583248133e-08,0.014796996489167213,9.077471219143263e-09,0.005482095293700695,4.399923536624328e-09,0.00037868329673074186,3.3819714390093125e-11,0.0006443854072131217,8.264942202851344e-11,True
1,0,0.9377297759056091,0.28446346521377563,0.28446292877197266,5.364418029785156e-07,0.9377297759056091,4.196585834392863e-08,0.04016680270433426,1.4082581323293653e-08,0.019117558375000954,1.0162058750040615e-08,0.0012773554772138596,1.0491461172046357e-10,0.0017085004365071654,1.814124267474071e-10,False
0,0,0.6425665616989136,0.9981358051300049,0.9981202483177185,1.5556812286376953e-05,0.6425665616989136,5.802288342238171e-06,0.11020749062299728,8.068387558068935e-08,0.21206843852996826,3.502153958834242e-06,0.0186991598457098,6.831405841012383e-08,0.01645831950008869,4.6484530002999236e-08,True
2,2,0.5901115536689758,0.9745041131973267,0.9744710326194763,3.30805778503418e-05,0.0024249902926385403,1.683042860634032e-08,0.008740781806409359,9.513547638562159e-08,0.5901115536689758,1.0134082003787626e-05,0.28252294659614563,8.411479939240962e-06,0.11619973182678223,5.721987577089749e-07,True
2,2,0.8209211230278015,0.687701940536499,0.6876930594444275,8.881092071533203e-06,0.014079895801842213,7.0704963661683e-08,0.05047854781150818,4.105191635517258e-07,0.8209211230278015,1.0114943194139414e-07,0.08361200243234634,3.5021938060708635e-07,0.030908385291695595,3.269403237027291e-08,True
0,0,0.9476491808891296,0.2416667938232422,0.24166567623615265,1.1175870895385742e-06,0.9476491808891296,8.584920863086154e-08,0.03877405449748039,3.036573659187525e-08,0.011857635341584682,1.235788360531842e-08,0.0007110348087735474,6.75473427191875e-11,0.0010079728672280908,1.1122936599550215e-10,True
0,0,0.9242399334907532,0.3323099613189697,0.3323075771331787,2.384185791015625e-06,0.9242399334907532,2.417579878510878e-07,0.04579022154211998,2.411060506801732e-08,0.026484547182917595,9.6175405417398e-08,0.0015654601156711578,4.719981072653923e-10,0.0019198599038645625,5.63506130646374e-10,True
0,0,0.9610652923583984,0.18978583812713623,0.189785435795784,4.023313522338867e-07,0.9610652923583984,2.532916987263434e-08,0.030045656487345695,1.465540577783031e-08,0.0076878005638718605,1.7692787235290552e-09,0.00047306419583037496,1.168320995503791e-11,0.0007281576399691403,2.4979796009461097e-11,True
0,0,0.9637269973754883,0.18616175651550293,0.18616078794002533,9.685754776000977e-07,0.9637269973754883,5.301517091993446e-08,0.023181095719337463,1.0671127981254358e-08,0.01126275397837162,1.2952733108306802e-08,0.0007376898429356515,9.247721338700998e-11,0.001091390266083181,1.7112662675788926e-10,True
1,0,0.8564859628677368,0.531099796295166,0.5310938358306885,5.9604644775390625e-06,0.8564859628677368,1.0940428865069407e-06,0.08808290958404541,1.3895461847823753e-07,0.04909806326031685,3.915714898994338e-07,0.0030296538025140762,2.5662891811606414e-09,0.003303383244201541,2.608384397362329e-09,False
2,2,0.8231906294822693,0.6526632308959961,0.6526494026184082,1.3828277587890625e-05,0.0028833183459937572,4.7373083233992475e-09,0.06934966892004013,1.3448923255054979e-06,0.8231906294822693,2.3193786091724178e-07,0.08207882195711136,5.382612471294124e-07,0.02249763533473015,2.9414698232699266e-08,True
0,0,0.9718732833862305,0.14368045330047607,0.14367972314357758,7.301568984985352e-07,0.9718732833862305,3.401437709271704e-08,0.0230527576059103,1.577559771703818e-08,0.004476415459066629,2.899922524335352e-09,0.00022744461602997035,1.2421196883549701e-11,0.00037007598439231515,2.7773373878492436e-11,True
0,0,0.8194338083267212,0.646668553352356,0.6466619372367859,6.616115570068359e-06,0.8194338083267212,1.5928367247397546e-06,0.08209651708602905,9.918342414039216e-08,0.08445408940315247,7.127417802621494e-07,0.006821726448833942,8.990502564643066e-09,0.007193982135504484,8.693731956554984e-09,True
2,2,0.5866603255271912,0.9220033884048462,0.9219884276390076,1.4960765838623047e-05,0.0002940401609521359,9.672455197895502e-11,0.004097579512745142,1.0425004859371256e-08,0.5866603255271912,6.401485279639019e-06,0.3165207803249359,4.781890311278403e-06,0.09242729097604752,2.333568147605547e-07,True
0,0,0.966987133026123,0.15999355912208557,0.15999262034893036,9.387731552124023e-07,0.966987133026123,5.162097949096278e-08,0.02858981490135193,2.6765576421894366e-08,0.00391053780913353,3.453903829608862e-09,0.0001940469810506329,1.1935199356605253e-11,0.00031848630169406533,2.5546427820377637e-11,True
0,0,0.8823795318603516,0.48093265295028687,0.4809263348579407,6.318092346191406e-06,0.8823795318603516,1.0953330047414056e-06,0.0573415644466877,7.213557040586238e-08,0.048778291791677475,3.6448119544729707e-07,0.005136915482580662,8.154028563467364e-09,0.006363716907799244,1.1095207419486997e-08,True
0,2,0.4265514016151428,1.2251007556915283,1.2250720262527466,2.872943878173828e-05,0.38467642664909363,1.0547039892117027e-05,0.11244361847639084,2.9351039643188415e-07,0.4265514016151428,7.911083230283111e-06,0.04379503056406975,3.1637767961001373e-07,0.03253353759646416,1.494317416472768e-07,False
0,0,0.9771124720573425,0.12585566937923431,0.1258547306060791,9.387731552124023e-07,0.9771124720573425,3.3431767576530547e-08,0.016558535397052765,8.282271757309445e-09,0.005386152770370245,6.214754044719939e-09,0.0003512882103677839,4.331643030375254e-11,0.0005915722576901317,1.0364041569399518e-10,True
0,0,0.9002025723457336,0.40863215923309326,0.40863069891929626,1.4603137969970703e-06,0.9002025723457336,2.121655313658266e-07,0.06194490194320679,3.635399536960904e-08,0.03303101286292076,6.277296904499963e-08,0.002187709091231227,4.732562675080487e-10,0.0026338286697864532,5.835536498466354e-10,True
0,0,0.8017057776451111,0.6704932451248169,0.6704838275909424,9.417533874511719e-06,0.8017057776451111,2.3377367597277043e-06,0.11723997443914413,2.428452603453479e-07,0.07062581926584244,8.477335882162151e-07,0.005109243560582399,8.141306295783579e-09,0.005319271236658096,7.448118566344419e-09,True
0,0,0.944037914276123,0.2508417069911957,0.2508406341075897,1.0728836059570312e-06,0.944037914276123,8.250672323129038e-08,0.04340371862053871,2.9717844185483955e-08,0.011160419322550297,1.2418377437484196e-08,0.0005863216356374323,5.4573411761849044e-11,0.0008115451200865209,8.783153371272334e-11,True
0,0,0.4496830999851227,1.0333352088928223,1.0333235263824463,1.1682510375976562e-05,0.4496830999851227,4.929046554025263e-06,0.4164045453071594,2.6569109650154132e-06,0.12468297779560089,8.311095598401153e-07,0.005279588047415018,2.807813315186536e-09,0.003949814476072788,1.390360715447514e-09,True
0,0,0.840498149394989,0.5663694143295288,0.5663654208183289,3.993511199951172e-06,0.840498149394989,8.231825177063001e-07,0.10308106988668442,1.5982136858383456e-07,0.050198234617710114,2.3383938696497353e-07,0.0030065784230828285,1.6963923599178088e-09,0.0032159171532839537,1.7120546091931033e-09,True
2,0,0.9248985648155212,0.3343234658241272,0.33432143926620483,2.0265579223632812e-06,0.9248985648155212,2.2124616805285768e-07,0.04130421206355095,3.4482244615219315e-08,0.029432911425828934,7.711771843332826e-08,0.001951728598214686,5.14193243539296e-10,0.002412595087662339,6.461343127206476e-10,False
2,0,0.494157999753952,1.1488131284713745,1.1487993001937866,1.3828277587890625e-05,0.494157999753952,5.594846243184293e-06,0.19149886071681976,2.7702535021489894e-07,0.28408804535865784,3.75246645489824e-06,0.01747322827577591,3.3491275530650455e-08,0.012781917117536068,1.4895725541919091e-08,False
0,0,0.5109163522720337,0.9753364324569702,0.9753263592720032,1.0073184967041016e-05,0.5109163522720337,3.71353303307842e-06,0.382712721824646,1.4785151734031388e-06,0.10062254965305328,9.408025789525709e-07,0.003290868131443858,1.6651631185027327e-09,0.0024575579445809126,7.582333094724447e-10,True
0,0,0.4527754783630371,1.1996859312057495,1.199670672416687,1.52587890625e-05,0.4527754783630371,5.75027570448583e-06,0.16180287301540375,1.5639211881079973e-07,0.33699166774749756,4.7649691623519175e-06,0.027760786935687065,7.77436426346867e-08,0.020669210702180862,3.443163265615112e-08,True
0,0,0.9855619668960571,0.08277586847543716,0.08277509361505508,7.748603820800781e-07,0.9855619668960571,1.907969782166674e-08,0.012264388613402843,9.787264332317136e-09,0.0018423667643219233,1.2007987937323605e-09,0.00011093479406554252,5.829800184264933e-12,0.00022032750712241977,1.8154195161046438e-11,True
0,0,0.9608761072158813,0.1902267336845398,0.19022536277770996,1.3709068298339844e-06,0.9608761072158813,9.380882914911126e-08,0.030222540721297264,3.742086818192547e-08,0.007790788542479277,1.0295440944219081e-08,0.0004425810184329748,4.6125627622961574e-11,0.0006679847138002515,8.348511465472441e-11,True
0,0,0.9748052954673767,0.1324911266565323,0.1324903815984726,7.450580596923828e-07,0.9748052954673767,3.1009530943038044e-08,0.02028542011976242,1.3729889225544412e-08,0.004219760186970234,3.18349480110669e-09,0.00025431529502384365,1.615836631163603e-11,0.00043521527550183237,3.7675966513273096e-11,True
0,0,0.9341474771499634,0.29926997423171997,0.29926595091819763,4.023313522338867e-06,0.9341474771499634,4.167694385159848e-07,0.04037369042634964,5.91949707029471e-08,0.02199546806514263,1.1862174176258122e-07,0.0015054460382089019,9.052080751636993e-10,0.0019779610447585583,1.3020420297493729e-09,True
0,0,0.9588176608085632,0.20168274641036987,0.2016817182302475,1.0281801223754883e-06,0.9588176608085632,6.815067621346316e-08,0.029783103615045547,2.1653278281519306e-08,0.009797374717891216,1.0969418262618547e-08,0.0006412360235117376,7.988722183771557e-11,0.0009606358944438398,1.5375310746801318e-10,True
0,0,0.970088005065918,0.16003139317035675,0.16003026068210602,1.1324882507324219e-06,0.970088005065918,5.572886863092208e-08,0.01906450465321541,1.2905996271683762e-08,0.009078104980289936,1.1107211150829244e-08,0.0006833823281340301,1.1410154765467695e-10,0.0010859930189326406,2.524996878250363e-10,True
0,2,0.7404859662055969,0.9059826135635376,0.9059755206108093,7.092952728271484e-06,0.06767839193344116,6.412494144569791e-07,0.02663981355726719,4.698272704217743e-08,0.7404859662055969,4.4755802264262456e-07,0.10695698112249374,2.1408375516784872e-07,0.058238863945007324,5.346582909737663e-08,False
2,3,0.4477944076061249,0.9821229577064514,0.9821085333824158,1.4424324035644531e-05,5.032104309066199e-05,3.658239076248515e-12,0.001011588959954679,7.49190098847663e-10,0.43291139602661133,7.009219643805409e-06,0.4477944076061249,5.627168775390601e-06,0.11823233217000961,1.1711640013345459e-07,False
0,0,0.9496758580207825,0.2189336121082306,0.21893170475959778,1.9073486328125e-06,0.9496758580207825,1.5195146829682926e-07,0.044806547462940216,8.40651068756415e-08,0.005000444129109383,8.596138023619915e-09,0.0002070781629299745,2.409256648350233e-11,0.00031010276870802045,4.525421704038024e-11,True
0,0,0.934369683265686,0.2974282503128052,0.29742637276649475,1.8775463104248047e-06,0.934369683265686,1.8527562417602894e-07,0.041655849665403366,3.2686486406419135e-08,0.02055312693119049,5.2688857721250315e-08,0.001463396823965013,4.016510735116441e-10,0.001958003267645836,5.811373604558412e-10,True
2,3,0.6063159108161926,0.9224699139595032,0.9224492311477661,2.0682811737060547e-05,3.3019289276126074e-06,2.748325282902076e-14,0.00012838478141929954,2.4365578998875037e-11,0.26178881525993347,8.04802039056085e-06,0.6063159108161926,7.136716249078745e-06,0.13176356256008148,1.1031747249035107e-07,False
0,0,0.9594677090644836,0.1950134038925171,0.19501282274723053,5.811452865600586e-07,0.9594677090644836,3.140978321880539e-08,0.031777288764715195,1.6125699886515577e-08,0.007583249360322952,3.089453137761211e-09,0.00046244170516729355,1.9429919478897162e-11,0.0007092196028679609,4.110253803979447e-11,True
2,2,0.6377634406089783,1.1221204996109009,1.1221001148223877,2.0384788513183594e-05,0.12605471909046173,2.918729251177865e-06,0.12840110063552856,9.443513135920512e-07,0.6377634406089783,3.402568154342589e-06,0.068773053586483,3.4401472248646314e-07,0.03900768980383873,8.238015425376943e-08,True
0,0,0.8717995882034302,0.478991836309433,0.47898659110069275,5.245208740234375e-06,0.8717995882034302,8.673636671119311e-07,0.08988969773054123,1.5431406552579574e-07,0.03347739577293396,2.2641252428456937e-07,0.0022153181489557028,1.7367360882758476e-09,0.0026180651038885117,2.0646020448822355e-09,True
2,2,0.43269482254981995,1.1610743999481201,1.161050796508789,2.3603439331054688e-05,0.22198711335659027,4.711564542958513e-06,0.322920024394989,2.080380227198475e-06,0.43269482254981995,8.348302799277008e-06,0.014753495343029499,3.0015446128572876e-08,0.007644557859748602,6.57701226813856e-09,True
0,0,0.9699059724807739,0.15058526396751404,0.15058454871177673,7.152557373046875e-07,0.9699059724807739,3.397048686792914e-08,0.025231873616576195,1.5652840801294587e-08,0.004264851100742817,3.0712195009385823e-09,0.00022509778500534594,1.3178059338203596e-11,0.0003721994289662689,2.983438496251267e-11,True
0,0,0.9808608889579773,0.10915698111057281,0.10915648937225342,4.917383193969727e-07,0.9808608889579773,1.4359185840362443e-08,0.01373435277491808,4.634812977855063e-09,0.004471111577004194,1.923066372810922e-09,0.00033408921444788575,1.6537243796577172e-11,0.0005995038081891835,4.512282214541585e-11,True
0,0,0.9457322359085083,0.25319185853004456,0.2531883716583252,3.4868717193603516e-06,0.9457322359085083,2.869723516596423e-07,0.03750654309988022,6.397333862651067e-08,0.014263165183365345,5.971739369670104e-08,0.0010288862977176905,5.020788229614936e-10,0.0014691670658066869,8.563828535201878e-10,True
2,2,0.6221310496330261,0.9108253121376038,0.9108131527900696,1.2159347534179688e-05,0.0008204737096093595,6.485287862290079e-10,0.006917232181876898,2.4474241300254107e-08,0.6221310496330261,4.396164058562135e-06,0.2782200872898102,3.474207233011839e-06,0.09191117435693741,1.8099039778007864e-07,True
0,0,0.9763952493667603,0.11850445717573166,0.11850366741418839,7.897615432739258e-07,0.9763952493667603,3.4166902196375304e-08,0.021918198093771935,2.5055012287111822e-08,0.0015118381706997752,6.512869132890842e-10,6.121833575889468e-05,1.7314123225420364e-12,0.00011349884152878076,5.025513425543915e-12,True
0,0,0.9792214632034302,0.11119325459003448,0.11119308322668076,1.7136335372924805e-07,0.9792214632034302,6.192202750554543e-09,0.017794502899050713,3.369728052149412e-09,0.0025195700582116842,4.3488684875470085e-10,0.00016048435645643622,3.2539815026516594e-12,0.000304005661746487,1.0356782272069598e-11,True
0,0,0.9747832417488098,0.1290208101272583,0.1290203034877777,5.066394805908203e-07,0.9747832417488098,2.51539997719874e-08,0.021770240738987923,1.5875521341968124e-08,0.003131929785013199,1.216695300065851e-09,0.0001199386824737303,2.5112342760813533e-12,0.0001946929405676201,5.353727010326548e-12,True
0,0,0.948917806148529,0.2348351925611496,0.2348342388868332,9.5367431640625e-07,0.948917806148529,7.586434236372952e-08,0.0391535647213459,2.7182746720200157e-08,0.010483674705028534,1.122806558839784e-08,0.0005950753693468869,5.512658038386853e-11,0.0008499060058966279,9.318568139349281e-11,True
0,0,0.949460506439209,0.22948703169822693,0.2294861376285553,8.940696716308594e-07,0.949460506439209,6.623928783255906e-08,0.040823739022016525,2.8987459543827754e-08,0.008435018360614777,7.175015692695297e-09,0.0005133306258358061,4.050234106434125e-11,0.0007673407671973109,7.467285123574641e-11,True
0,0,0.8539228439331055,0.5499396920204163,0.5499283075332642,1.138448715209961e-05,0.8539228439331055,2.184381855840911e-06,0.07877792418003082,1.5662511998471018e-07,0.058066945523023605,8.834709888105863e-07,0.00438134977594018,9.533706268882725e-09,0.004850884433835745,1.0139624251337409e-08,True
2,2,0.635868489742279,0.8299703598022461,0.8299576640129089,1.2695789337158203e-05,3.5631666833069175e-05,1.5654969725067969e-12,0.002119189128279686,2.689543698863872e-09,0.635868489742279,5.575322575168684e-06,0.30304214358329773,4.574421382130822e-06,0.05893460661172867,9.097907138766459e-08,True
0,0,0.9213972091674805,0.3313935399055481,0.3313915431499481,1.996755599975586e-06,0.9213972091674805,2.3816231475848326e-07,0.0574628971517086,7.009177949157674e-08,0.01829744130373001,4.108612827735669e-08,0.0012191742425784469,2.513564079098529e-10,0.0016232604393735528,3.501411660611353e-10,True
1,0,0.9441654086112976,0.25460320711135864,0.25460106134414673,2.1457672119140625e-06,0.9441654086112976,1.922154666544884e-07,0.04071459919214249,5.406497294302426e-08,0.013357694260776043,3.35312364541096e-08,0.0007454765145666897,1.7125853513100253e-10,0.001016833120957017,2.672579102469541e-10,False
0,0,0.9653343558311462,0.17411506175994873,0.1741141378879547,9.238719940185547e-07,0.9653343558311462,5.6436526563174993e-08,0.02623935416340828,2.3142106897466874e-08,0.0072117955423891544,6.178888067864818e-09,0.0004701632715296,3.699434855675143e-11,0.0007443664944730699,7.630991671891962e-11,True
2,2,0.6844055652618408,0.8066197037696838,0.8066080212593079,1.1682510375976562e-05,0.000175734210642986,2.6213852269418858e-11,0.0062224059365689754,1.7548545727663623e-08,0.6844055652618408,4.16690591009683e-06,0.2499668151140213,3.4023487387457862e-06,0.059229474514722824,1.1742287142624264e-07,True
2,0,0.925399124622345,0.3115140199661255,0.3115118443965912,2.175569534301758e-06,0.925399124622345,2.54292160661862e-07,0.058168984949588776,9.488264396395607e-08,0.014670810662209988,3.505635604028612e-08,0.0007612171466462314,1.35544339641136e-10,0.0009998781606554985,1.8835630277713733e-10,False
3,2,0.6044884920120239,0.8763452768325806,0.8763335347175598,1.1742115020751953e-05,8.274301217170432e-05,6.939598201638475e-12,0.0022407271899282932,2.6571520539420135e-09,0.6044884920120239,5.323092409525998e-06,0.3188892900943756,4.19057550971047e-06,0.07429885119199753,1.1158238777397855e-07,False
3,3,0.6511635184288025,0.8659571409225464,0.8659276366233826,2.950429916381836e-05,6.027761969562562e-07,1.6185690008868776e-15,5.603104364126921e-05,8.03028043366849e-12,0.23711708188056946,1.0764175385702401e-05,0.6511635184288025,1.0545550139795523e-05,0.111662857234478,5.60198429866432e-08,True
0,0,0.9560979008674622,0.2018282115459442,0.20182731747627258,8.940696716308594e-07,0.9560979008674622,6.929143125944393e-08,0.0371742770075798,4.113503493385906e-08,0.005971786566078663,3.875656240381886e-09,0.0002994606620632112,1.5319938026503443e-11,0.0004565817362163216,2.977208757304339e-11,True
2,3,0.6948720216751099,0.8253256678581238,0.8253049850463867,2.0682811737060547e-05,5.528120823328209e-07,1.3569829921598843e-15,3.255913543398492e-05,2.4821548896131196e-12,0.1683262139558792,5.633815362671157e-06,0.6948720216751099,6.3391671574208885e-06,0.13676869869232178,1.414143326883277e-07,False
0,0,0.91819828748703,0.3215333819389343,0.3215320408344269,1.341104507446289e-06,0.91819828748703,1.5416252097111283e-07,0.0700155720114708,7.375530231001903e-08,0.010599695146083832,1.5568929256915e-08,0.0005056238151155412,6.249811085323742e-11,0.0006808580947108567,9.771449621664985e-11,True
1,0,0.9861094355583191,0.08128497004508972,0.08128464967012405,3.203749656677246e-07,0.9861094355583191,6.411480679702208e-09,0.011289233341813087,3.4960494499358674e-09,0.0021941536106169224,4.379739626525492e-10,0.00013765077164862305,2.4967291688965387e-12,0.00026951642939820886,8.042420895915114e-12,False
0,0,0.9498967528343201,0.23997753858566284,0.23997655510902405,9.834766387939453e-07,0.9498967528343201,7.844944605039927e-08,0.03236761689186096,1.5706998368614222e-08,0.015360909514129162,1.9797312234004494e-08,0.0009935930138453841,1.462003712537907e-10,0.0013811715180054307,2.435519286247967e-10,True
0,0,0.9741794466972351,0.13546985387802124,0.13546930253505707,5.513429641723633e-07,0.9741794466972351,2.402619259100902e-08,0.020580727607011795,1.0212460210823338e-08,0.004530792124569416,3.1308708958732723e-09,0.00026434400933794677,1.4453603244812818e-11,0.0004447494575288147,3.224304850890647e-11,True
2,3,0.8273454904556274,0.559913158416748,0.5598987340927124,1.4424324035644531e-05,4.73635219933044e-09,1.8511004469350817e-19,6.091247541917255e-07,1.902963912817535e-15,0.045755308121442795,1.1604482779148384e-06,0.8273454904556274,2.400077619313379e-06,0.1268986165523529,2.926137767644832e-07,False
0,2,0.7945263981819153,0.7411412596702576,0.7411160469055176,2.5212764739990234e-05,0.008582833223044872,7.160652160109748e-08,0.08586054295301437,2.6961281491821865e-06,0.7945263981819153,9.392156243848149e-07,0.0830068364739418,8.084815021902614e-07,0.028023356571793556,6.304290423031489e-08,False
0,0,0.9834333658218384,0.09413012862205505,0.09412985295057297,2.7567148208618164e-07,0.9834333658218384,8.096744608110384e-09,0.013599402271211147,3.793792835438126e-09,0.002308537485077977,5.700733218816367e-10,0.00021247896074783057,7.458990022857215e-12,0.00044624321162700653,2.7058171675475862e-11,True
0,0,0.8996078372001648,0.3922191262245178,0.39221620559692383,2.9206275939941406e-06,0.8996078372001648,4.341412989106175e-07,0.0755806490778923,1.3884547911402478e-07,0.022202929481863976,7.308054250643181e-08,0.0011785606620833278,3.027458006510386e-10,0.0014300302136689425,3.5672981235634893e-10,True
0,0,0.9864495396614075,0.077010877430439,0.07701054960489273,3.2782554626464844e-07,0.9864495396614075,8.119510397364138e-09,0.012096910737454891,5.00620433996346e-09,0.0012771248584613204,3.2675195882347907e-10,5.8931847888743505e-05,1.2070351228937737e-12,0.0001175319412141107,4.139104423789286e-12,True
1,2,0.6654768586158752,0.981351375579834,0.9813281297683716,2.3245811462402344e-05,0.014406727626919746,2.2613602368437569e-07,0.031122446060180664,4.586507031945075e-07,0.6654768586158752,1.2214234175189631e-06,0.19468140602111816,2.6910022370429942e-06,0.09431260079145432,2.9914099286543205e-07,False
0,0,0.9504553079605103,0.2410087287425995,0.24100752174854279,1.2069940567016602e-06,0.9504553079605103,1.0226425217751967e-07,0.029346734285354614,2.244792796091133e-08,0.01727243699133396,2.478371641245758e-08,0.0012242476223036647,2.0885959628458295e-10,0.0017013301840052009,3.469611542517015e-10,True
0,0,0.9694762229919434,0.15973082184791565,0.15973028540611267,5.364418029785156e-07,0.9694762229919434,2.6072601855275934e-08,0.021475614979863167,7.504270094216281e-09,0.007736698724329472,4.999059388666183e-09,0.0005080835544504225,3.496221714915926e-11,0.0008033886551856995,7.455960154834074e-11,True
0,0,0.64846271276474,0.9333220720291138,0.9333066940307617,1.537799835205078e-05,0.64846271276474,5.366069672163576e-06,0.20327337086200714,9.435605647922785e-07,0.1376253217458725,2.380213118158281e-06,0.005910047795623541,7.604996632437633e-09,0.004728645086288452,3.993871899865553e-09,True
0,0,0.9080425500869751,0.37709832191467285,0.3770969808101654,1.341104507446289e-06,0.9080425500869751,1.5388479823741363e-07,0.06310343742370605,4.3267778693234504e-08,0.025435978546738625,3.66582355582068e-08,0.0015343321720138192,2.2957032108639197e-10,0.0018836138769984245,3.069416665280045e-10,True
0,0,0.9400522112846375,0.27544528245925903,0.2754436433315277,1.6391277313232422e-06,0.9400522112846375,1.5090138560935884e-07,0.03933973237872124,3.2917682801780757e-08,0.017829354852437973,3.633448031337139e-08,0.0011805995600298047,2.7151378367840096e-10,0.001598156988620758,4.305890366484988e-10,True
0,0,0.9709108471870422,0.15216156840324402,0.15216064453125,9.238719940185547e-07,0.9709108471870422,4.8612310621365395e-08,0.0214234609156847,1.8551768121710666e-08,0.006590650882571936,5.817089032689182e-09,0.00041321825119666755,4.0255885430662275e-11,0.0006618445622734725,8.982351668018751e-11,True
1,0,0.8783445358276367,0.4688194990158081,0.4688161015510559,3.3974647521972656e-06,0.8783445358276367,6.143579867057269e-07,0.07846780121326447,1.2362494317130768e-07,0.037987351417541504,1.5487410109926714e-07,0.002419177209958434,9.145781909580819e-10,0.002781081711873412,9.552889590480618e-10,False
0,0,0.955982506275177,0.20749174058437347,0.20749090611934662,8.344650268554688e-07,0.955982506275177,5.684281489948262e-08,0.03486260399222374,2.688664757499737e-08,0.00790866743773222,5.77047742922332e-09,0.0004926712135784328,4.0722755029198865e-11,0.0007535269833169878,8.494537712122607e-11,True
0,0,0.9700130820274353,0.14626288414001465,0.14626142382621765,1.4603137969970703e-06,0.9700130820274353,7.687243197551652e-08,0.02667168714106083,4.702810585399675e-08,0.0030373267363756895,3.4830494044513216e-09,0.00010727663902798668,7.008236005412449e-12,0.0001706632465356961,1.477685855622024e-11,True
0,0,0.8516297340393066,0.560288667678833,0.5602824091911316,6.258487701416016e-06,0.8516297340393066,1.1121488796561607e-06,0.07379483431577682,9.281313140263592e-08,0.06407459080219269,5.34110199623683e-07,0.005001911427825689,5.653796986138104e-09,0.005498969927430153,5.8797162694190774e-09,True
0,0,0.8623051047325134,0.524347186088562,0.5243446230888367,2.562999725341797e-06,0.8623051047325134,4.7019975113471446e-07,0.07667215913534164,6.235720917402432e-08,0.05310037359595299,1.702716474483168e-07,0.0037517936434596777,1.375183966700888e-09,0.004170603584498167,1.42352996057582e-09,True
0,0,0.9799774289131165,0.10354596376419067,0.10354558378458023,3.7997961044311523e-07,0.9799774289131165,1.4388994884484418e-08,0.01871548406779766,1.0453085508288495e-08,0.0011467969743534923,2.895869377628202e-10,5.324742596712895e-05,9.471467663987876e-13,0.0001070585785782896,3.1585077435447584e-12,True
0,0,0.9845439791679382,0.08516459912061691,0.08516406267881393,5.364418029785156e-07,0.9845439791679382,1.5551673726577064e-08,0.014027315191924572,1.0514209947132258e-08,0.0012631233548745513,4.373210127361915e-10,5.573855014517903e-05,1.3411532084547928e-12,0.00010984154505422339,4.329767013672159e-12,True
0,0,0.8900110125541687,0.44219517707824707,0.442192941904068,2.2351741790771484e-06,0.8900110125541687,3.6690792626359325e-07,0.06436779350042343,5.6263285586055645e-08,0.03994011506438255,1.2370233548608667e-07,0.002634144853800535,7.666449697296684e-10,0.0030469896737486124,8.180935928692179e-10,True
0,0,0.9739665985107422,0.1304296851158142,0.13042913377285004,5.513429641723633e-07,0.9739665985107422,2.3136070836926592e-08,0.023386972025036812,1.493669365970618e-08,0.0023197433911263943,8.40812697244786e-10,0.00011623547470662743,3.5364205053928233e-12,0.0002103860315401107,9.892877315953452e-12,True
2,2,0.8529911041259766,0.555557906627655,0.5555527210235596,5.185604095458984e-06,0.001991833792999387,1.5016370369380638e-09,0.02412641979753971,1.1311312420048125e-07,0.8529911041259766,2.389167548244586e-07,0.09540966153144836,3.9411017382917635e-07,0.025480976328253746,2.5646102130849613e-08,True
0,0,0.9089823961257935,0.3852391242980957,0.3852369487285614,2.175569534301758e-06,0.9089823961257935,3.012812612723792e-07,0.051976341754198074,6.259133300545727e-08,0.034117650240659714,8.984182642279848e-08,0.0022420145105570555,5.610674702616336e-10,0.002681570826098323,6.545213260267246e-10,True
0,0,0.9019220471382141,0.40122321248054504,0.40122103691101074,2.175569534301758e-06,0.9019220471382141,2.8592307899089064e-07,0.06304744631052017,6.624814119504663e-08,0.03055795468389988,8.262643547141124e-08,0.0020216256380081177,6.344135772273773e-10,0.0024509921204298735,8.070286661165937e-10,True
0,0,0.8350321650505066,0.6071800589561462,0.6071752905845642,4.76837158203125e-06,0.8350321650505066,9.278378456656355e-07,0.0721292570233345,3.685244109874475e-08,0.07995282858610153,5.185984832678514e-07,0.0062619419768452644,6.334323288115229e-09,0.006623831577599049,6.260632900989549e-09,True
0,0,0.9705213904380798,0.15590739250183105,0.15590642392635345,9.685754776000977e-07,0.9705213904380798,4.5918685742663e-08,0.02051687240600586,1.1095556473605939e-08,0.007535556796938181,9.231075459581461e-09,0.0005441367975436151,7.612958874414488e-11,0.0008821014198474586,1.662995852136362e-10,True
0,0,0.959987461566925,0.1901237666606903,0.19012312591075897,6.407499313354492e-07,0.959987461566925,3.672263915177609e-08,0.03299030661582947,1.6647216938281417e-08,0.006016330327838659,3.732719022764286e-09,0.0003846526378765702,2.545246825802483e-11,0.000621234648860991,5.7204602166294194e-11,True
0,2,0.431727796792984,1.2296638488769531,1.229624629020691,3.921985626220703e-05,0.37075290083885193,1.4153879419609439e-05,0.12528304755687714,4.619395781446656e-07,0.431727796792984,1.1547483154572546e-05,0.04201681911945343,3.6611186260415707e-07,0.030219433829188347,1.5584156187742337e-07,False
0,0,0.9402315020561218,0.2665034532546997,0.26650235056877136,1.1026859283447266e-06,0.9402315020561218,9.770562314770359e-08,0.045013319700956345,3.731051378963457e-08,0.012927057221531868,1.5513853313109394e-08,0.0007658330141566694,8.238126847359695e-11,0.0010622622212395072,1.3061542125658576e-10,True
0,2,0.4558115005493164,1.1912518739700317,1.1912275552749634,2.4318695068359375e-05,0.1581525355577469,2.824443072313443e-06,0.3388671576976776,3.4692191093199654e-06,0.4558115005493164,7.37128357286565e-06,0.030379896983504295,1.424348567979905e-07,0.016788912937045097,3.8269654112355056e-08,False
1,0,0.9292505383491516,0.30558139085769653,0.30557510256767273,6.288290023803711e-06,0.9292505383491516,6.601694053642859e-07,0.052464764565229416,1.7965361109872902e-07,0.015546903014183044,1.1106976671726443e-07,0.001142336754128337,1.0288837559713215e-09,0.001595405163243413,1.7131048801743987e-09,False
0,0,0.973871648311615,0.14255261421203613,0.1425517052412033,9.08970832824707e-07,0.973871648311615,3.953689997615584e-08,0.017404792830348015,1.1961984291986028e-08,0.007268302142620087,6.687254305859369e-09,0.0005491925403475761,5.557576621129101e-11,0.0009060254669748247,1.2298395635212955e-10,True
0,0,0.9666191339492798,0.15854716300964355,0.1585463285446167,8.344650268554688e-07,0.9666191339492798,4.8298858246198506e-08,0.03000774420797825,2.9622919228700084e-08,0.0030379563104361296,1.9735055811764823e-09,0.00012651100405491889,5.1922589491826265e-12,0.0002086686436086893,1.1500874905201464e-11,True
0,0,0.9738765954971313,0.1382022202014923,0.1382017731666565,4.470348358154297e-07,0.9738765954971313,1.7256590822967155e-08,0.020129797980189323,7.578403682373391e-09,0.005090863909572363,2.0906103515017094e-09,0.0003351336345076561,1.2751729359938846e-11,0.0005676030996255577,3.0020361196925194e-11,True
0,0,0.9653191566467285,0.16409558057785034,0.16409486532211304,7.152557373046875e-07,0.9653191566467285,4.303934630911499e-08,0.03088173270225525,2.6941799902147068e-08,0.003430055221542716,1.7986037104122943e-09,0.00014135274977888912,5.0764713613316026e-12,0.00022772318334318697,1.1138854595638126e-11,True
3,3,0.753839910030365,0.7247382402420044,0.7247254848480225,1.2755393981933594e-05,1.2868360954598757e-07,6.856102389013531e-17,7.017349162197206e-06,1.1345172848051255e-13,0.10083486139774323,2.146577571693342e-06,0.753839910030365,3.130699724351871e-06,0.14531804621219635,1.7834877041877917e-07,True
0,0,0.9746964573860168,0.126649871468544,0.12664934992790222,5.21540641784668e-07,0.9746964573860168,2.282668631892193e-08,0.022992059588432312,1.525114967648733e-08,0.002081753220409155,7.66938179630472e-10,8.342751971213147e-05,1.8329968619335e-12,0.00014630256919190288,4.648518982935945e-12,True
0,0,0.9387933611869812,0.27858811616897583,0.2785862386226654,1.8775463104248047e-06,0.9387933611869812,1.8610276697472727e-07,0.041135452687740326,4.5304119566935697e-08,0.01744168996810913,3.8963641202371946e-08,0.001121410052292049,2.3542243154928144e-10,0.0015081226592883468,3.414530325152043e-10,True
4,2,0.5647290945053101,0.9507197141647339,0.9506844878196716,3.522634506225586e-05,0.00032981098047457635,2.9730892747714677e-10,0.00562298996374011,4.682155108071129e-08,0.5647290945053101,1.4497027223114856e-05,0.32914191484451294,1.1274571079411544e-05,0.10017619282007217,5.309498192218598e-07,False
2,2,0.781613826751709,0.8069085478782654,0.8068950772285461,1.3470649719238281e-05,0.028608912602066994,3.138738975394517e-07,0.055747952312231064,5.468081099024857e-07,0.781613826751709,2.7455448048385733e-07,0.09325374662876129,5.208790980759659e-07,0.04077555611729622,7.128691237312523e-08,True
0,0,0.9502195715904236,0.2345411777496338,0.23453941941261292,1.7583370208740234e-06,0.9502195715904236,1.4252576363560365e-07,0.03559749945998192,4.4088945827525095e-08,0.012261363677680492,2.3102126434082493e-08,0.000790353340562433,1.3958056932494856e-10,0.001131210708990693,2.3424978623509674e-10,True
2,2,0.7002102732658386,0.8403207063674927,0.8403143882751465,6.318092346191406e-06,0.002018581610172987,1.6689571946670867e-09,0.01375004556030035,4.1087279356588624e-08,0.7002102732658386,1.4716931673319777e-06,0.21107159554958344,1.268952132704726e-06,0.07294955104589462,1.084175238474927e-07,True
0,0,0.9684256911277771,0.15862995386123657,0.15862934291362762,6.109476089477539e-07,0.9684256911277771,3.6100914257986005e-08,0.025416050106287003,1.7971125032545388e-08,0.005371812731027603,3.4325029485415826e-09,0.0003018520073965192,1.5932814095842573e-11,0.0004847052914556116,3.3924370257398806e-11,True
0,0,0.9805890321731567,0.10623655468225479,0.10623598098754883,5.736947059631348e-07,0.9805890321731567,1.7889790981939768e-08,0.01603771187365055,8.836482656704447e-09,0.002956366864964366,1.3542962307155904e-09,0.00015082795289345086,5.424516738572471e-12,0.000266023154836148,1.3944969311230349e-11,True
2,0,0.5163306593894958,1.1833100318908691,1.1832833290100098,2.6702880859375e-05,0.5163306593894958,1.096430787583813e-05,0.09470038115978241,1.0993032617534482e-07,0.3096626400947571,6.2935546338849235e-06,0.04230767488479614,3.261624783590378e-07,0.03699874505400658,2.1008862916005455e-07,False
2,2,0.7626067996025085,0.8064943552017212,0.8064830899238586,1.1265277862548828e-05,0.007262456696480513,2.835721879534958e-08,0.0505710244178772,5.541253358387621e-07,0.7626067996025085,2.8908888793921506e-07,0.13102923333644867,8.718172352928377e-07,0.04853050783276558,8.774080129114736e-08,True
0,0,0.9103429913520813,0.3827134966850281,0.3827110230922699,2.473592758178711e-06,0.9103429913520813,3.559882770787226e-07,0.049163490533828735,5.713431860954188e-08,0.03524015098810196,1.1167008295842606e-07,0.002383674029260874,6.559517928828029e-10,0.0028696642257273197,7.443563543318987e-10,True
0,0,0.9691214561462402,0.1544615477323532,0.15446066856384277,8.791685104370117e-07,0.9691214561462402,4.938948094945772e-08,0.02558893896639347,2.6782521089785405e-08,0.004586704540997744,2.978772561945675e-09,0.0002638153964653611,1.5540284337145494e-11,0.00043910028762184083,3.6123160018775025e-11,True
2,3,0.4761489927768707,0.9848877787590027,0.9848737120628357,1.4066696166992188e-05,3.551308691385202e-05,1.5069800875927575e-12,0.0007646784069947898,4.072600034987772e-10,0.3988102078437805,6.785685854993062e-06,0.4761489927768707,5.2207024054951034e-06,0.12424062937498093,1.3314743796399853e-07,False
0,0,0.9495729804039001,0.22678200900554657,0.22678084671497345,1.1622905731201172e-06,0.9495729804039001,9.922116817051574e-08,0.04148859903216362,4.472320469517399e-08,0.008065630681812763,9.474900863892799e-09,0.0003618699556682259,3.188743713522513e-11,0.0005109551711939275,5.396591853945587e-11,True
0,0,0.9717594385147095,0.1408015936613083,0.1408008188009262,7.748603820800781e-07,0.9717594385147095,4.05867410790961e-08,0.024666396901011467,2.5779968382266816e-08,0.003178910119459033,1.4829940608862557e-09,0.00014716839359607548,5.174662781604056e-12,0.0002481021510902792,1.2333529163244261e-11,True
0,0,0.950051486492157,0.2348700910806656,0.23486919701099396,8.940696716308594e-07,0.950051486492157,6.70906104005553e-08,0.03611592948436737,2.2588006132195915e-08,0.011845167726278305,1.1474628358598693e-08,0.0008063965360634029,6.895974763443391e-11,0.0011809698771685362,1.1637264069053188e-10,True
0,0,0.9786390662193298,0.11258827149868011,0.11258784681558609,4.246830940246582e-07,0.9786390662193298,1.4719334195945066e-08,0.018690112978219986,7.855601502626541e-09,0.0023267206270247698,9.874329132131265e-10,0.00012112710828660056,4.496650014146342e-12,0.00022298489056993276,1.3001994446371068e-11,True
0,0,0.7549756169319153,0.7460364103317261,0.7460289001464844,7.510185241699219e-06,0.7549756169319153,2.1407256554084597e-06,0.15709204971790314,5.559752480621682e-07,0.08092696219682693,6.536870955642371e-07,0.0036576353013515472,2.6140358766468808e-09,0.00334770861081779,1.9254366989684968e-09,True
3,3,0.5755183100700378,0.9556519985198975,0.9556172490119934,3.4749507904052734e-05,9.449229764868505e-06,4.01132171099286e-13,0.00025019957683980465,1.5056225710630144e-10,0.28029948472976685,1.401026838721009e-05,0.5755183100700378,1.234952469530981e-05,0.1439225971698761,1.745480773251984e-07,True
1,0,0.6465842127799988,0.8809056282043457,0.880891740322113,1.3887882232666016e-05,0.6465842127799988,5.497896381712053e-06,0.2558034360408783,1.683834511823079e-06,0.0926302894949913,1.238376967194199e-06,0.002787844045087695,1.3752800009925181e-09,0.0021942441817373037,6.034555077860659e-10,False
0,0,0.9590433239936829,0.19581881165504456,0.19581778347492218,1.0281801223754883e-06,0.9590433239936829,6.307818978257274e-08,0.03247612714767456,2.6052839885437606e-08,0.0074012912809848785,7.469261653625381e-09,0.00042772223241627216,3.51901389972209e-11,0.0006514776614494622,6.607164815264355e-11,True
0,0,0.9839374423027039,0.09010863304138184,0.0901082307100296,4.023313522338867e-07,0.9839374423027039,1.0487557489113897e-08,0.013749368488788605,6.617427494859385e-09,0.0019674997311085463,4.3931203119740303e-10,0.00011694091517711058,1.932035694623968e-12,0.00022870585962664336,5.7550969198572055e-12,True
0,0,0.8346585631370544,0.6115953922271729,0.6115877628326416,7.62939453125e-06,0.8346585631370544,1.8066750726575265e-06,0.0682622566819191,1.101406823522666e-07,0.0825289934873581,8.085544891400787e-07,0.007004506886005402,8.892905967172737e-09,0.0075457291677594185,8.277952545654443e-09,True
0,0,0.9719882011413574,0.14254294335842133,0.14254207909107208,8.642673492431641e-07,0.9719882011413574,4.243774753831531e-08,0.023325903341174126,2.1874614120065417e-08,0.004108048509806395,3.029351658412338e-09,0.00021683528029825538,1.249049214752107e-11,0.0003610354324337095,2.824093216224899e-11,True
0,0,0.949593186378479,0.23240481317043304,0.23240356147289276,1.2516975402832031e-06,0.949593186378479,9.760793062696393e-08,0.03833804652094841,3.766631451185276e-08,0.010790201835334301,1.4284329274971697e-08,0.0005363573436625302,6.746498498744202e-11,0.0007422841154038906,1.140108910058224e-10,True
0,0,0.9539980888366699,0.20979537069797516,0.20979444682598114,9.238719940185547e-07,0.9539980888366699,6.321857171087686e-08,0.03867592290043831,3.0342874879352166e-08,0.006528967525810003,5.169545236327622e-09,0.0003196564211975783,2.0973915312860747e-11,0.0004772914107888937,4.0083106972454985e-11,True
0,0,0.9257045984268188,0.32750797271728516,0.3275057375431061,2.2351741790771484e-06,0.9257045984268188,2.0803337008601375e-07,0.04544277489185333,2.2757843609610973e-08,0.025276243686676025,7.949645919325121e-08,0.0015857041580602527,5.882619946717682e-10,0.0019906307570636272,8.180124355661178e-10,True
0,0,0.87249356508255,0.4901500642299652,0.4901367127895355,1.33514404296875e-05,0.87249356508255,2.3720631361356936e-06,0.07699277997016907,2.697955778785399e-07,0.04437912255525589,8.012968919501873e-07,0.0028794643003493547,5.497865718240291e-09,0.003255050629377365,5.800310010073417e-09,True
0,0,0.5642658472061157,1.0941945314407349,1.0941588878631592,3.5643577575683594e-05,0.5642658472061157,1.4265663594414946e-05,0.13657662272453308,1.287631903323927e-07,0.2617737948894501,9.689232683740556e-06,0.020742269232869148,1.4954436267089477e-07,0.01664157770574093,8.060123946052045e-08,True
0,0,0.9508615732192993,0.23216545581817627,0.23216496407985687,4.917383193969727e-07,0.9508615732192993,3.1412110246265e-08,0.03468295559287071,8.324803957293625e-09,0.012743035331368446,8.71361649501523e-09,0.0007169974269345403,6.302585536799299e-11,0.0009955217828974128,1.1630268970108659e-10,True
0,0,0.9688754081726074,0.15685643255710602,0.1568557769060135,6.556510925292969e-07,0.9688754081726074,3.170186602119429e-08,0.025163432583212852,1.3707440515986491e-08,0.0051028053276240826,2.8590030343167427e-09,0.00032215003739111125,1.9316223967558166e-11,0.0005361409857869148,4.569919442865e-11,True
0,0,0.9314796328544617,0.3021496832370758,0.3021484315395355,1.2516975402832031e-06,0.9314796328544617,1.3099889883960714e-07,0.04769977554678917,3.937816472898703e-08,0.017962587997317314,2.485677796926211e-08,0.0012161236954852939,1.590331200063133e-10,0.0016418512677773833,2.364502482699038e-10,True
0,0,0.9717034697532654,0.14928001165390015,0.14927926659584045,7.450580596923828e-07,0.9717034697532654,3.833440942457855e-08,0.020819831639528275,1.448003672521736e-08,0.006240274757146835,4.460312563736579e-09,0.0004627619928214699,3.693212055622119e-11,0.0007736922125332057,8.464923206830122e-11,True
0,0,0.9616143107414246,0.18502205610275269,0.1850215196609497,5.364418029785156e-07,0.9616143107414246,3.3231582818871175e-08,0.031069070100784302,1.7649648853534927e-08,0.006332822144031525,2.505332385993597e-09,0.0003808955370914191,1.3817311010633215e-11,0.0006028630305081606,2.8936703727611146e-11,True
0,0,0.9643203020095825,0.16949091851711273,0.16948996484279633,9.5367431640625e-07,0.9643203020095825,5.7544212950233486e-08,0.03116069734096527,3.41155548255756e-08,0.003994036000221968,2.6642930084364025e-09,0.00019886107475031167,1.1172796195169088e-11,0.0003260653465986252,2.5483304702533793e-11,True
0,0,0.9347845315933228,0.27407050132751465,0.274069219827652,1.2814998626708984e-06,0.9347845315933228,1.4011884275078046e-07,0.05465283617377281,7.372763377588853e-08,0.009523905813694,1.0278299988897288e-08,0.00043789754272438586,3.8257702561494966e-11,0.000600867613684386,6.209004144164254e-11,True
2,2,0.8453871607780457,0.5806265473365784,0.5806199908256531,6.556510925292969e-06,0.003973971586674452,6.5831478046618486e-09,0.021027086302638054,1.062438315102554e-07,0.8453871607780457,3.149993119677674e-07,0.09918133914470673,5.331191914592637e-07,0.03043043054640293,3.780150237275848e-08,True
0,0,0.856349766254425,0.5235125422477722,0.5235093832015991,3.159046173095703e-06,0.856349766254425,6.498314633063274e-07,0.09233026951551437,1.4044742613350536e-07,0.0468282476067543,1.813867100963762e-07,0.0022089045960456133,6.446686517946887e-10,0.0022828292567282915,5.80605619138197e-10,True
0,0,0.9256922006607056,0.3173680901527405,0.31736645102500916,1.6391277313232422e-06,0.9256922006607056,2.1010332318383007e-07,0.05298450216650963,7.143594160652356e-08,0.01926450803875923,3.3463109616604925e-08,0.0009232355514541268,1.377280095526956e-10,0.0011356662726029754,1.773399344040527e-10,True
0,0,0.4256477952003479,1.2414484024047852,1.2414180040359497,3.039836883544922e-05,0.4256477952003479,1.1093874491052702e-05,0.14702752232551575,3.384062665645615e-07,0.3598080575466156,8.810542567516677e-06,0.03809899091720581,2.6341464831602934e-07,0.02941765822470188,1.2565742224524001e-07,True
0,0,0.9722713828086853,0.146314799785614,0.1463143527507782,4.470348358154297e-07,0.9722713828086853,2.016068556542905e-08,0.020642047747969627,8.098275827705947e-09,0.00598133634775877,2.42933784200261e-09,0.0004147126746829599,1.5997730917760578e-11,0.0006904822075739503,3.5737274250990936e-11,True
0,0,0.9713309407234192,0.14705926179885864,0.14705879986286163,4.6193599700927734e-07,0.9713309407234192,2.3300851026419878e-08,0.023018240928649902,1.0045417830895076e-08,0.004887137096375227,2.3913455660107275e-09,0.00028739412664435804,1.4409124067527035e-11,0.00047635272494517267,3.409526827535814e-11,True
0,0,0.4995044767856598,1.1563506126403809,1.1563304662704468,2.014636993408203e-05,0.4995044767856598,7.589542747155065e-06,0.08644860237836838,1.670968714506671e-07,0.3455321490764618,5.044345925853122e-06,0.03778597339987755,2.2355499140758184e-07,0.03072880022227764,1.369198940892602e-07,True
0,0,0.9492647051811218,0.232598215341568,0.23259666562080383,1.5497207641601562e-06,0.9492647051811218,1.331500243395567e-07,0.039490409195423126,5.866303709467502e-08,0.009878002107143402,1.3663441045252966e-08,0.00055994390277192,6.242055483607345e-11,0.0008069697069004178,1.0457643084826884e-10,True
1,2,0.7695428729057312,0.7975949645042419,0.797580897808075,1.4066696166992188e-05,0.013324162922799587,5.010132753113794e-08,0.11797346919775009,1.9196124867448816e-06,0.7695428729057312,8.07726962648303e-07,0.07304831594228745,4.538239295470703e-07,0.026111245155334473,6.66637731683295e-08,False
0,0,0.9680528044700623,0.1591254025697708,0.15912480652332306,5.960464477539062e-07,0.9680528044700623,2.9534568568578834e-08,0.02638300694525242,1.4652965951711394e-08,0.004728376399725676,2.7131070723385164e-09,0.0003091964463237673,2.1828702040371795e-11,0.000526632706169039,5.688088541844216e-11,True
0,0,0.9339953660964966,0.2856370210647583,0.2856353521347046,1.6689300537109375e-06,0.9339953660964966,1.7252521899990825e-07,0.05049898847937584,6.192165358243074e-08,0.013822671957314014,2.5915111834251547e-08,0.000722518831025809,9.330754918712714e-11,0.0009604740189388394,1.287079609557651e-10,True
0,0,0.9739416241645813,0.1334001123905182,0.13339939713478088,7.152557373046875e-07,0.9739416241645813,3.099852108334744e-08,0.022211795672774315,1.711346442334616e-08,0.0033785910345613956,1.7517343131601137e-09,0.00017257452418562025,6.634361896656893e-12,0.00029536508372984827,1.563339561971855e-11,True
0,0,0.9788497090339661,0.11781355738639832,0.11781290918588638,6.48200511932373e-07,0.9788497090339661,1.899016943696097e-08,0.01564747467637062,5.667826208366478e-09,0.0045277769677340984,2.885291783272237e-09,0.000349806941812858,3.1130202582385635e-11,0.0006252034800127149,8.736700252143237e-11,True
0,0,0.9131854176521301,0.35806405544281006,0.358061820268631,2.2351741790771484e-06,0.9131854176521301,2.812437003285595e-07,0.06159410625696182,7.50022550732865e-08,0.022447654977440834,6.302313693140604e-08,0.0012427725596353412,3.1648303422393553e-10,0.001530101872049272,4.057855718109238e-10,True
0,0,0.8575300574302673,0.5471702814102173,0.547161877155304,8.404254913330078e-06,0.8575300574302673,1.7855182932180469e-06,0.048807162791490555,4.291906208209184e-08,0.08088044822216034,9.698092071630526e-07,0.006181258242577314,9.489656171979277e-09,0.006601099856197834,9.08429065304972e-09,True
0,0,0.8984500765800476,0.42817574739456177,0.42816710472106934,8.64267349243164e-06,0.8984500765800476,1.3499436590791447e-06,0.04223433509469032,4.9783178468487677e-08,0.05060601234436035,6.135326771072869e-07,0.004009724128991365,6.879767422418581e-09,0.00469987140968442,8.054843014804192e-09,True
0,0,0.9682422876358032,0.16317345201969147,0.16317269206047058,7.599592208862305e-07,0.9682422876358032,4.067483061476196e-08,0.023361993953585625,1.503994262463948e-08,0.0072822109796106815,5.843377781644676e-09,0.00043539234320633113,3.058645697828766e-11,0.000678126816637814,6.062741975121355e-11,True
0,0,0.7769700884819031,0.7675207853317261,0.7674986124038696,2.2172927856445312e-05,0.7769700884819031,6.353169283102034e-06,0.07079635560512543,8.794521022537083e-08,0.12170696258544922,3.0483424779959023e-06,0.014729323796927929,9.160914515859986e-08,0.015797266736626625,9.063754191629414e-08,True
2,3,0.45977821946144104,0.9640021324157715,0.963983952999115,1.817941665649414e-05,2.2988711862126365e-05,1.0084306436772272e-12,0.0007471583667211235,5.483922760340931e-10,0.4328303933143616,8.95636185305193e-06,0.45977821946144104,7.306141469598515e-06,0.10662126541137695,1.4494879962967389e-07,False
0,0,0.9550229907035828,0.21519605815410614,0.21519561111927032,4.470348358154297e-07,0.9550229907035828,3.038875107108652e-08,0.032832901924848557,1.0976641817705968e-08,0.0106611717492342,4.811603115939533e-09,0.0006106484797783196,3.31944610687529e-11,0.0008723058854229748,6.272765640247258e-11,True
1,0,0.9356692433357239,0.2831806540489197,0.28317973017692566,9.238719940185547e-07,0.9356692433357239,9.131792921834858e-08,0.04836055636405945,3.677702054005749e-08,0.013560083694756031,1.2917754865782172e-08,0.000989421852864325,1.3803344578455778e-10,0.0014207777567207813,2.6225133176183135e-10,False
2,2,0.5991462469100952,0.9135951995849609,0.9135724902153015,2.2709369659423828e-05,0.00030138189322315156,1.8441481675068871e-10,0.005167482886463404,2.672841858952779e-08,0.5991462469100952,9.065352060133591e-06,0.30694741010665894,7.297891897906084e-06,0.08843754976987839,2.6614762305143813e-07,True
0,0,0.9006250500679016,0.4125247001647949,0.41252192854881287,2.771615982055664e-06,0.9006250500679016,3.976628590862674e-07,0.05276620388031006,5.059808572127622e-08,0.04132486507296562,1.511426148681494e-07,0.002468398306518793,9.010317492119668e-10,0.0028153902385383844,9.951852675271766e-10,True
0,0,0.9750041365623474,0.13243994116783142,0.13243936002254486,5.811452865600586e-07,0.9750041365623474,2.5713987383824133e-08,0.019586458802223206,1.1304466696060445e-08,0.004731209482997656,2.7222142318095166e-09,0.0002567829506006092,1.3781593921624591e-11,0.00042144861072301865,3.2264600713372005e-11,True
2,2,0.8184606432914734,0.6632788181304932,0.6632645130157471,1.430511474609375e-05,0.002492086496204138,5.305052397375221e-09,0.0688486099243164,1.3280924804348615e-06,0.8184606432914734,3.410931412872742e-07,0.08669793605804443,6.12106134667556e-07,0.02350069396197796,2.9436359127998912e-08,True
1,1,0.4817045331001282,1.1094764471054077,1.1094560623168945,2.0384788513183594e-05,0.18079227209091187,2.7245298497291515e-06,0.4817045331001282,2.2369854377757292e-06,0.31951823830604553,6.496763944596751e-06,0.011791540309786797,2.4403998821753703e-08,0.0061934697441756725,5.619963161507258e-09,True
0,0,0.8631841540336609,0.45615458488464355,0.45615097880363464,3.606081008911133e-06,0.8631841540336609,7.79743459133897e-07,0.11933870613574982,5.032175067753997e-07,0.016414377838373184,3.540209547736595e-08,0.0005019136588089168,5.4103610480638054e-11,0.0005607847706414759,5.728122143278114e-11,True
0,0,0.9712507128715515,0.15401941537857056,0.15401823818683624,1.1771917343139648e-06,0.9712507128715515,5.6027495531907334e-08,0.019076790660619736,1.5307950462783992e-08,0.008121381513774395,1.0213530465819076e-08,0.0005955250817351043,8.213695695813428e-11,0.0009555762517265975,1.7245342653904316e-10,True
0,0,0.9210417866706848,0.34507566690444946,0.34507477283477783,8.940696716308594e-07,0.9210417866706848,8.194438549935512e-08,0.04639063775539398,2.0523689414631008e-08,0.028391122817993164,2.7682789394134488e-08,0.0018632883438840508,2.1462565058527616e-10,0.002313125180080533,2.9475658025468476e-10,True
0,0,0.9362818598747253,0.2806265354156494,0.28062573075294495,8.046627044677734e-07,0.9362818598747253,8.93586928896184e-08,0.047767844051122665,3.383709312743122e-08,0.013828885741531849,1.2075051181170693e-08,0.0008860318921506405,7.25484949892774e-11,0.0012353870552033186,1.1474080019446831e-10,True
1,0,0.9210593104362488,0.3362698554992676,0.33626726269721985,2.592802047729492e-06,0.9210593104362488,2.884970911054552e-07,0.055140089243650436,5.8945961001199976e-08,0.02052590809762478,6.787628592519468e-08,0.0014163391897454858,5.257813628922747e-10,0.0018583311466500163,7.551634317870537e-10,False
3,3,0.7096549868583679,0.8039511442184448,0.8039251565933228,2.5987625122070312e-05,4.867409302278247e-07,1.2859786554112796e-15,2.518443579901941e-05,1.911990964859056e-12,0.14389818906784058,6.325560207187664e-06,0.7096549868583679,6.987799224589253e-06,0.14642123878002167,1.6188172935471812e-07,True
0,0,0.9520559310913086,0.22126007080078125,0.2212589532136917,1.1175870895385742e-06,0.9520559310913086,8.242388815915547e-08,0.038042277097702026,3.1796659527572046e-08,0.008717730641365051,1.0463165445173672e-08,0.00048064813017845154,5.015760376481104e-11,0.0007034158916212618,8.996667300031902e-11,True
0,0,0.9298086166381836,0.3082263469696045,0.3082239627838135,2.384185791015625e-06,0.9298086166381836,2.7349787501407263e-07,0.04783986136317253,7.249325051361666e-08,0.019618114456534386,5.098718247609213e-08,0.0011910374742001295,3.076750243469206e-10,0.0015423716977238655,4.327174452090077e-10,True
0,0,0.974909782409668,0.13069146871566772,0.13069091737270355,5.513429641723633e-07,0.974909782409668,2.3855660558069758e-08,0.020846430212259293,1.2388424508458229e-08,0.003673166036605835,1.6426504600985936e-09,0.00020886278070975095,9.248099681891109e-12,0.00036176785943098366,2.4096480019664135e-11,True
3,3,0.48152264952659607,0.9531621932983398,0.9531461596488953,1.6033649444580078e-05,1.1443920811871067e-05,1.5318760257683472e-13,0.00038782748742960393,1.1852425985114934e-10,0.41579851508140564,7.946727237140294e-06,0.48152264952659607,6.108803063398227e-06,0.10227954387664795,1.706122958466949e-07,True
0,0,0.8892562985420227,0.45320236682891846,0.45319753885269165,4.827976226806641e-06,0.8892562985420227,7.813202387296769e-07,0.05592678114771843,5.757594934152621e-08,0.04678529500961304,3.092998213105602e-07,0.003691266058012843,3.335247189539814e-09,0.0043404060415923595,3.8820138215101e-09,True
0,0,0.9806645512580872,0.11047592759132385,0.11047544330358505,4.842877388000488e-07,0.9806645512580872,1.352117173780698e-08,0.013638866133987904,2.9511642019031115e-09,0.004690407309681177,2.808740129367493e-09,0.0003608230908866972,2.952004266032482e-11,0.0006453620735555887,8.129476952722925e-11,True
0,0,0.9692298769950867,0.14960962533950806,0.14960871636867523,9.08970832824707e-07,0.9692298769950867,4.478101089944175e-08,0.027442101389169693,2.847528257632348e-08,0.002859565196558833,1.5958828702977712e-09,0.0001676233223406598,8.230298387257307e-12,0.0003007567429449409,2.1707467420806204e-11,True
2,2,0.598719596862793,1.1789511442184448,1.1789145469665527,3.6597251892089844e-05,0.15397298336029053,5.964783213130431e-06,0.14203135669231415,1.908740387079888e-06,0.598719596862793,6.991177997406339e-06,0.06597989052534103,6.000995540489384e-07,0.03929613530635834,1.6262065116734448e-07,True
0,0,0.943389892578125,0.2531411051750183,0.2531399428844452,1.1622905731201172e-06,0.943389892578125,8.993046662908455e-08,0.04388279840350151,3.042378082795949e-08,0.011301478371024132,1.5420816623645806e-08,0.000600743864197284,6.937289631636645e-11,0.0008250948158092797,1.0960641422252948e-10,True
2,2,0.8784248232841492,0.5025454759597778,0.5025431513786316,2.3245811462402344e-06,0.00461806682869792,3.82242104635111e-09,0.05414310097694397,1.5240664197335718e-07,0.8784248232841492,5.889438980943851e-08,0.04975045844912529,5.3844210867737274e-08,0.013063562102615833,3.1222016083631843e-09,True
0,0,0.9437141418457031,0.2551202178001404,0.2551186978816986,1.519918441772461e-06,0.9437141418457031,1.2675714344823064e-07,0.04242932051420212,3.6931769642478685e-08,0.011851160787045956,2.038495061640333e-08,0.0008160165743902326,1.421797124478985e-10,0.00118932721670717,2.4487470384748633e-10,True
2,1,0.44547176361083984,1.1214821338653564,1.1214430332183838,3.910064697265625e-05,0.1857050508260727,5.07335971633438e-06,0.44547176361083984,4.607773007592186e-06,0.35155901312828064,1.4083558198763058e-05,0.011460402980446815,3.731850739541187e-08,0.005803752690553665,7.3402333100602846e-09,False
2,3,0.8114894032478333,0.6069032549858093,0.6068903803825378,1.2874603271484375e-05,1.0319243237688625e-08,5.250789500073297e-19,1.5149175851547625e-06,6.995104280836445e-15,0.06726621836423874,1.55120903855277e-06,0.8114894032478333,2.3113045699574286e-06,0.12124289572238922,1.367421020859183e-07,False
0,0,0.9814246296882629,0.09829031676054001,0.09828992187976837,3.948807716369629e-07,0.9814246296882629,1.4351443589077917e-08,0.017053231596946716,1.0077354950510653e-08,0.001373664359562099,3.227771938618673e-10,5.1880469982279465e-05,7.883877470131473e-13,9.659869829192758e-05,2.321366189550478e-12,True
0,0,0.9676505327224731,0.16732557117938995,0.16732485592365265,7.152557373046875e-07,0.9676505327224731,3.8229348575669064e-08,0.022829530760645866,1.182902042984324e-08,0.008121603168547153,6.183063394615829e-09,0.0005443273112177849,3.828330014110648e-11,0.0008540041744709015,7.462433448957029e-11,True
0,0,0.8683235049247742,0.483908474445343,0.48390570282936096,2.771615982055664e-06,0.8683235049247742,5.390239152802678e-07,0.09358512610197067,1.6266005786746973e-07,0.03423874080181122,1.0550857609814557e-07,0.0018185172230005264,4.419904442443112e-10,0.002034202916547656,4.5340395327109206e-10,True
0,0,0.9674829840660095,0.16574054956436157,0.1657397747039795,7.748603820800781e-07,0.9674829840660095,3.6895574595519065e-08,0.024229425936937332,1.0625431201560787e-08,0.0072203162126243114,6.8846386369614265e-09,0.00041848162072710693,3.7092044713471495e-11,0.000648791145067662,7.465492807279261e-11,True
2,2,0.8195613026618958,0.6141713261604309,0.6141648292541504,6.496906280517578e-06,0.0010069457348436117,5.390763391233122e-10,0.015405711717903614,6.700389576508314e-08,0.8195613026618958,7.389785992018005e-07,0.13030104339122772,8.780677376307722e-07,0.033725012093782425,3.974276552298761e-08,True
0,0,0.7666086554527283,0.7633662223815918,0.7633517384529114,1.4483928680419922e-05,0.7666086554527283,4.241765509505058e-06,0.11138059943914413,2.6605087555253704e-07,0.10601229965686798,1.93645564650069e-06,0.008060420863330364,1.919423908702811e-08,0.00793803483247757,1.520622028294838e-08,True
0,0,0.9329550862312317,0.2858637571334839,0.28586238622665405,1.3709068298339844e-06,0.9329550862312317,1.454562124081349e-07,0.05374091491103172,6.023925180898004e-08,0.011487609706819057,1.6217603260315627e-08,0.0007460294291377068,1.082551479014704e-10,0.001070396858267486,1.8679960356315917e-10,True
0,0,0.8980085253715515,0.40262287855148315,0.40261974930763245,3.129243850708008e-06,0.8980085253715515,4.79668869957095e-07,0.07224780321121216,1.2086755418749817e-07,0.026803333312273026,1.0015563844945063e-07,0.00135985657107085,4.152320709494006e-10,0.0015804254217073321,4.607774717335644e-10,True
0,0,0.9441653490066528,0.261660099029541,0.26165899634361267,1.1026859283447266e-06,0.9441653490066528,9.713341597716862e-08,0.035682834684848785,1.7947151320640842e-08,0.017444146797060966,2.5318836804899547e-08,0.0011496491497382522,1.844476238410664e-10,0.0015580854378640652,2.8393501438905844e-10,True
0,0,0.9017007946968079,0.40629735589027405,0.4062948226928711,2.5331974029541016e-06,0.9017007946968079,3.4401790571791935e-07,0.059337642043828964,4.1945284579014697e-08,0.03373438119888306,1.1479949790782484e-07,0.002363927662372589,9.183603322249212e-10,0.0028632667381316423,1.1134201338691696e-09,True
1,0,0.5740510821342468,0.9954662322998047,0.9954606294631958,5.602836608886719e-06,0.5740510821342468,2.0609811599570094e-06,0.28083309531211853,9.653161896494566e-07,0.13605765998363495,5.871808070878615e-07,0.005167057737708092,1.5541510300920436e-09,0.003891152096912265,8.464696721333098e-10,False
0,0,0.877183735370636,0.46427205204963684,0.4642670154571533,5.036592483520508e-06,0.877183735370636,7.835708970560518e-07,0.08605950325727463,1.4802283487824752e-07,0.03223513811826706,2.0803180689199507e-07,0.0020698471926152706,1.4923596802773886e-09,0.002451717620715499,1.7671143437425485e-09,True
2,2,0.5118945240974426,0.9491412043571472,0.9491197466850281,2.1457672119140625e-05,7.217225356725976e-05,9.990545717097898e-12,0.0015078155556693673,2.3534969528782312e-09,0.5118945240974426,1.0409245078335516e-05,0.3878486156463623,8.062726919888519e-06,0.09867683798074722,2.429768812817201e-07,True
0,0,0.9596951603889465,0.20231488347053528,0.20231357216835022,1.3113021850585938e-06,0.9596951603889465,8.92890099635224e-08,0.02605186402797699,2.552917877096661e-08,0.012217422015964985,1.7015077347082297e-08,0.0008249164675362408,1.0814491663291292e-10,0.0012106391368433833,1.8729326423105874e-10,True
0,0,0.8626399040222168,0.5304824113845825,0.5304765701293945,5.841255187988281e-06,0.8626399040222168,1.1956196885876125e-06,0.062449026852846146,7.846824701118749e-08,0.06516963243484497,5.285091901896521e-07,0.004679888021200895,4.173386969341664e-09,0.005061644595116377,3.88150844798929e-09,True
2,2,0.41871458292007446,1.2613378763198853,1.261294960975647,4.291534423828125e-05,0.30132949352264404,1.1423331670812331e-05,0.22338812053203583,1.6363734403057606e-06,0.41871458292007446,1.3248106370156165e-05,0.0339806042611599,2.990724965457048e-07,0.022587208077311516,1.0795759664006255e-07,True
0,0,0.9580312967300415,0.2113134264945984,0.2113126516342163,7.748603820800781e-07,0.9580312967300415,5.147102299929429e-08,0.024845382198691368,1.156698559157121e-08,0.014633593149483204,1.2496958134988745e-08,0.001023805234581232,9.78747707880423e-11,0.0014659084845334291,1.7091139614677786e-10,True
1,2,0.532334566116333,0.9621700644493103,0.9621559381484985,1.4126300811767578e-05,0.049416057765483856,3.2135122296494956e-07,0.3920602798461914,4.2694991861935705e-06,0.532334566116333,5.568707365455339e-06,0.018958598375320435,2.8625487757949486e-08,0.007230510003864765,3.208172172364243e-09,False
2,2,0.8170546889305115,0.5957938432693481,0.5957886576652527,5.185604095458984e-06,0.0004668485780712217,1.2078453515140808e-10,0.007696368731558323,1.4370439949118463e-08,0.8170546889305115,1.0591238606139086e-06,0.1416912078857422,9.314536555393715e-07,0.03309093043208122,3.7154443077724864e-08,True
2,3,0.6009066104888916,0.9212449789047241,0.9212191700935364,2.580881118774414e-05,2.694225258892402e-06,2.261249659198626e-14,9.166124800685793e-05,1.5341372269772613e-11,0.27444446086883545,1.0465128980285954e-05,0.6009066104888916,9.375713489134796e-06,0.12455456703901291,4.782013007798014e-08,False
0,0,0.9253639578819275,0.33185362815856934,0.331852525472641,1.1026859283447266e-06,0.9253639578819275,1.3529391651445621e-07,0.04208381474018097,2.494033424227382e-08,0.028407439589500427,4.2684476397880644e-08,0.0018511124653741717,2.1593024590593757e-10,0.002293757628649473,2.5513402501786686e-10,True
0,0,0.9392809271812439,0.27086442708969116,0.2708628475666046,1.5795230865478516e-06,0.9392809271812439,1.598388053025701e-07,0.04490378126502037,5.3013177847560655e-08,0.013917154632508755,2.432421375431204e-08,0.0008047180599533021,1.3435577650433572e-10,0.0010935126338154078,2.074435762056126e-10,True
0,0,0.9687767028808594,0.15689408779144287,0.15689252316951752,1.564621925354004e-06,0.9687767028808594,7.94032004591827e-08,0.02546449936926365,3.480264965105562e-08,0.004897474776953459,7.174100868923006e-09,0.00032053410541266203,4.937540307170529e-11,0.0005407770513556898,1.1810964706260307e-10,True
0,0,0.9468390345573425,0.24907326698303223,0.2490723580121994,9.08970832824707e-07,0.9468390345573425,8.714238219909021e-08,0.037259966135025024,2.8152635778155854e-08,0.013264775276184082,1.268851601565757e-08,0.0010634424397721887,1.1574832065042173e-10,0.0015728300204500556,2.029446610762875e-10,True
2,3,0.8495681881904602,0.5231398344039917,0.5231279730796814,1.1861324310302734e-05,1.1206392480644922e-09,7.732829293998789e-21,5.382441372603353e-07,1.0298463741943015e-15,0.05671853944659233,1.1603808616200695e-06,0.8495681881904602,2.09807330975309e-06,0.0937127098441124,1.749249918248097e-07,False
0,0,0.927409291267395,0.31491726636886597,0.31491589546203613,1.3709068298339844e-06,0.927409291267395,1.4034048945177346e-07,0.05075512081384659,4.180631307804106e-08,0.01905207149684429,3.156621986022401e-08,0.0012035199906677008,1.7329779278263402e-10,0.0015800076071172953,2.390020681364291e-10,True
0,0,0.9761438369750977,0.1254962533712387,0.12549546360969543,7.897615432739258e-07,0.9761438369750977,2.873705007289118e-08,0.019785678014159203,1.3671819232285998e-08,0.0035460905637592077,2.3415345218325e-09,0.00019240831898059696,1.072011143049556e-11,0.00033190741669386625,2.667021291313798e-11,True
2,2,0.6463115811347961,0.9186625480651855,0.9186409115791321,2.1636486053466797e-05,0.002476557856425643,8.54787352011499e-09,0.012649855576455593,1.1433908042590701e-07,0.6463115811347961,5.744784630223876e-06,0.24482384324073792,4.924564564134926e-06,0.09373820573091507,3.718821517395554e-07,True
1,1,0.43486401438713074,1.1520376205444336,1.1520280838012695,9.5367431640625e-06,0.17083740234375,1.2882835562777473e-06,0.43486401438713074,1.7582597138243727e-06,0.3657110929489136,2.3239026631927118e-06,0.018524203449487686,2.8069104374139897e-08,0.010063315741717815,9.12685482745701e-09,True
2,2,0.752458930015564,0.8582518100738525,0.8582208752632141,3.0934810638427734e-05,0.018138667568564415,2.7067162022831326e-07,0.10233385860919952,3.579132680897601e-06,0.752458930015564,1.3995780818731873e-06,0.09067998081445694,9.896554047372774e-07,0.0363885872066021,9.211873219783229e-08,True
0,0,0.9583102464675903,0.19782066345214844,0.19782008230686188,5.811452865600586e-07,0.9583102464675903,3.8331052110152086e-08,0.03347055986523628,1.6007737357881524e-08,0.007168272044509649,4.272934894800073e-09,0.00041466826223768294,1.8177147287357087e-11,0.0006362522835843265,3.3432565743618525e-11,True
0,0,0.9776552319526672,0.11677908897399902,0.11677869409322739,3.948807716369629e-07,0.9776552319526672,1.4015606453199325e-08,0.019480209797620773,7.609779473227718e-09,0.0025518317706882954,9.798977185226931e-10,0.00011415798508096486,3.3906020352469923e-12,0.00019856999278999865,8.910716782495332e-12,True
0,0,0.9432029724121094,0.26237207651138306,0.26237115263938904,9.238719940185547e-07,0.9432029724121094,7.958720260603513e-08,0.038425013422966,2.5178920282087347e-08,0.01604824885725975,1.4989225860517763e-08,0.0009863062296062708,1.0764119456885268e-10,0.001337449881248176,1.7773971183743242e-10,True
1,0,0.9425163269042969,0.2602536082267761,0.2602519989013672,1.6093254089355469e-06,0.9425163269042969,1.3582359770225594e-07,0.042435482144355774,3.6574807182887525e-08,0.013062670826911926,2.6662926089215944e-08,0.000827414623927325,1.803278915080142e-10,0.0011581553844735026,3.0065414047264483e-10,False
0,0,0.8438603281974792,0.5705812573432922,0.5705771446228027,4.112720489501953e-06,0.8438603281974792,9.651549817135674e-07,0.08637094497680664,1.2574598429182515e-07,0.06190221384167671,3.311992031740374e-07,0.0038400348275899887,2.041513402772921e-09,0.00402649212628603,1.8386657751889857e-09,True
0,0,0.9570592045783997,0.20852911472320557,0.20852799713611603,1.1175870895385742e-06,0.9570592045783997,7.164143767113273e-08,0.031288307160139084,1.9176217946892393e-08,0.009843185544013977,1.3657590614002402e-08,0.0007152030593715608,1.3229535522629732e-10,0.0010941693326458335,2.7740235108986155e-10,True
3,3,0.4618973433971405,0.9756495952606201,0.9756268858909607,2.2709369659423828e-05,3.203411688446067e-05,3.246834008249766e-12,0.0008553904481232166,1.1103202801621137e-09,0.42242667078971863,1.0624680726323277e-05,0.4618973433971405,9.545416105538607e-06,0.11478859186172485,7.665552459457103e-08,True
0,0,0.9308688044548035,0.29268425703048706,0.29268285632133484,1.4007091522216797e-06,0.9308688044548035,1.6390455925829883e-07,0.05445924028754234,7.161268200661652e-08,0.013276936486363411,1.889751999328837e-08,0.0006072762771509588,5.4141510719141195e-11,0.0007877806201577187,7.31343596793721e-11,True
0,0,0.9661100506782532,0.16932648420333862,0.16932553052902222,9.5367431640625e-07,0.9661100506782532,5.4615288291870456e-08,0.026551324874162674,2.1208236944403325e-08,0.006332080345600843,6.320273193693993e-09,0.0003875054244417697,3.309989782263045e-11,0.0006190788117237389,6.697640358988011e-11,True
0,0,0.9393734335899353,0.27457302808761597,0.2745722234249115,8.046627044677734e-07,0.9393734335899353,6.789091600012398e-08,0.04261425510048866,2.7257561541205177e-08,0.015493725426495075,1.1719151871147915e-08,0.0010537776397541165,8.744913820857292e-11,0.0014647566713392735,1.46155434976869e-10,True
0,0,0.6672837734222412,0.9548153877258301,0.9547869563102722,2.8431415557861328e-05,0.6672837734222412,9.53057678998448e-06,0.14444485306739807,7.97458952206398e-08,0.1632813662290573,5.782062999060145e-06,0.013168743811547756,7.339179575183152e-08,0.01182129792869091,4.913264106676252e-08,True
3,3,0.5651702880859375,0.9525734186172485,0.9525532126426697,2.0205974578857422e-05,7.360285508184461e-06,1.2727237883383702e-13,0.00019615970086306334,5.1386304933398463e-11,0.30346548557281494,8.607329618826043e-06,0.5651702880859375,7.408568308164831e-06,0.13116076588630676,1.0226164448567943e-07,True
1,2,0.44909077882766724,1.2410316467285156,1.2409995794296265,3.2067298889160156e-05,0.3158546984195709,9.813535143621266e-06,0.1731530874967575,7.842974127925118e-07,0.44909077882766724,1.0547330020926893e-05,0.03717553988099098,2.060119186353404e-07,0.0247258972376585,6.7854713847737e-08,False
0,0,0.9485818147659302,0.23423819243907928,0.23423758149147034,6.109476089477539e-07,0.9485818147659302,4.497591632457443e-08,0.04045800492167473,1.5168035716328632e-08,0.009638920426368713,8.202013290770083e-09,0.000540505803655833,4.296671352044257e-11,0.0007808246300555766,7.778269695002393e-11,True
0,0,0.834313690662384,0.569480299949646,0.5694732666015625,7.033348083496094e-06,0.834313690662384,1.38867324039893e-06,0.11736615747213364,2.3814740757188702e-07,0.04298078641295433,3.9427450815310294e-07,0.0025578727945685387,2.6388204954486127e-09,0.002781500341370702,2.697804646345503e-09,True
0,0,0.9850131869316101,0.08461894094944,0.08461865037679672,2.905726432800293e-07,0.9850131869316101,7.899271459166357e-09,0.013017176650464535,4.903920824972374e-09,0.001699478947557509,3.5637678919009375e-10,9.135746222455055e-05,1.8781723138544537e-12,0.00017882639076560736,6.324153874193161e-12,True
0,0,0.9704132080078125,0.14650574326515198,0.14650514721870422,5.960464477539062e-07,0.9704132080078125,2.72003948253996e-08,0.025645969435572624,1.5209195680654375e-08,0.0035291723906993866,1.953111450347933e-09,0.00015600449114572257,6.100460414604214e-12,0.0002556609397288412,1.3818094238282619e-11,True
0,0,0.9701107144355774,0.14780254662036896,0.14780157804489136,9.685754776000977e-07,0.9701107144355774,5.150464232883678e-08,0.02592601254582405,2.7901236876459734e-08,0.00349479541182518,2.992168957050012e-09,0.00017482506518717855,1.1829508726746152e-11,0.00029370837728492916,2.7726005519257413e-11,True
0,0,0.9607024192810059,0.19090023636817932,0.19089876115322113,1.475214958190918e-06,0.9607024192810059,1.0563056918044822e-07,0.03048325888812542,4.7709519890304364e-08,0.007627976592630148,9.631047959146599e-09,0.00046626385301351547,4.8376316841292066e-11,0.0007201166590675712,9.180860238711119e-11,True
0,0,0.9722030758857727,0.1477431356906891,0.1477423459291458,7.897615432739258e-07,0.9722030758857727,3.641884660510186e-08,0.0199013389647007,1.267909777169507e-08,0.006697379052639008,5.055768692585616e-09,0.00045552809024229646,3.619899865969778e-11,0.0007426578085869551,7.997941198212288e-11,True
2,2,0.6397139430046082,0.8882323503494263,0.88820880651474,2.3543834686279297e-05,0.0006972244591452181,9.222432262312452e-10,0.007334855385124683,5.3849301906438996e-08,0.6397139430046082,8.168712156475522e-06,0.2680005431175232,6.614121048187371e-06,0.0842534527182579,3.1611773465556325e-07,True
2,3,0.5982325673103333,0.9209023714065552,0.9208934903144836,8.881092071533203e-06,2.4368671347474447e-06,5.099177729502935e-15,5.28124874108471e-05,1.5579759704564822e-12,0.2797289490699768,3.667477812996367e-06,0.5982325673103333,2.937280441983603e-06,0.12198328971862793,9.13541740032997e-08,False
0,0,0.9633386731147766,0.1800539195537567,0.1800530105829239,9.08970832824707e-07,0.9633386731147766,5.599990871019145e-08,0.02914544939994812,2.5394319536076182e-08,0.006237671710550785,4.974481715436241e-09,0.0004776175192091614,4.8121420043178986e-11,0.0008006544667296112,1.157480777891351e-10,True
0,0,0.9499385952949524,0.2428945153951645,0.24289321899414062,1.296401023864746e-06,0.9499385952949524,8.375107540814497e-08,0.029710477218031883,1.4493161337725269e-08,0.0174212995916605,2.9170493576202716e-08,0.0012298979563638568,2.1713393583144835e-10,0.0016996682388707995,3.4768316004019084e-10,True
0,0,0.8236382603645325,0.6342382431030273,0.634232223033905,6.020069122314453e-06,0.8236382603645325,1.3792803201795323e-06,0.0817180648446083,5.9135754071348856e-08,0.0817391648888588,6.606865667890816e-07,0.0063110762275755405,7.628139897519759e-09,0.006593429483473301,7.19274861893382e-09,True
0,0,0.9277459979057312,0.3138992190361023,0.31389743089675903,1.7881393432617188e-06,0.9277459979057312,1.8544184854363266e-07,0.0499519407749176,3.7892291970820224e-08,0.019701337441802025,4.503914752262972e-08,0.0011390087893232703,2.2963925205843339e-10,0.0014616353437304497,3.110813551199243e-10,True
0,0,0.9757656455039978,0.12601310014724731,0.12601213157176971,9.685754776000977e-07,0.9757656455039978,3.8656054357488756e-08,0.020826371386647224,2.0583936333196107e-08,0.002755564171820879,2.0664765454370126e-09,0.00022124052338767797,2.031516448119941e-11,0.0004311630909796804,6.311903083533466e-11,True
0,0,0.9071102142333984,0.37151190638542175,0.37150946259498596,2.4437904357910156e-06,0.9071102142333984,3.2565355922997696e-07,0.06934531778097153,1.0143613593527334e-07,0.021021462976932526,5.8146657266888724e-08,0.001130455988459289,3.0258393013404827e-10,0.001392514444887638,3.957833227818952e-10,True
1,2,0.8052549362182617,0.6307052373886108,0.6307027339935303,2.5033950805664062e-06,0.0009411056526005268,2.0532663069783297e-10,0.009131903760135174,9.107043119627178e-09,0.8052549362182617,4.893847176390409e-07,0.14589698612689972,3.9225554360200476e-07,0.03877509757876396,2.9684853686262613e-08,False
0,0,0.9788448214530945,0.11122608184814453,0.11122552305459976,5.587935447692871e-07,0.9788448214530945,1.658252024583362e-08,0.018683066591620445,9.864756123079133e-09,0.002176823792979121,8.422997854751202e-10,0.000104826562164817,3.3309561706107438e-12,0.00019037564925383776,9.403726061729678e-12,True
0,0,0.9542282223701477,0.2222861647605896,0.22228442132472992,1.7434358596801758e-06,0.9542282223701477,1.2960231288161594e-07,0.030865324661135674,3.035995632671984e-08,0.012787115760147572,2.7324897899916323e-08,0.0008669518283568323,1.818033223965898e-10,0.0012523896293714643,3.0635624592711963e-10,True
0,0,0.9460553526878357,0.25114601850509644,0.2511448562145233,1.1622905731201172e-06,0.9460553526878357,1.0045958021009938e-07,0.0368635393679142,2.4994371017328376e-08,0.015093970112502575,2.2328929816239906e-08,0.0008470937027595937,1.1119370008083607e-10,0.0011400791117921472,1.6889431520006326e-10,True
2,0,0.9890408515930176,0.06424323469400406,0.06424298137426376,2.5331974029541016e-07,0.9890408515930176,6.047663259067804e-09,0.009949950501322746,4.4315466851685414e-09,0.0008619405562058091,1.2106342317519392e-10,4.614321733242832e-05,5.783432543635114e-13,0.0001011422136798501,2.3796745823867482e-12,False
1,0,0.881701648235321,0.42588675022125244,0.42588138580322266,5.364418029785156e-06,0.881701648235321,9.305269372816838e-07,0.09753669798374176,3.8850117789479555e-07,0.018944254145026207,1.0272685102563628e-07,0.0008348749834112823,3.778382051677909e-10,0.0009825265733525157,4.555661681227008e-10,False
2,2,0.8114350438117981,0.7090932130813599,0.7090866565704346,6.556510925292969e-06,0.01308547891676426,5.253772883406782e-08,0.04741853103041649,2.797356728478917e-07,0.8114350438117981,1.4567994810477103e-07,0.0931357741355896,2.70614151531845e-07,0.0349251888692379,2.8863588852345856e-08,True
0,0,0.949315071105957,0.2326340675354004,0.23263302445411682,1.043081283569336e-06,0.949315071105957,8.781166371818472e-08,0.039328981190919876,3.5914109020040996e-08,0.009973111562430859,1.115958525588212e-08,0.000568217015825212,4.7261861091385526e-11,0.0008146500331349671,7.551025776875164e-11,True
0,0,0.9430206418037415,0.2658425569534302,0.2658403217792511,2.2351741790771484e-06,0.9430206418037415,2.131647391934166e-07,0.03695917874574661,5.857065588088517e-08,0.017089253291487694,4.3000497385037306e-08,0.001228117966093123,2.884752436926874e-10,0.0017028630245476961,4.25060958653134e-10,True
0,0,0.9527420997619629,0.2290104478597641,0.22900962829589844,8.195638656616211e-07,0.9527420997619629,6.292398779805808e-08,0.030801160261034966,1.5920322837814638e-08,0.014201493933796883,1.2806303573142941e-08,0.0009335583308711648,7.416305070062634e-11,0.0013216420775279403,1.1703964186704496e-10,True
1,2,0.8359404802322388,0.6424935460090637,0.6424847841262817,8.761882781982422e-06,0.011767685413360596,5.390485924294808e-08,0.0624178908765316,5.847136321790458e-07,0.8359404802322388,2.4580830881859583e-07,0.06722253561019897,2.2740246663488506e-07,0.02265142649412155,1.8286391068045305e-08,False
0,0,0.9677591323852539,0.16439440846443176,0.16439364850521088,7.599592208862305e-07,0.9677591323852539,3.9572984888991414e-08,0.024270912632346153,1.8831684656106518e-08,0.006876249797642231,3.902193679294896e-09,0.0004234814259689301,2.3901811085913494e-11,0.000670143635943532,5.027899624421295e-11,True
0,0,0.9858959317207336,0.0818537101149559,0.08185332268476486,3.8743019104003906e-07,0.9858959317207336,8.836551046442764e-09,0.011620285920798779,4.327067593123957e-09,0.0021551456302404404,8.791216088432918e-10,0.00011465116403996944,4.866138741954629e-12,0.00021403915889095515,1.5272137721122903e-11,True
2,2,0.5676601529121399,1.1622076034545898,1.1621865034103394,2.110004425048828e-05,0.183494433760643,4.351981260697357e-06,0.18494881689548492,9.719110494188499e-07,0.5676601529121399,6.118968940427294e-06,0.04085863381624222,1.2514207980984793e-07,0.023038020357489586,3.1804038513882915e-08,True
0,0,0.8243311047554016,0.6281625628471375,0.6281542778015137,8.285045623779297e-06,0.8243311047554016,1.82627434242022e-06,0.08088046312332153,6.191593371340787e-08,0.08359093964099884,1.0025622714238125e-06,0.005581035744398832,7.657040335118381e-09,0.005616463255137205,6.45978248670076e-09,True
0,0,0.9696475267410278,0.15783599019050598,0.15783527493476868,7.152557373046875e-07,0.9696475267410278,3.813650550910097e-08,0.0222809799015522,1.3543020926931604e-08,0.006829467602074146,5.100771804933402e-09,0.0004734596295747906,3.758808195253316e-11,0.0007686351309530437,8.147799795965582e-11,True
0,0,0.95294588804245,0.22114773094654083,0.22114622592926025,1.5050172805786133e-06,0.95294588804245,9.515093069012437e-08,0.035572879016399384,2.9198020001786062e-08,0.010062123648822308,1.6966144045227338e-08,0.000580151507165283,1.0192755667270958e-10,0.0008389069116674364,1.8382664834781792e-10,True
2,3,0.48392245173454285,0.9630938172340393,0.9630668759346008,2.6941299438476562e-05,1.549464104755316e-05,6.701682394791297e-13,0.0005770283751189709,5.138684477934419e-10,0.4065885543823242,1.2983756278117653e-05,0.48392245173454285,1.061897273757495e-05,0.10889647156000137,2.1715619880069426e-07,False
2,0,0.8130081295967102,0.6348451972007751,0.6348426938056946,2.5033950805664062e-06,0.8130081295967102,5.879853688384173e-07,0.11854936182498932,8.396074235861306e-08,0.06045439466834068,2.0930608002345252e-07,0.0039016653317958117,1.3242600349627764e-09,0.004086571279913187,1.1801737365146892e-09,False
3,2,0.5382013320922852,0.9192290306091309,0.9192025065422058,2.6524066925048828e-05,3.787372406804934e-05,3.5957647449846863e-12,0.0016986889531835914,3.633405798453282e-09,0.5382013320922852,1.2627961950784083e-05,0.37690630555152893,1.0183650374528952e-05,0.08315585553646088,2.361902886605094e-07,False
1,2,0.76938796043396,0.7842741012573242,0.7842574119567871,1.6689300537109375e-05,0.011629131622612476,5.682606740720075e-08,0.13019858300685883,2.814224899339024e-06,0.76938796043396,1.5229101109071053e-06,0.06620604544878006,3.401023320748209e-07,0.022578274831175804,3.0042812682040676e-08,False
0,0,0.9569183588027954,0.21655508875846863,0.21655414998531342,9.387731552124023e-07,0.9569183588027954,6.954451237106696e-08,0.025002365931868553,1.4131291692365266e-08,0.015302175655961037,1.6795729251839475e-08,0.001140408799983561,1.1701263569197096e-10,0.0016366866184398532,1.865684273738566e-10,True
2,0,0.9554557800292969,0.21718671917915344,0.21718592941761017,7.897615432739258e-07,0.9554557800292969,6.108833616735865e-08,0.029974330216646194,1.9400394180024705e-08,0.01267972495406866,1.0920579995854496e-08,0.0007816298166289926,5.984977097250876e-11,0.001108580152504146,9.85222806115793e-11,False
0,0,0.9236435294151306,0.31506073474884033,0.31505846977233887,2.2649765014648438e-06,0.9236435294151306,2.344278158261659e-07,0.060629792511463165,8.489426051028204e-08,0.014062370173633099,3.72110307012008e-08,0.0007210957701317966,1.5417697674102726e-10,0.0009432280785404146,2.2166353474961653e-10,True
0,0,0.9436874389648438,0.2556912302970886,0.2556895315647125,1.6987323760986328e-06,0.9436874389648438,1.5282998333532305e-07,0.04122547060251236,5.377669154427167e-08,0.01346209179610014,2.4399577469580436e-08,0.0006971256225369871,1.0120663335166924e-10,0.0009278943762183189,1.5142689879787952e-10,True
0,0,0.9807052612304688,0.11183933168649673,0.11183857172727585,7.599592208862305e-07,0.9807052612304688,2.5122774971464423e-08,0.012453178875148296,6.298320975872684e-09,0.005619236268103123,4.312266987938074e-09,0.00044387253001332283,3.981584506540514e-11,0.0007783941109664738,1.0035827030518973e-10,True
0,0,0.9376325011253357,0.27481359243392944,0.27481237053871155,1.2218952178955078e-06,0.9376325011253357,1.1775294694871263e-07,0.04721305891871452,4.170284384485967e-08,0.01333631295710802,1.851408093500595e-08,0.0007679287809878588,1.1030311386495129e-10,0.0010502530494704843,1.8053346317881136e-10,True
0,0,0.8409928679466248,0.5894954204559326,0.5894860625267029,9.357929229736328e-06,0.8409928679466248,2.089482222800143e-06,0.07038994878530502,8.766612324961898e-08,0.07706399261951447,9.999130270443857e-07,0.005625015590339899,9.435161985038576e-09,0.005928209982812405,8.771247728134313e-09,True
0,0,0.9725561141967773,0.14809945225715637,0.14809884130954742,6.109476089477539e-07,0.9725561141967773,2.6259604268830117e-08,0.01818155124783516,6.669774954559671e-09,0.007885578088462353,5.098093502908796e-09,0.0005316828028298914,3.9530000800480636e-11,0.0008450387394987047,8.510957216767423e-11,True
0,0,0.8138149380683899,0.6409955024719238,0.6409893035888672,6.198883056640625e-06,0.8138149380683899,1.5143046994126053e-06,0.10857870429754257,2.0710642445465055e-07,0.06867887824773788,5.54231974092545e-07,0.004408727865666151,3.070118159698154e-09,0.004518750123679638,2.4705857359919037e-09,True
0,0,0.9869451522827148,0.07410456240177155,0.07410422712564468,3.3527612686157227e-07,0.9869451522827148,7.89227527775438e-09,0.011896112002432346,5.51338841248139e-09,0.0009912345558404922,1.8847039207070537e-10,5.33786769665312e-05,8.33124693365439e-13,0.00011412944149924442,3.1125950341465147e-12,True
0,0,0.9700652956962585,0.15291109681129456,0.15291042625904083,6.705522537231445e-07,0.9700652956962585,3.275095394883465e-08,0.023604141548275948,1.3136927101697893e-08,0.00552365044131875,3.6923866186810983e-09,0.0003091911494266242,1.6750245288021937e-11,0.0004977142089046538,3.558454919616594e-11,True
0,0,0.9281373023986816,0.31310218572616577,0.31310078501701355,1.4007091522216797e-06,0.9281373023986816,1.5096895822352963e-07,0.05064971372485161,5.214987552903949e-08,0.018057117238640785,2.4455051317318066e-08,0.0013315174728631973,2.0348191187569142e-10,0.001824290375225246,3.147260230207394e-10,True
0,0,0.9367643594741821,0.2954872250556946,0.29548460245132446,2.6226043701171875e-06,0.9367643594741821,2.754906631707854e-07,0.03232678398489952,3.378665169861961e-08,0.026415154337882996,9.157211167121204e-08,0.0019542002119123936,7.512548916288608e-10,0.0025395576376467943,1.0220341239985942e-09,True
0,0,0.9566704034805298,0.21669384837150574,0.21669311821460724,7.301568984985352e-07,0.9566704034805298,4.976340761686515e-08,0.02570747397840023,1.0119848070644366e-08,0.015063769184052944,1.4821075033921716e-08,0.0010541471419855952,1.0371981745693759e-10,0.0015042413724586368,1.7143897412807974e-10,True
0,0,0.9607728123664856,0.18677650392055511,0.18677595257759094,5.513429641723633e-07,0.9607728123664856,2.5901609745915266e-08,0.032415956258773804,1.3101347562383125e-08,0.00593911437317729,3.5646452456461475e-09,0.0003382074646651745,2.416841206331899e-11,0.0005339302006177604,5.513547951530029e-11,True
2,2,0.7480824589729309,0.8045482635498047,0.8045312762260437,1.6987323760986328e-05,0.00386105477809906,1.1784631048783467e-08,0.032748717814683914,4.406666107570345e-07,0.7480824589729309,1.435800868421211e-06,0.1593518704175949,2.2004180664225714e-06,0.05595596507191658,1.9430471809300798e-07,True
0,0,0.6325210332870483,0.9273375868797302,0.9273309111595154,6.67572021484375e-06,0.6325210332870483,2.2500303202832583e-06,0.24368901550769806,5.05616185364488e-07,0.11584901809692383,8.959955266618636e-07,0.004424911458045244,2.4372945883754937e-09,0.0035160339903086424,1.2727718878835503e-09,True
0,0,0.9297477602958679,0.31509554386138916,0.3150924742221832,3.069639205932617e-06,0.9297477602958679,3.0344656920533453e-07,0.044099073857069016,5.013453829860737e-08,0.021935826167464256,8.866183520694904e-08,0.0017864927649497986,9.101442932646364e-10,0.0024309155996888876,1.408938410385474e-09,True
1,2,0.3976392447948456,1.3111361265182495,1.3110231161117554,0.00011301040649414062,0.3797832429409027,4.56472480436787e-05,0.06065710261464119,4.7605672648387554e-07,0.3976392447948456,1.7655554984230548e-05,0.0857827439904213,3.277908035670407e-06,0.07613763213157654,2.090078851324506e-06,False
2,2,0.7662835717201233,0.8167049884796143,0.816693127155304,1.1861324310302734e-05,0.026685867458581924,1.6928784418723808e-07,0.1227177307009697,1.475599674449768e-06,0.7662835717201233,1.1077733006459312e-06,0.060646902769804,2.2754913686640066e-07,0.023665936663746834,2.912850938230349e-08,True
2,3,0.8275032043457031,0.5737799406051636,0.573769748210907,1.0192394256591797e-05,4.214298687799101e-09,8.929573686283909e-20,1.1462349220892065e-06,3.629998235457404e-15,0.06434622406959534,1.1039237506338395e-06,0.8275032043457031,2.053516027444857e-06,0.1081494465470314,1.9856524602346326e-07,False
0,0,0.8937678337097168,0.41469427943229675,0.4146920144557953,2.2649765014648438e-06,0.8937678337097168,3.6553601034938765e-07,0.07611716538667679,1.1236176078455173e-07,0.0267756637185812,6.529855767212212e-08,0.0015236636390909553,3.630182265901283e-10,0.0018156584119424224,4.423771626793638e-10,True
0,0,0.922950267791748,0.3179531395435333,0.317949503660202,3.635883331298828e-06,0.922950267791748,4.2979695535905194e-07,0.06091533973813057,1.6328267804510688e-07,0.014321083202958107,5.415295944999343e-08,0.0007800813764333725,2.5202753772823883e-10,0.00103322125505656,3.6156230787121046e-10,True
0,0,0.8963283896446228,0.4251614212989807,0.4251602292060852,1.1920928955078125e-06,0.8963283896446228,1.9242686732923175e-07,0.05950181558728218,4.192720481910328e-08,0.038297105580568314,5.594679564069338e-08,0.0026878819335252047,3.736021769729092e-10,0.003184931818395853,4.379958340461343e-10,True
0,0,0.9019617438316345,0.40548476576805115,0.4054837226867676,1.043081283569336e-06,0.9019617438316345,1.5553293053471862e-07,0.0582641065120697,3.501695644558822e-08,0.03475720435380936,4.0701678472032654e-08,0.0022943587973713875,3.127812453485035e-10,0.0027226421516388655,3.896704625638847e-10,True
0,0,0.9629586338996887,0.18339309096336365,0.18339203298091888,1.0579824447631836e-06,0.9629586338996887,7.206213581412158e-08,0.027855927124619484,2.9760883535345783e-08,0.00804198533296585,8.481909397062282e-09,0.0004571226018015295,4.0041091969866827e-11,0.0006863946910016239,7.401837476272988e-11,True
0,0,0.963196873664856,0.1841323971748352,0.18413154780864716,8.493661880493164e-07,0.963196873664856,5.323139617985362e-08,0.02691175974905491,1.9232611947472833e-08,0.008453400805592537,7.812022140285535e-09,0.000563968438655138,5.214257151053836e-11,0.0008740454795770347,1.0461822380625208e-10,True
0,0,0.979817807674408,0.11139664053916931,0.11139621585607529,4.246830940246582e-07,0.979817807674408,1.4145948412647158e-08,0.015872880816459656,6.175256750395874e-09,0.0036883142311125994,1.3623795425132812e-09,0.00022423923655878752,9.23005855774095e-12,0.0003967677184846252,2.5434402847746007e-11,True
0,0,0.9567238092422485,0.20917996764183044,0.20917902886867523,9.387731552124023e-07,0.9567238092422485,4.882749848889034e-08,0.03156695514917374,1.3394742204297927e-08,0.01013097818940878,1.1902081098469353e-08,0.0006373440264724195,9.594478683760954e-11,0.0009409399935975671,1.915536201879675e-10,True
0,0,0.9293224215507507,0.29587751626968384,0.29587581753730774,1.6987323760986328e-06,0.9293224215507507,1.8375106947132736e-07,0.05702933669090271,7.807670954207424e-08,0.012126871384680271,2.1166915331605196e-08,0.0006464767502620816,9.334080036671466e-11,0.0008748691761866212,1.4079103161090956e-10,True
0,0,0.9211904406547546,0.3398798406124115,0.3398779332637787,1.9073486328125e-06,0.9211904406547546,2.1834084407146293e-07,0.0511925108730793,4.60138913638275e-08,0.024085599929094315,5.605330244407014e-08,0.001558022922836244,3.1993530047458307e-10,0.0019734010566025972,4.0872424889037973e-10,True
0,0,0.9723710417747498,0.139186292886734,0.13918553292751312,7.599592208862305e-07,0.9723710417747498,3.8370625787820245e-08,0.023870719596743584,2.2363916940548734e-08,0.0032596790697425604,1.7542367558576188e-09,0.0001813472918001935,7.725577122474903e-12,0.00031719665275886655,1.8898868581196382e-11,True
0,0,0.9008170962333679,0.4123913645744324,0.41238680481910706,4.559755325317383e-06,0.9008170962333679,6.627032007600064e-07,0.05558830499649048,9.521137656065548e-08,0.03779694810509682,2.1028962748914637e-07,0.002642405452206731,1.926576009836367e-09,0.00315517233684659,2.3802859683286215e-09,True
0,0,0.9764407277107239,0.12777838110923767,0.1277778595685959,5.21540641784668e-07,0.9764407277107239,2.2399811783202495e-08,0.017656294628977776,8.094383829870822e-09,0.005079362075775862,3.0196740663512855e-09,0.0003083811025135219,1.7171297370111027e-11,0.0005153021775186062,4.021458513414622e-11,True
0,0,0.9475731253623962,0.2544909715652466,0.2544899582862854,1.0132789611816406e-06,0.9475731253623962,8.425185882288133e-08,0.027247074991464615,1.1678010558568985e-08,0.021658943966031075,2.9025343906141643e-08,0.0015055780531838536,2.0412471712916158e-10,0.0020152279175817966,3.025770745068712e-10,True
0,0,0.9604185223579407,0.1956724375486374,0.19567182660102844,6.109476089477539e-07,0.9604185223579407,3.3165360235898333e-08,0.028168797492980957,1.1217426987286672e-08,0.009977270849049091,6.264782914655598e-09,0.0005822458188049495,3.059843697861275e-11,0.0008530986378900707,5.62591154218417e-11,True
0,0,0.9559785723686218,0.21490713953971863,0.21490560472011566,1.5348196029663086e-06,0.9559785723686218,1.0744115996885739e-07,0.030221430584788322,2.6138152975363482e-08,0.011820216663181782,2.1541406880487557e-08,0.0008034120546653867,1.5473383685460362e-10,0.0011763966176658869,2.7422414339284273e-10,True
0,0,0.9709022641181946,0.14491696655750275,0.14491622149944305,7.450580596923828e-07,0.9709022641181946,3.65418308945209e-08,0.025243893265724182,2.0213391849210893e-08,0.0033002968411892653,2.0236818887298114e-09,0.0001995685015572235,1.1522231085914214e-11,0.0003539902390912175,3.0084670865626606e-11,True
0,0,0.7202256321907043,0.832848072052002,0.8328441977500916,3.874301910400391e-06,0.7202256321907043,9.531556202091451e-07,0.15773318707942963,2.2591221693346597e-07,0.10971621423959732,5.024832034905558e-07,0.0064692716114223,3.2888956003063186e-09,0.005855692084878683,2.4305986112693745e-09,True
0,0,0.941047191619873,0.2596016228199005,0.25960060954093933,1.0132789611816406e-06,0.941047191619873,9.894493047113428e-08,0.047111619263887405,4.058756530866958e-08,0.010166892781853676,1.0281290485636418e-08,0.0006770796026103199,7.480699393269674e-11,0.0009972489206120372,1.3610598759150605e-10,True
0,0,0.9444471597671509,0.2536439895629883,0.25364184379577637,2.1457672119140625e-06,0.9444471597671509,1.9751088586872356e-07,0.04082861542701721,6.858777368279334e-08,0.012818207032978535,2.744222271644503e-08,0.0007924125529825687,1.7924570161476083e-10,0.0011136288521811366,3.018332805915236e-10,True
0,0,0.9816078543663025,0.10089122503995895,0.10089018195867538,1.043081283569336e-06,0.9816078543663025,3.39739294474839e-08,0.015694497153162956,1.874300536996998e-08,0.002244986593723297,1.6416078496561681e-09,0.0001528557186247781,1.1908646811720214e-11,0.0002997925621457398,3.804271828111716e-11,True
0,0,0.9541654586791992,0.22400031983852386,0.22399894893169403,1.3709068298339844e-06,0.9541654586791992,9.869185646493861e-08,0.029729116708040237,2.0947485523947762e-08,0.013780157081782818,2.2883321904032528e-08,0.000955159601289779,1.688066353366935e-10,0.0013700861018151045,2.859639469665609e-10,True
0,0,0.9609127044677734,0.1976078748703003,0.19760684669017792,1.0281801223754883e-06,0.9609127044677734,6.30325800443643e-08,0.025682343170046806,1.590514919769248e-08,0.011213324032723904,1.3244070729001578e-08,0.0008702470222488046,1.217499434602587e-10,0.0013213932979851961,2.3271529148161108e-10,True
0,0,0.9688023924827576,0.15815700590610504,0.15815642476081848,5.811452865600586e-07,0.9688023924827576,3.278004356843667e-08,0.024408096447587013,1.3849535740462215e-08,0.006013987120240927,3.693011896288567e-09,0.000305009976727888,1.4018673374915913e-11,0.0004705526807811111,2.7116022968676212e-11,True
2,2,0.657293975353241,0.9591965675354004,0.9591833353042603,1.3232231140136719e-05,0.04774345085024834,4.054617761539703e-07,0.23855581879615784,2.639587137309718e-06,0.657293975353241,3.266704197812942e-06,0.03991614654660225,9.587326843529809e-08,0.016490576788783073,1.622550271918044e-08,True
0,0,0.9724694490432739,0.14383135735988617,0.14383040368556976,9.5367431640625e-07,0.9724694490432739,4.534673792022659e-08,0.0212105680257082,1.770345470220036e-08,0.005513940937817097,5.5520366082362216e-09,0.00030892444192431867,2.731860571092426e-11,0.0004971427260898054,5.8166686744964835e-11,True
0,0,0.9653844833374023,0.17024391889572144,0.1702430695295334,8.493661880493164e-07,0.9653844833374023,4.117593377372941e-08,0.028158757835626602,1.7945630759186315e-08,0.0055783092975616455,4.716062651510811e-09,0.0003348895988892764,3.00209961057174e-11,0.0005435204366222024,6.808458657969751e-11,True
0,1,0.5302250385284424,0.9745612144470215,0.9745354056358337,2.580881118774414e-05,0.07033901661634445,6.165765853438643e-07,0.5302250385284424,7.719736458966509e-06,0.3812791407108307,1.0257183930661995e-05,0.012787905521690845,3.7848902678661034e-08,0.00536889536306262,5.5170574775331716e-09,False
1,0,0.7053197622299194,0.7932689189910889,0.7932643294334412,4.589557647705078e-06,0.7053197622299194,1.6118523262775852e-06,0.219206765294075,6.12096357599512e-07,0.07121448963880539,3.093853422342363e-07,0.002299557439982891,5.118641621670861e-10,0.001959447981789708,3.041967233663456e-10,False
0,0,0.8711010813713074,0.4982159733772278,0.4982066750526428,9.298324584960938e-06,0.8711010813713074,1.4990786212365492e-06,0.07592584192752838,1.746324045370784e-07,0.0455312542617321,5.53150982796069e-07,0.0034466907382011414,5.866831465084488e-09,0.003995075821876526,6.8431376121225185e-09,True
2,2,0.5827749371528625,0.8863338232040405,0.8863202929496765,1.3530254364013672e-05,4.814089697902091e-05,2.2739108773012218e-12,0.0016925610834732652,1.5342159764841767e-09,0.5827749371528625,6.450893124565482e-06,0.3409596085548401,4.901331521978136e-06,0.07452481240034103,1.5531387020928378e-07,True
0,0,0.9787371754646301,0.11594788730144501,0.11594746261835098,4.246830940246582e-07,0.9787371754646301,1.315580089311652e-08,0.017019983381032944,5.622210252909099e-09,0.003518955083563924,1.4168340944920033e-09,0.0002539519628044218,1.3031815210284847e-11,0.0004699440614785999,3.943604123812783e-11,True
2,0,0.6984379887580872,0.8518871068954468,0.851881206035614,5.900859832763672e-06,0.6984379887580872,2.0071936432941584e-06,0.1914283037185669,4.1292443597740203e-07,0.09968521445989609,6.3973396891015e-07,0.005501775536686182,3.0299791564658562e-09,0.004946704488247633,1.9400727691021302e-09,False
3,2,0.504400908946991,0.9256000518798828,0.9255872964859009,1.2755393981933594e-05,1.8880584320868365e-05,4.0793488921032905e-13,0.0008006923017092049,4.2027817337420004e-10,0.504400908946991,6.35572723695077e-06,0.4101799428462982,5.056835107097868e-06,0.084599569439888,1.204514177288729e-07,False
0,0,0.9146342277526855,0.3568185567855835,0.35681506991386414,3.4868717193603516e-06,0.9146342277526855,4.387935348404426e-07,0.05829140171408653,1.1063634275387813e-07,0.023959143087267876,9.67287192565891e-08,0.0013963874662294984,5.392384871960587e-10,0.0017188119236379862,6.897291626728475e-10,True
0,0,0.8928545117378235,0.4274354577064514,0.4274318814277649,3.5762786865234375e-06,0.8928545117378235,4.930164436700579e-07,0.07140709459781647,8.033273957153142e-08,0.03040800802409649,1.3636147855322633e-07,0.0023614324163645506,1.6865459029347107e-09,0.0029689944349229336,2.3923465430897295e-09,True
0,0,0.9204323887825012,0.35371315479278564,0.35370680689811707,6.3478946685791016e-06,0.9204323887825012,8.226274985645432e-07,0.03986908122897148,9.058212668833221e-08,0.033752623945474625,2.77269947446257e-07,0.0026379642076790333,2.7801565494200986e-09,0.003307970706373453,3.6349616649999916e-09,True
2,0,0.7606978416442871,0.764312744140625,0.7642908692359924,2.187490463256836e-05,0.7606978416442871,6.312109690043144e-06,0.13075892627239227,4.5870945086790016e-07,0.09538932889699936,2.617853397168801e-06,0.006653266493231058,2.3867782417141825e-08,0.006500622723251581,1.9143490348483283e-08,False
0,0,0.7102708220481873,0.8406952619552612,0.8406858444213867,9.417533874511719e-06,0.7102708220481873,3.0585397325921804e-06,0.17209266126155853,3.8452947137557203e-07,0.10698243230581284,1.232355430147436e-06,0.005646710749715567,6.3437255448661745e-09,0.005007392726838589,4.157173716379248e-09,True
2,2,0.6008707284927368,0.860193133354187,0.8601831793785095,9.953975677490234e-06,0.01960699073970318,5.187702711850761e-08,0.35342904925346375,3.7916477140242932e-06,0.6008707284927368,3.7487066038011108e-06,0.019897451624274254,2.426074452444027e-08,0.00619581900537014,2.1586490372982325e-09,True
0,0,0.9471578598022461,0.2515558898448944,0.25155535340309143,5.364418029785156e-07,0.9471578598022461,4.533871234002618e-08,0.03302253410220146,1.2688539996474901e-08,0.017092911526560783,1.1402433663931788e-08,0.0011501337867230177,8.124022288225063e-11,0.0015766192227602005,1.353342715670891e-10,True
2,2,0.8067272305488586,0.644530177116394,0.6445232629776001,6.9141387939453125e-06,0.0014153546653687954,1.1535689070640842e-09,0.014838303439319134,5.6066852494041086e-08,0.8067272305488586,1.0074330702991574e-06,0.13829071819782257,1.002104227154632e-06,0.03872842714190483,6.365286253640079e-08,True
0,0,0.9818641543388367,0.10012225806713104,0.1001218780875206,3.7997961044311523e-07,0.9818641543388367,9.292770997149091e-09,0.015197708271443844,4.37175051715144e-09,0.002551238052546978,8.377755156274702e-10,0.0001368711091345176,3.866528191370788e-12,0.00024998767185024917,1.0853021606416213e-11,True
2,1,0.5126730799674988,1.0081278085708618,1.0081151723861694,1.2636184692382812e-05,0.3506757915019989,3.755490070034284e-06,0.5126730799674988,1.7676479728834238e-06,0.13130056858062744,1.5418266912092804e-06,0.003281692508608103,1.918190939420583e-09,0.0020688518416136503,6.4946303890423e-10,False
0,0,0.9507243037223816,0.2397783100605011,0.23977671563625336,1.5944242477416992e-06,0.9507243037223816,1.262959727910129e-07,0.029155448079109192,2.7186008111357296e-08,0.017298107966780663,3.238312373810004e-08,0.0011898936936631799,2.3737362075948454e-10,0.0016322623705491424,3.761947975355895e-10,True
2,2,0.5135214924812317,1.2080962657928467,1.2080503702163696,4.589557647705078e-05,0.14799073338508606,4.774704848387046e-06,0.2694395184516907,6.232426585484063e-06,0.5135214924812317,1.2323786904744338e-05,0.04405958577990532,5.08965342760348e-07,0.024988705292344093,1.4046648288967845e-07,True
0,0,0.9600452780723572,0.18896996974945068,0.1889692097902298,7.599592208862305e-07,0.9600452780723572,5.341253483948094e-08,0.033469367772340775,2.5124270663923198e-08,0.005485498812049627,4.249262275379806e-09,0.0003751350741367787,2.8534029306026554e-11,0.0006248186691664159,6.347065928391515e-11,True
0,0,0.949435830116272,0.23279821872711182,0.2327972650527954,9.5367431640625e-07,0.949435830116272,9.141459855754874e-08,0.03917878493666649,4.04578344159745e-08,0.009803307242691517,8.013252283944894e-09,0.0006370348273776472,4.805728384682517e-11,0.0009450794314034283,8.572011850338512e-11,True
0,0,0.9294835925102234,0.305593878030777,0.3055926263332367,1.2516975402832031e-06,0.9294835925102234,1.0249483750612853e-07,0.05104985460639,2.677480814838873e-08,0.01700364612042904,2.669780130304389e-08,0.0010545523837208748,2.0415835688680772e-10,0.0014083745190873742,3.249101820923528e-10,True
0,0,0.9384639859199524,0.28315654397010803,0.2831558287143707,7.152557373046875e-07,0.9384639859199524,5.3020936974235156e-08,0.03887064382433891,8.94938168016779e-09,0.01943308487534523,1.671728888652524e-08,0.001374061219394207,1.1762786578106699e-10,0.0018581505864858627,1.7337438429354535e-10,True
2,3,0.658523678779602,0.8603014945983887,0.860289990901947,1.150369644165039e-05,5.495623440765485e-07,5.650676963932829e-16,3.3695210731821135e-05,1.3327214765795903e-12,0.22674560546875,4.085616183147067e-06,0.658523678779602,3.9974420360522345e-06,0.11469651758670807,5.368664801608247e-08,False
0,0,0.9713966250419617,0.15403632819652557,0.15403567254543304,6.556510925292969e-07,0.9713966250419617,2.9302983151069384e-08,0.01858326606452465,7.643429000836477e-09,0.008335443213582039,6.279128772490594e-09,0.0006435783579945564,4.082502044755465e-11,0.0010410479735583067,8.021509151356909e-11,True
0,0,0.9268388748168945,0.3223091959953308,0.3223077952861786,1.4007091522216797e-06,0.9268388748168945,1.597492484961549e-07,0.047387175261974335,4.002401965408353e-08,0.02208777144551277,3.8168987970266244e-08,0.0015893951058387756,2.6825655585760444e-10,0.002096870681270957,3.825204042406938e-10,True
0,0,0.9666061401367188,0.16976448893547058,0.16976384818553925,6.407499313354492e-07,0.9666061401367188,2.884624628052279e-08,0.024666259065270424,9.611489382166383e-09,0.007553454488515854,5.047976259220377e-09,0.00045936397509649396,3.281152086143102e-11,0.0007147485739551485,6.958583709248956e-11,True
0,0,0.9417481422424316,0.2515937387943268,0.2515919506549835,1.7881393432617188e-06,0.9417481422424316,1.7236543214949052e-07,0.049221962690353394,9.114896215578483e-08,0.007831983268260956,1.0779634074253863e-08,0.0004759639559779316,5.7725532687236125e-11,0.000721902004443109,1.0764109048544412e-10,True
0,0,0.9322670102119446,0.2929537296295166,0.2929517328739166,1.996755599975586e-06,0.9322670102119446,1.9903309578239714e-07,0.05125771090388298,6.775729843866429e-08,0.01440409291535616,2.9746137997221922e-08,0.0008770715794526041,1.9766784042918317e-10,0.0011941053671762347,3.1667843347626956e-10,True
2,2,0.6519190669059753,0.997782289981842,0.9977577328681946,2.4557113647460938e-05,0.06510765850543976,1.138565721703344e-06,0.22269566357135773,4.23501569457585e-06,0.6519190669059753,6.52408562018536e-06,0.041703179478645325,1.6347522091564315e-07,0.018574431538581848,2.5343043219550054e-08,True
2,2,0.7148197889328003,0.8281964063644409,0.8281901478767395,6.258487701416016e-06,0.002794538391754031,3.608662479948066e-09,0.0159443449229002,5.1912298459910744e-08,0.7148197889328003,1.1676078202071949e-06,0.19648176431655884,1.1256302059337031e-06,0.06995958089828491,8.886104296834674e-08,True
3,3,0.7885441780090332,0.6624758243560791,0.6624430418014526,3.2782554626464844e-05,1.7496239124170643e-08,3.2016459878686526e-18,3.843102149403421e-06,8.852315581953096e-14,0.10439343750476837,5.998159849696094e-06,0.7885441780090332,7.905830898380373e-06,0.10705853998661041,1.9293699438094336e-07,True
0,0,0.9401470422744751,0.26983779668807983,0.26983532309532166,2.473592758178711e-06,0.9401470422744751,2.2774516139634216e-07,0.04292837530374527,6.043248390597e-08,0.014880790375173092,4.289859489858827e-08,0.0008710394031368196,2.4289281697065235e-10,0.0011727061355486512,3.6514236079199236e-10,True
0,0,0.9421938061714172,0.26987165212631226,0.26987096667289734,6.854534149169922e-07,0.9421938061714172,6.072486513630793e-08,0.03563941642642021,1.86525479506372e-08,0.019298242405056953,1.2693174511468897e-08,0.0012328181182965636,1.0933211974650803e-10,0.0016357332933694124,1.800890270242661e-10,True
0,0,0.9665719270706177,0.16957110166549683,0.1695704609155655,6.407499313354492e-07,0.9665719270706177,3.2331922028561166e-08,0.02542499080300331,1.2224346868094926e-08,0.006569203920662403,3.9598391232686936e-09,0.0005328822880983353,3.994658423489561e-11,0.0009010047069750726,9.412665091801387e-11,True
0,0,0.6628372073173523,0.9574134349822998,0.9573994874954224,1.3947486877441406e-05,0.6628372073173523,4.902728505840059e-06,0.1092570573091507,5.533719260597536e-08,0.19927860796451569,3.3815158531069756e-06,0.015357260592281818,3.9955533992497294e-08,0.013269851915538311,2.492516770757902e-08,True
0,0,0.869637131690979,0.5063090920448303,0.5063055157661438,3.5762786865234375e-06,0.869637131690979,5.645075020765944e-07,0.06284279376268387,5.180612916433347e-08,0.059943199157714844,3.113350430794526e-07,0.003674430074170232,2.036919743986232e-09,0.003902450669556856,2.032589430100984e-09,True
1,2,0.6635288596153259,0.958125114440918,0.9581114053726196,1.3709068298339844e-05,0.06396720558404922,5.964029128335824e-07,0.224595308303833,2.4311568722623633e-06,0.6635288596153259,3.668769068099209e-06,0.03373521566390991,7.713006766607577e-08,0.014173420146107674,1.0754895640729956e-08,False
0,0,0.9692050814628601,0.15875878930091858,0.15875820815563202,5.811452865600586e-07,0.9692050814628601,3.06014698026047e-08,0.02332325652241707,1.3091579376123264e-08,0.006221185903996229,3.1360203323060887e-09,0.0004666736349463463,2.8564612480908025e-11,0.0007838260498829186,6.877029501417553e-11,True
0,0,0.9741529822349548,0.13910242915153503,0.1391013115644455,1.1175870895385742e-06,0.9741529822349548,4.8695657284270055e-08,0.01862183026969433,1.4255876479296603e-08,0.006133234594017267,7.98340682450771e-09,0.00041191611671820283,6.051533579798374e-11,0.0006800944684073329,1.4026571570902036e-10,True
2,3,0.4856271743774414,0.9436097145080566,0.943598210811615,1.150369644165039e-05,7.653111424588133e-06,5.354062394716079e-14,0.0004999222583137453,1.4144706239616056e-10,0.4183066487312317,5.679607966158073e-06,0.4856271743774414,4.481950782064814e-06,0.09555859863758087,1.159580023113449e-07,False
0,0,0.9617820978164673,0.1921229064464569,0.19212181866168976,1.087784767150879e-06,0.9617820978164673,6.486486370249622e-08,0.026826655492186546,2.315571556721352e-08,0.009402565658092499,9.986401039441262e-09,0.0007683486910536885,8.880144536371759e-11,0.0012203120859339833,1.7493750892327853e-10,True
0,0,0.9542617201805115,0.21733352541923523,0.2173319309949875,1.5944242477416992e-06,0.9542617201805115,1.1743595251800798e-07,0.03419364616274834,3.6464328445617866e-08,0.00994489248842001,1.8127986223248627e-08,0.000641961523797363,1.2423008455275664e-10,0.0009578127646818757,2.3139716531783705e-10,True
2,0,0.9126394391059875,0.36287906765937805,0.362877756357193,1.3113021850585938e-06,0.9126394391059875,1.3461462344821484e-07,0.060409821569919586,4.2627931406968855e-08,0.023564836010336876,3.367462753089967e-08,0.0014961467823013663,2.9303906523558965e-10,0.0018897152040153742,4.372254502893469e-10,False
2,0,0.40909814834594727,1.1856050491333008,1.1855950355529785,1.0013580322265625e-05,0.40909814834594727,2.3918055376270786e-06,0.28293943405151367,6.705266741846572e-07,0.28409475088119507,2.8464794468163745e-06,0.014313668012619019,2.2335692406727503e-08,0.009554008953273296,9.24781584643597e-09,False
0,0,0.9687671661376953,0.1578265279531479,0.15782515704631805,1.3709068298339844e-06,0.9687671661376953,7.077144204004071e-08,0.024989252910017967,2.9436172610530775e-08,0.005331902299076319,7.266876878020412e-09,0.0003432227822486311,4.941709194627997e-11,0.0005685052601620555,1.1524511206451038e-10,True
0,0,0.9707924723625183,0.15360990166664124,0.15360894799232483,9.5367431640625e-07,0.9707924723625183,4.361797323326755e-08,0.020870262756943703,1.128099302860619e-08,0.007165569346398115,8.051095790051477e-09,0.0004540995869319886,4.9947993657761813e-11,0.0007175602368079126,1.0199721622861091e-10,True
1,2,0.6446647047996521,0.90923011302948,0.9092077612876892,2.2351741790771484e-05,0.026811107993125916,1.9616099677932652e-07,0.2809446156024933,6.883397418278037e-06,0.6446647047996521,6.560763722518459e-06,0.0348886139690876,1.4057378905363294e-07,0.01269098836928606,1.4958912331053398e-08,False
0,0,0.960766613483429,0.18927890062332153,0.18927808105945587,8.195638656616211e-07,0.960766613483429,5.146068815520266e-08,0.03102315030992031,2.26240057799032e-08,0.007233372423797846,5.454852125552634e-09,0.00038961367681622505,2.48828822130287e-11,0.000587235379498452,4.734030875641615e-11,True
0,0,0.9416095614433289,0.25858309864997864,0.2585817575454712,1.341104507446289e-06,0.9416095614433289,1.2800065007922967e-07,0.04590287804603577,6.539204377986607e-08,0.010927597992122173,1.2143847705203825e-08,0.0006446653860621154,6.687816272998859e-11,0.0009153595310635865,1.1380298092777963e-10,True
2,2,0.7687107920646667,0.7955881953239441,0.795567512512207,2.0682811737060547e-05,0.009812215343117714,5.3456034265764174e-08,0.11475834995508194,3.0114058517938247e-06,0.7687107920646667,9.892562502500368e-07,0.07932763546705246,6.568943149432016e-07,0.027390986680984497,5.711366313221333e-08,True
0,0,0.9719708561897278,0.14772599935531616,0.1477249413728714,1.0579824447631836e-06,0.9719708561897278,4.9553847247807425e-08,0.020678477361798286,1.3633585815853166e-08,0.006275056395679712,8.369575255073869e-09,0.00040976653690449893,5.609160011466052e-11,0.0006658837664872408,1.2367178114924826e-10,True
0,0,0.8681705594062805,0.4974327087402344,0.4974285066127777,4.202127456665039e-06,0.8681705594062805,7.83284519911831e-07,0.08298489451408386,1.4902855127729708e-07,0.0434592068195343,2.225158226565327e-07,0.0025591531302779913,1.2466410126421579e-09,0.0028261428233236074,1.2520593450915385e-09,True
0,1,0.3998360335826874,1.1439200639724731,1.1438902616500854,2.9802322387695312e-05,0.3726799488067627,9.192165634885896e-06,0.3998360335826874,1.115143390961748e-06,0.21023543179035187,6.380850209097844e-06,0.010259007103741169,3.198076115040749e-08,0.006989615503698587,1.1880264771946258e-08,False
0,0,0.9310147166252136,0.30157145857810974,0.30156949162483215,1.9669532775878906e-06,0.9310147166252136,2.129936547135003e-07,0.0496453121304512,6.778406458352038e-08,0.01664768159389496,3.378447743784818e-08,0.0011369716376066208,2.5116608792785655e-10,0.001555275171995163,3.897725198154234e-10,True
0,0,0.9396600723266602,0.271226167678833,0.2712244689464569,1.6987323760986328e-06,0.9396600723266602,1.7478305380791426e-07,0.04392024129629135,5.354203125307322e-08,0.014203391037881374,2.820712019513394e-08,0.0009244091925211251,1.59295771018364e-10,0.001291964901611209,2.4427310174601757e-10,True
2,0,0.9488226771354675,0.24320968985557556,0.24320852756500244,1.1622905731201172e-06,0.9488226771354675,9.7921436292836e-08,0.03386661410331726,2.4070482496085788e-08,0.01495131105184555,2.03419201483257e-08,0.000984070124104619,1.2518218406309956e-10,0.0013753281673416495,1.9650872595811109e-10,False
0,0,0.9456166625022888,0.24982601404190063,0.2498249113559723,1.1026859283447266e-06,0.9456166625022888,9.646462473256179e-08,0.040233515202999115,3.043751561904173e-08,0.012022401206195354,1.4579808471637534e-08,0.0008612451492808759,1.1111378483974477e-10,0.0012662009103223681,1.9519486027519406e-10,True
2,2,0.5436729788780212,0.9141045808792114,0.9140738844871521,3.069639205932617e-05,3.841527723125182e-05,4.486376548040738e-12,0.00141881441231817,3.3032137025656994e-09,0.5436729788780212,1.4746740816917736e-05,0.37276387214660645,1.2021038855891675e-05,0.08210600912570953,2.218799863840104e-07,True
0,0,0.9736775755882263,0.1366494596004486,0.13664908707141876,3.725290298461914e-07,0.9736775755882263,2.018597378139475e-08,0.021541884168982506,1.0207038769749488e-08,0.004076589830219746,1.4994602226536813e-09,0.00025751820066943765,8.976180042308268e-12,0.00044650884228758514,2.2394239240774994e-11,True
2,0,0.33539721369743347,1.1878752708435059,1.187848448753357,2.682209014892578e-05,0.33539721369743347,7.342879598581931e-06,0.3309997022151947,1.3259696061140858e-06,0.3135007619857788,8.248401172750164e-06,0.012515353038907051,3.5797508957102764e-08,0.007587024010717869,1.120525805475836e-08,False
0,0,0.9361456036567688,0.2897244393825531,0.2897222936153412,2.1457672119140625e-06,0.9361456036567688,2.457246353060327e-07,0.041302263736724854,6.350985159997435e-08,0.01958334445953369,4.82009561153518e-08,0.0012804552679881454,2.999599180153467e-10,0.0016883880598470569,4.164863454114709e-10,True
0,0,0.9658008813858032,0.17200841009616852,0.17200744152069092,9.685754776000977e-07,0.9658008813858032,4.873124126447692e-08,0.025798121467232704,1.5672890540940898e-08,0.007341998163610697,8.31907520648656e-09,0.0004194418143015355,4.95503395259167e-11,0.0006395871751010418,9.998479127970583e-11,True
1,2,0.5194042325019836,0.9925026893615723,0.9924964904785156,6.198883056640625e-06,0.06507821381092072,2.44632303747494e-07,0.39049527049064636,1.5538510069745826e-06,0.5194042325019836,2.2222557163331658e-06,0.017872657626867294,1.472024191429e-08,0.007149677257984877,2.4351183292026235e-09,False
0,0,0.982221245765686,0.1016799658536911,0.10167955607175827,4.0978193283081055e-07,0.982221245765686,1.4451329022335813e-08,0.013489431701600552,6.742640668022659e-09,0.003483046544715762,1.2810316141198541e-09,0.0002782951050903648,1.2616719301250523e-11,0.0005280578625388443,3.8569248489439545e-11,True
0,0,0.9495863318443298,0.24452072381973267,0.24451899528503418,1.7285346984863281e-06,0.9495863318443298,1.4055250119326956e-07,0.030727630481123924,2.498947004880847e-08,0.016416331753134727,3.581393670515354e-08,0.0013384625781327486,3.7918593265295897e-10,0.0019312941003590822,6.552260400916055e-10,True
0,0,0.9720894694328308,0.14596903324127197,0.14596788585186005,1.1473894119262695e-06,0.9720894694328308,5.3330179383692666e-08,0.0211629718542099,2.1057209309560676e-08,0.0058945720084011555,6.603247282299662e-09,0.0003294656053185463,3.014546598456569e-11,0.0005234991549514234,6.210457842437123e-11,True
0,0,0.9529817700386047,0.21335719525814056,0.21335601806640625,1.1771917343139648e-06,0.9529817700386047,8.903145953809144e-08,0.03967246413230896,4.6929898189773667e-08,0.00644354522228241,5.541008540888015e-09,0.00035504685365594923,2.8987277855829774e-11,0.0005471151671372354,5.894122689920067e-11,True
0,0,0.9680998921394348,0.15638971328735352,0.15638874471187592,9.685754776000977e-07,0.9680998921394348,5.002604197557048e-08,0.02745901048183441,2.4998973557899262e-08,0.0038097412325441837,3.3422822287576537e-09,0.00023079736274667084,1.7981607522421506e-11,0.0004005568043794483,4.39891595371833e-11,True
0,0,0.9054753184318542,0.38164663314819336,0.3816448152065277,1.817941665649414e-06,0.9054753184318542,2.174529498688571e-07,0.06805038452148438,5.6743076015663974e-08,0.02298702299594879,5.0794682238120004e-08,0.0015343038830906153,3.4790395564421317e-10,0.0019529849523678422,4.706505740692535e-10,True
0,0,0.9297582507133484,0.31461644172668457,0.31461411714553833,2.3245811462402344e-06,0.9297582507133484,2.571273114426731e-07,0.04334583878517151,4.382367180255642e-08,0.023073876276612282,6.764469162590103e-08,0.0016538251657038927,6.062568225218001e-10,0.002168267732486129,8.949744834119144e-10,True
0,0,0.9614249467849731,0.19205471873283386,0.19205430150032043,4.172325134277344e-07,0.9614249467849731,2.5031104300410334e-08,0.027313027530908585,9.5903498475991e-09,0.009785483591258526,3.980714868845325e-09,0.0005957867251709104,2.012630340164634e-11,0.0008807331323623657,3.528772760108545e-11,True
0,0,0.9797075390815735,0.10839349031448364,0.10839300602674484,4.842877388000488e-07,0.9797075390815735,2.0501785158444363e-08,0.017604107037186623,1.159005869055818e-08,0.00233240588568151,1.082282485853625e-09,0.00012504764890763909,4.7016847880276824e-12,0.00023100399994291365,1.3116335274843127e-11,True
0,0,0.961403489112854,0.178113654255867,0.17811278998851776,8.642673492431641e-07,0.961403489112854,5.316018203416206e-08,0.034630753099918365,3.180408114644706e-08,0.003447907045483589,2.074952432096211e-09,0.00019066428649239242,1.1444234448987345e-11,0.00032715575071051717,2.9176397409180765e-11,True
2,2,0.6295716166496277,1.1264961957931519,1.1264694929122925,2.6702880859375e-05,0.17454230785369873,6.109157311584568e-06,0.07341914623975754,3.5590531410889525e-07,0.6295716166496277,3.955488864448853e-06,0.07536818087100983,5.241748795015155e-07,0.04709874466061592,1.5247016449393413e-07,True
2,2,0.5848097205162048,0.9116544127464294,0.9116498231887817,4.589557647705078e-06,0.00027269183192402124,3.5739633474918264e-11,0.0012574034044519067,3.6990682739102e-10,0.5848097205162048,2.192888587160269e-06,0.31928712129592896,1.6403522522523417e-06,0.09437313675880432,5.992048812686335e-08,True
0,0,0.9616163372993469,0.1914406418800354,0.1914399415254593,7.003545761108398e-07,0.9616163372993469,4.2445574166549704e-08,0.027354449033737183,1.6894899701469512e-08,0.009426661767065525,5.640052425093245e-09,0.0006354589131660759,3.937112094676287e-11,0.0009670111467130482,7.530302076341755e-11,True
0,0,0.9820874333381653,0.10163922607898712,0.1016387939453125,4.3213367462158203e-07,0.9820874333381653,1.2519213221651171e-08,0.013785922899842262,4.828905275644502e-09,0.0034978215117007494,1.5363961214376332e-09,0.00022445307695306838,1.0752270601654956e-11,0.0004043879162054509,2.991170158783696e-11,True
0,0,0.6442504525184631,0.9866297245025635,0.9866108298301697,1.8894672393798828e-05,0.6442504525184631,6.273465714912163e-06,0.16536365449428558,2.3098192514225957e-07,0.1658971607685089,3.6471924431680236e-06,0.013011448085308075,4.925551877477119e-08,0.011477319523692131,3.283698646328048e-08,True
0,0,0.9131234288215637,0.36987632513046265,0.36987408995628357,2.2351741790771484e-06,0.9131234288215637,2.4912273488553183e-07,0.0517369769513607,2.1934447147486935e-08,0.030846459791064262,1.0013959439447717e-07,0.0019454179564490914,7.822440473148617e-10,0.0023477671202272177,1.0103744507716783e-09,True
0,0,0.9342425465583801,0.2950459122657776,0.29504457116127014,1.341104507446289e-06,0.9342425465583801,1.3352463668070413e-07,0.04432828351855278,2.827260026094791e-08,0.01831071451306343,3.0606358336626727e-08,0.0013180337846279144,2.8350990999292947e-10,0.0018004324520006776,4.632766670287225e-10,True
2,2,0.751203179359436,0.7923842668533325,0.7923639416694641,2.0325183868408203e-05,0.002940540434792638,1.0162506391964143e-08,0.03197946771979332,5.678373895534605e-07,0.751203179359436,1.4884520851410343e-06,0.16031570732593536,2.6415989395900397e-06,0.05356113985180855,1.7388619255598314e-07,True
0,0,0.9609134793281555,0.19527655839920044,0.19527530670166016,1.2516975402832031e-06,0.9609134793281555,7.733058993153463e-08,0.027232537046074867,1.7566692989134935e-08,0.010052109137177467,1.6426943361125268e-08,0.0007141294772736728,1.3847505087039025e-10,0.0010878511238843203,2.738673177127282e-10,True
2,0,0.3824687898159027,1.1774914264678955,1.1774721145629883,1.9311904907226562e-05,0.3824687898159027,6.047326678526588e-06,0.32905349135398865,5.874254043192195e-07,0.2686450183391571,5.390319074649597e-06,0.012029825709760189,2.456403613848579e-08,0.007802887354046106,8.692358832718128e-09,False
0,0,0.9408268332481384,0.2755228877067566,0.27552130818367004,1.5795230865478516e-06,0.9408268332481384,1.401939471179503e-07,0.03567381203174591,1.9712540932914635e-08,0.020478205755352974,4.544079601487283e-08,0.0013057669857516885,3.293393058267924e-10,0.0017154759261757135,5.012091852663048e-10,True
0,0,0.9656882286071777,0.17037220299243927,0.1703709214925766,1.2814998626708984e-06,0.9656882286071777,7.33291400933922e-08,0.026983896270394325,3.3101617447073295e-08,0.006495722569525242,7.117332945227872e-09,0.00032977169030345976,2.902742629595778e-11,0.0005023491685278714,5.6313276958208647e-11,True
0,0,0.9541017413139343,0.22738079726696014,0.22737686336040497,3.933906555175781e-06,0.9541017413139343,2.8593083811756514e-07,0.02799474075436592,4.111411655571828e-08,0.01476308424025774,7.140054947285535e-08,0.0012610306730493903,8.800718487300685e-10,0.0018793611088767648,1.6507812894417384e-09,True
0,0,0.9878908395767212,0.07545755803585052,0.07545701414346695,5.438923835754395e-07,0.9878908395767212,1.077244604630323e-08,0.008231311105191708,2.881234362206442e-09,0.003129309508949518,1.854576936466401e-09,0.00025327454204671085,2.0549150922533066e-11,0.0004952927702106535,6.748702291448083e-11,True
0,0,0.947309672832489,0.24304470419883728,0.24304352700710297,1.1771917343139648e-06,0.947309672832489,9.295737157799522e-08,0.03938625752925873,3.309796881012517e-08,0.01133336778730154,1.4518456659118328e-08,0.0007954317261464894,1.1834870583538049e-10,0.0011752983555197716,2.16585957502069e-10,True
0,0,0.9089788794517517,0.3774116635322571,0.3774104118347168,1.2516975402832031e-06,0.9089788794517517,1.7820721609496104e-07,0.05979312211275101,4.800402209070853e-08,0.027500132098793983,3.9081314184841176e-08,0.0016801216406747699,2.480063376886221e-10,0.002047807676717639,3.2225463963975187e-10,True
0,0,0.9710254669189453,0.14774349331855774,0.14774294197559357,5.513429641723633e-07,0.9710254669189453,2.502477691734839e-08,0.023647356778383255,1.0219790347321123e-08,0.004536517895758152,2.613741667545355e-09,0.00029174404335208237,1.9594414632506663e-11,0.0004989178851246834,4.990316840314257e-11,True
0,0,0.903037965297699,0.3881509304046631,0.38814854621887207,2.384185791015625e-06,0.903037965297699,3.6551878679347283e-07,0.07000304013490677,1.1167281144253138e-07,0.02358543686568737,6.056065871007377e-08,0.001495980890467763,4.1955880436539417e-10,0.001877637580037117,5.672983749427374e-10,True
0,0,0.9800470471382141,0.11197421699762344,0.11197385936975479,3.5762786865234375e-07,0.9800470471382141,1.130222759826438e-08,0.014887099154293537,4.218405624811794e-09,0.004230571445077658,1.603997157317849e-09,0.00030030932975932956,1.2330969578755457e-11,0.0005349857965484262,3.29602178883448e-11,True
0,0,0.9503385424613953,0.22246818244457245,0.22246713936328888,1.043081283569336e-06,0.9503385424613953,7.296309689763802e-08,0.04210386797785759,3.200279508064341e-08,0.006497535854578018,6.844119049276287e-09,0.00041085443808697164,4.693165647773334e-11,0.0006491465028375387,1.0011726864211923e-10,True
0,0,0.9106124043464661,0.3472072184085846,0.347205251455307,1.9669532775878906e-06,0.9106124043464661,2.652166131156264e-07,0.07481382042169571,1.266100611019283e-07,0.012899289838969707,2.2710068492415303e-08,0.0007144009578041732,1.2604887966727318e-10,0.0009600636549293995,1.9741787371518882e-10,True
0,0,0.9690997004508972,0.16446077823638916,0.16446025669574738,5.21540641784668e-07,0.9690997004508972,2.2540710631346883e-08,0.019509775564074516,5.3984217096569864e-09,0.009551823139190674,5.20426368666449e-09,0.0007160147652029991,5.2195289756973295e-11,0.0011226364877074957,1.1341331346281791e-10,True
0,0,0.9454328417778015,0.2610429525375366,0.2610410153865814,1.9371509552001953e-06,0.9454328417778015,1.5515735185545054e-07,0.030552154406905174,1.684556494296885e-08,0.020716069266200066,5.439257577677381e-08,0.0014140581479296088,4.655345553494783e-10,0.0018849036423489451,7.229531973074188e-10,True
2,0,0.4523618817329407,1.181032419204712,1.1810169219970703,1.5497207641601562e-05,0.4523618817329407,5.5987320592976175e-06,0.21710483729839325,3.0110481930023525e-07,0.29927346110343933,4.725641701952554e-06,0.018285302445292473,3.52603599651502e-08,0.012974505312740803,1.467673005350889e-08,False
0,0,0.9721341133117676,0.1478186994791031,0.14781735837459564,1.341104507446289e-06,0.9721341133117676,5.8665357016707276e-08,0.02026897668838501,1.9107639914750507e-08,0.006335079669952393,8.928555672582661e-09,0.0004712858353741467,7.576247962326477e-11,0.0007905539241619408,1.7744303248967697e-10,True
0,0,0.9323902130126953,0.296091765165329,0.2960895597934723,2.205371856689453e-06,0.9323902130126953,2.2213950501281943e-07,0.04919670894742012,5.791339674487972e-08,0.015883704647421837,4.2950446754730365e-08,0.0010644309222698212,2.462062498320705e-10,0.0014648953219875693,3.567398876302974e-10,True
0,0,0.9726648330688477,0.1404542177915573,0.14045360684394836,6.109476089477539e-07,0.9726648330688477,2.7588551887447466e-08,0.022537289187312126,1.2543279304111365e-08,0.004118768032640219,2.5448037010988855e-09,0.00024942896561697125,1.603240110115145e-11,0.00042968281195499003,4.095091973854714e-11,True
3,3,0.6202635169029236,0.9080116748809814,0.907977283000946,3.439188003540039e-05,2.2384012936527142e-06,2.2361002345551093e-14,0.00010988333087880164,3.3296136681126853e-11,0.25101813673973083,1.3100983778713271e-05,0.6202635169029236,1.202878229378257e-05,0.12860625982284546,7.612899821651808e-08,True
0,0,0.9541589021682739,0.21392375230789185,0.2139229029417038,8.493661880493164e-07,0.9541589021682739,6.389426232544793e-08,0.03609799966216087,2.4855028257775302e-08,0.008662036620080471,7.377241928452349e-09,0.00044292359962128103,2.9253557909392214e-11,0.0006381760467775166,4.997486105495774e-11,True
0,0,0.9544488191604614,0.21780884265899658,0.21780748665332794,1.3560056686401367e-06,0.9544488191604614,1.0411390150011357e-07,0.032821740955114365,4.0314329652346714e-08,0.01123405434191227,1.4107747858815856e-08,0.0006213289452716708,7.107012894858045e-11,0.0008740227785892785,1.1832983204396186e-10,True
2,2,0.7810893058776855,0.7704134583473206,0.7703970074653625,1.6450881958007812e-05,0.007055377122014761,2.2621865269911723e-08,0.08808577805757523,1.669729840614309e-06,0.7810893058776855,2.932432892066572e-07,0.09256590157747269,8.659727086524072e-07,0.03120364621281624,8.753206515166312e-08,True
0,0,0.9682261347770691,0.16419124603271484,0.16419045627117157,7.897615432739258e-07,0.9682261347770691,3.3221777329117685e-08,0.022962046787142754,1.1222568652158316e-08,0.007502335589379072,6.250385098383049e-09,0.0005048232851549983,5.071894293440238e-11,0.0008046324364840984,1.1367233543335686e-10,True
2,2,0.48572778701782227,0.9644834995269775,0.9644618034362793,2.1696090698242188e-05,6.86004277667962e-05,9.039701279189849e-12,0.0014490524772554636,2.1287995810581606e-09,0.48572778701782227,1.0546673365752213e-05,0.40689244866371155,8.302091373479925e-06,0.10586216300725937,2.007055144304104e-07,True
0,0,0.9596033096313477,0.2017965167760849,0.2017955332994461,9.834766387939453e-07,0.9596033096313477,6.54557723578364e-08,0.027270210906863213,1.5429405308964306e-08,0.011052071116864681,1.274058281097723e-08,0.0008241207688115537,1.1601557214913072e-10,0.0012502935715019703,2.22509011216232e-10,True
0,0,0.9464606642723083,0.24912357330322266,0.24912205338478088,1.519918441772461e-06,0.9464606642723083,1.3208307336753933e-07,0.03743579983711243,4.024742850106122e-08,0.014037211425602436,2.3895985634680983e-08,0.0008653909317217767,1.3896039874339294e-10,0.0012009557103738189,2.2051067916084577e-10,True
0,0,0.5347746014595032,1.0467216968536377,1.046692967414856,2.872943878173828e-05,0.5347746014595032,1.1466571777418721e-05,0.29748693108558655,1.3172189028409775e-06,0.15559934079647064,4.738054030895e-06,0.006920192390680313,1.8190581485555413e-08,0.005218940787017345,8.19476309033007e-09,True
0,0,0.7765082716941833,0.7492040395736694,0.7491794228553772,2.4616718292236328e-05,0.7765082716941833,7.029193056951044e-06,0.08328494429588318,1.1118657994302339e-07,0.1205999031662941,3.915678917110199e-06,0.009874691255390644,4.89864433461662e-08,0.009732246398925781,3.971276640868382e-08,True
0,0,0.9647712111473083,0.1720239371061325,0.17202287912368774,1.0579824447631836e-06,0.9647712111473083,5.945224401671112e-08,0.028953036293387413,2.4818440635954175e-08,0.005429902579635382,6.303267241491994e-09,0.0003229279536753893,3.764653172533272e-11,0.0005230259266681969,8.463733880414992e-11,True
0,0,0.9526581764221191,0.22699782252311707,0.22699633240699768,1.4901161193847656e-06,0.9526581764221191,1.1579373904169188e-07,0.03306212276220322,3.226115197207946e-08,0.012171315029263496,1.9809538898130086e-08,0.0008540506823919713,1.4235523870809175e-10,0.001254294766113162,2.505488871928918e-10,True
0,0,0.9816215634346008,0.10321680456399918,0.10321631282567978,4.917383193969727e-07,0.9816215634346008,1.4874420806165745e-08,0.014441730454564095,5.791072510419326e-09,0.003362484974786639,1.7552890252403586e-09,0.0002057251986116171,1.1510989210428146e-11,0.00036852271296083927,3.193473610552111e-11,True
0,0,0.9738640189170837,0.13674409687519073,0.13674314320087433,9.5367431640625e-07,0.9738640189170837,4.141741172247748e-08,0.020890235900878906,1.8332681150923236e-08,0.004515737760812044,3.6187171037482813e-09,0.0002710217668209225,1.916629702169992e-11,0.0004589183663483709,4.471753523027644e-11,True
2,2,0.527958333492279,1.1880133152008057,1.187994122505188,1.919269561767578e-05,0.15672361850738525,2.896387513828813e-06,0.25346487760543823,1.7473796560807386e-06,0.527958333492279,5.557312761084177e-06,0.039768822491168976,1.2777074687164713e-07,0.0220844354480505,3.259347280959446e-08,True
0,0,0.8794035911560059,0.48126816749572754,0.48126694560050964,1.2218952178955078e-06,0.8794035911560059,1.9995096067759732e-07,0.05657879263162613,1.7322047796142215e-08,0.05596308782696724,9.771234488198388e-08,0.0038297497667372227,8.945815199723484e-10,0.004224833101034164,9.838928560768068e-10,True
0,0,0.9789384007453918,0.1168595552444458,0.11685913056135178,4.246830940246582e-07,0.9789384007453918,1.3750376837151634e-08,0.015871113166213036,4.7541965919606355e-09,0.004301543813198805,1.9110939497579693e-09,0.0003181426436640322,1.865523881205977e-11,0.0005708124372176826,5.289015406195752e-11,True
0,0,0.6614640951156616,0.9480440616607666,0.9480322003364563,1.1861324310302734e-05,0.6614640951156616,3.635069106167066e-06,0.17297577857971191,1.5179880108462385e-07,0.14608995616436005,2.1703147012885893e-06,0.010342500172555447,2.233988105615481e-08,0.009127704426646233,1.4858307473275545e-08,True
0,0,0.9107136726379395,0.37252578139305115,0.37252259254455566,3.1888484954833984e-06,0.9107136726379395,4.199148406769382e-07,0.057352956384420395,8.263486250825736e-08,0.028443867340683937,1.1280263834123616e-07,0.001595063484273851,6.278034203610616e-10,0.0018944218754768372,7.613868424627412e-10,True
0,0,0.9857193827629089,0.08298459649085999,0.08298438787460327,2.086162567138672e-07,0.9857193827629089,3.843644957868264e-09,0.011790315620601177,2.0872596984133907e-09,0.002011127769947052,2.5689181337718026e-10,0.00015580114268232137,2.806616918038518e-12,0.0003233514726161957,1.0730560537353107e-11,True
0,0,0.9293867945671082,0.3174237906932831,0.3174167573451996,7.033348083496094e-06,0.9293867945671082,7.020532848400762e-07,0.040113117545843124,6.099969596107258e-08,0.02676273323595524,2.7021513915315154e-07,0.0016644481802359223,1.9098791437244245e-09,0.002072902861982584,2.5754909316333396e-09,True
0,0,0.9184638857841492,0.3259158134460449,0.32591384649276733,1.9669532775878906e-06,0.9184638857841492,2.3758383349559153e-07,0.06757935881614685,1.1113182551980572e-07,0.012346424162387848,2.1193189425616765e-08,0.0006833000225014985,1.0958671470273629e-10,0.0009269306319765747,1.7072528113448726e-10,True
0,0,0.972637951374054,0.13652163743972778,0.1365211308002472,5.066394805908203e-07,0.972637951374054,2.685643529787285e-08,0.024354159832000732,1.8335342133468657e-08,0.0025433131959289312,8.326903611077796e-10,0.0001615272631170228,5.408364294606782e-12,0.00030311616137623787,1.6275654435293774e-11,True
2,3,0.4888668954372406,0.9436122179031372,0.9435965418815613,1.5676021575927734e-05,7.314914000744466e-06,7.068439800486659e-14,0.0003425275208428502,8.704107573587194e-11,0.4141310751438141,7.80172831582604e-06,0.4888668954372406,6.303737791313324e-06,0.09665219485759735,1.0871340094809057e-07,False
0,0,0.5723263621330261,0.9897172451019287,0.9897090792655945,8.165836334228516e-06,0.5723263621330261,2.281492243128014e-06,0.28363776206970215,5.173248496248561e-07,0.13673901557922363,1.4018850151842344e-06,0.004235260654240847,2.6353554893887576e-09,0.003061625873669982,1.1921263975978036e-09,True
0,0,0.9356935620307922,0.2723523676395416,0.2723509669303894,1.4007091522216797e-06,0.9356935620307922,1.2839362284466915e-07,0.053541429340839386,5.62196369457979e-08,0.009539910592138767,1.376620595294753e-08,0.0005085342563688755,6.700067584075597e-11,0.0007165573188103735,1.1355250073563639e-10,True
0,0,0.9559841156005859,0.21179115772247314,0.21179047226905823,6.854534149169922e-07,0.9559841156005859,3.724405317484525e-08,0.032505445182323456,8.92624818504828e-09,0.009796115569770336,8.558147079895662e-09,0.0006790078477934003,6.382760292522605e-11,0.0010353035759180784,1.2521561565392858e-10,True
2,2,0.7572313547134399,0.7290418744087219,0.7290324568748474,9.417533874511719e-06,0.00048228405648842454,2.4146531996116494e-10,0.015573023818433285,9.725573590912973e-08,0.7572313547134399,1.5328287190641277e-06,0.1813284307718277,1.7496539612693596e-06,0.04538489133119583,6.198920488031945e-08,True
0,0,0.9497568011283875,0.23918502032756805,0.2391839325428009,1.087784767150879e-06,0.9497568011283875,7.884134589630776e-08,0.033334240317344666,2.041809210595602e-08,0.014774802140891552,1.7021179132825637e-08,0.0008999811834655702,8.941118678773563e-11,0.0012340981047600508,1.3628714823354926e-10,True
0,0,0.7880491614341736,0.7180164456367493,0.7179895639419556,2.6881694793701172e-05,0.7880491614341736,7.083812761266017e-06,0.10054687410593033,2.3593271691879636e-07,0.0962325856089592,3.436489578234614e-06,0.0075463056564331055,3.8534743396212434e-08,0.007625038269907236,3.2994194043567404e-08,True
0,0,0.8909021615982056,0.4161040186882019,0.4161018431186676,2.175569534301758e-06,0.8909021615982056,3.565781128145318e-07,0.08277390897274017,1.4784383495225484e-07,0.023399094119668007,4.6220929306173275e-08,0.0013193802442401648,2.6743252057315203e-10,0.001605478348210454,3.468638432035931e-10,True
0,0,0.7698742151260376,0.7365772724151611,0.7365728616714478,4.410743713378906e-06,0.7698742151260376,1.09976872408879e-06,0.12701240181922913,1.45196338507958e-07,0.0934106633067131,5.203759769756289e-07,0.005037582479417324,3.155745442739999e-09,0.004665155429393053,2.458055758935984e-09,True
0,0,0.9266178011894226,0.3302827775478363,0.3302774727344513,5.304813385009766e-06,0.9266178011894226,6.294059744504921e-07,0.03843214735388756,6.917488803992455e-08,0.03018215298652649,2.1075777567602927e-07,0.002117748139426112,1.7386942996466814e-09,0.0026501722168177366,2.2894408591156434e-09,True
0,0,0.5332779288291931,1.15614652633667,1.1560964584350586,5.0067901611328125e-05,0.5332779288291931,2.0399051209096797e-05,0.1281781643629074,1.4303010686944617e-07,0.28236624598503113,1.325328503298806e-05,0.030500514432787895,3.4514997082624177e-07,0.02567717246711254,1.9526677874637244e-07,True
0,0,0.9722039103507996,0.14675967395305634,0.1467590630054474,6.109476089477539e-07,0.9722039103507996,2.6285643883738885e-08,0.02067667804658413,8.443653776168958e-09,0.0059516155160963535,4.257300734167302e-09,0.0004353574477136135,3.708853710260307e-11,0.0007324870093725622,8.961054814848879e-11,True
2,2,0.735135018825531,0.8208523988723755,0.8208416104316711,1.0788440704345703e-05,0.016391189768910408,6.907217198204307e-08,0.1825360208749771,2.3376326225843513e-06,0.735135018825531,1.9768144738918636e-06,0.04904619976878166,1.0968773977992896e-07,0.016891589388251305,1.2183219766370712e-08,True
2,2,0.51545250415802,1.2537606954574585,1.2537438869476318,1.6808509826660156e-05,0.22220759093761444,4.078245638083899e-06,0.1739177107810974,7.077898089846713e-07,0.51545250415802,4.277895186532987e-06,0.053690653294324875,1.7409821850833396e-07,0.034731555730104446,5.927373081249243e-08,True
0,0,0.9682316184043884,0.1632503867149353,0.16324971616268158,6.705522537231445e-07,0.9682316184043884,3.047058783067769e-08,0.02389676682651043,8.91528806334918e-09,0.006463115569204092,5.185644802452316e-09,0.0005232026451267302,5.5657947001241936e-11,0.0008853236213326454,1.342863181763576e-10,True
0,0,0.9426010251045227,0.26304444670677185,0.26304298639297485,1.4603137969970703e-06,0.9426010251045227,1.2852814279540326e-07,0.03995338827371597,3.1445033243926446e-08,0.015271536074578762,2.74393539001494e-08,0.0009231309522874653,1.7779049066302122e-10,0.0012509416555985808,2.813686228453349e-10,True
0,0,0.8714564442634583,0.48449018597602844,0.4844873547554016,2.8312206268310547e-06,0.8714564442634583,4.4477633309725206e-07,0.08382623642683029,8.291308972729894e-08,0.04017801955342293,1.5476314274565084e-07,0.0021698810160160065,7.747178454309278e-10,0.0023694082628935575,7.995915041192347e-10,True
0,0,0.9656234979629517,0.1734996736049652,0.17349891364574432,7.599592208862305e-07,0.9656234979629517,3.917690705179666e-08,0.025512373074889183,1.4307831364135382e-08,0.007696469780057669,5.787564205661511e-09,0.00046023339382372797,3.4408715460232386e-11,0.0007074052700772882,6.978112532252112e-11,True
0,0,0.9516393542289734,0.2198794186115265,0.21987862884998322,7.897615432739258e-07,0.9516393542289734,6.212295744489893e-08,0.039675235748291016,2.6922458928879678e-08,0.007802758365869522,6.833619448087802e-09,0.00036272683064453304,2.643325835993693e-11,0.0005199813167564571,4.755079316409727e-11,True
0,0,0.9463918805122375,0.2535056471824646,0.25350451469421387,1.1324882507324219e-06,0.9463918805122375,9.105152543043005e-08,0.03480762615799904,1.84729973540243e-08,0.016018768772482872,2.2406245747674802e-08,0.001157008926384151,1.9717547039554972e-10,0.0016247067833319306,3.3120786668838775e-10,True
2,2,0.5712693929672241,0.9409117102622986,0.940895676612854,1.6033649444580078e-05,0.0003511631803121418,1.687114475901197e-10,0.004294055048376322,1.3088328643107161e-08,0.5712693929672241,6.850596491858596e-06,0.32455873489379883,5.257129032543162e-06,0.09952667355537415,2.314418878768265e-07,True
1,0,0.8716346621513367,0.4898425340652466,0.48984023928642273,2.294778823852539e-06,0.8716346621513367,4.1487427893116546e-07,0.0779929906129837,1.001564982061609e-07,0.04507948085665703,1.2057392950737267e-07,0.0025340269785374403,6.354530235341826e-10,0.0027588915545493364,6.509497940676567e-10,False
0,0,0.7959097623825073,0.7002240419387817,0.7002193331718445,4.708766937255859e-06,0.7959097623825073,1.23725271805597e-06,0.09514445811510086,1.0034803921143975e-07,0.09428028017282486,5.826594247082539e-07,0.00729623157531023,6.03088157191678e-09,0.007369343191385269,5.0807975604527655e-09,True
0,0,0.9197307825088501,0.35232168436050415,0.3523205816745758,1.1026859283447266e-06,0.9197307825088501,1.2053560283220577e-07,0.04416422173380852,1.727606147028382e-08,0.031222423538565636,4.7970928562790505e-08,0.002180801471695304,3.4995933928527734e-10,0.002701843623071909,4.4164560897286265e-10,True
0,0,0.947911262512207,0.22103767096996307,0.2210351526737213,2.518296241760254e-06,0.947911262512207,2.1893383461701887e-07,0.04782679304480553,1.5051273294375278e-07,0.003837237600237131,6.451649436911566e-09,0.0001651774946367368,2.2974672511666405e-11,0.00025957467732951045,5.054150153949166e-11,True
0,0,0.967171847820282,0.1678619235754013,0.16786131262779236,6.109476089477539e-07,0.967171847820282,3.476665710877569e-08,0.0241528507322073,1.3064406445550958e-08,0.00740307429805398,4.210073623056587e-09,0.0004918845370411873,2.8425048773095263e-11,0.0007803118205629289,5.930200080994652e-11,True
0,0,0.8330710530281067,0.6103076934814453,0.6103017926216125,5.900859832763672e-06,0.8330710530281067,1.3465905794873834e-06,0.07653230428695679,9.06093262642571e-08,0.07820775359869003,5.935204967499885e-07,0.0059346710331737995,6.40463415635395e-09,0.006254234816879034,6.087137016663746e-09,True
0,0,0.962672233581543,0.18743199110031128,0.18743109703063965,8.940696716308594e-07,0.962672233581543,4.8912998096284355e-08,0.026679767295718193,1.6969051941373436e-08,0.008970804512500763,7.493277998094072e-09,0.0006548013770952821,6.300098637224139e-11,0.001022326061502099,1.2960443829257429e-10,True
0,0,0.9532839059829712,0.21681450307369232,0.21681295335292816,1.5497207641601562e-06,0.9532839059829712,1.1983307501850504e-07,0.03724327310919762,5.23204590763271e-08,0.008225519210100174,1.1805868282976917e-08,0.0004973668837919831,6.934713914219515e-11,0.000749950937461108,1.3240659957336476e-10,True
1,0,0.4701567590236664,0.9815496802330017,0.9815446734428406,5.0067901611328125e-06,0.4701567590236664,1.6087016092569684e-06,0.4217894673347473,7.747950689918071e-07,0.10344121605157852,5.04142349200265e-07,0.0027134909760206938,7.368987087197354e-10,0.001899060094729066,3.1765853836240865e-10,False
2,0,0.8229874968528748,0.6187566518783569,0.618751049041748,5.602836608886719e-06,0.8229874968528748,1.3351718735066243e-06,0.10275959223508835,1.4343140719574876e-07,0.06603381782770157,4.910771735922026e-07,0.004060651641339064,3.0613180879157653e-09,0.004158467520028353,2.643544050329183e-09,False
0,0,0.671890914440155,0.9481668472290039,0.948146641254425,2.0205974578857422e-05,0.671890914440155,6.844419203844154e-06,0.14426404237747192,1.0476112777269009e-07,0.15888214111328125,3.9537758311780635e-06,0.013107812963426113,5.2206551970357395e-08,0.011855095624923706,3.535966541790003e-08,True
4,3,0.5797519087791443,0.9498980641365051,0.9498786926269531,1.9371509552001953e-05,7.70774840930244e-06,1.2229904860095592e-13,0.00021684957027900964,5.4864949389221707e-11,0.27969011664390564,7.904772246547509e-06,0.5797519087791443,6.455733455368318e-06,0.14033348858356476,1.5479932358175574e-07,False
0,0,0.9653269648551941,0.1760723888874054,0.1760713756084442,1.0132789611816406e-06,0.9653269648551941,5.271402514495094e-08,0.0249288622289896,1.4059611253003368e-08,0.008383757434785366,9.94369564466524e-09,0.0005353122833184898,5.7112894275013204e-11,0.000825067050755024,1.0877877765214095e-10,True
0,1,0.5010101199150085,0.9102824926376343,0.9102590680122375,2.3424625396728516e-05,0.03354383632540703,1.8988289696153515e-07,0.5010101199150085,9.319176569988485e-06,0.4454088807106018,9.236170626536477e-06,0.01474994421005249,4.762583216688654e-08,0.005287300329655409,6.223729087651009e-09,False
0,0,0.9644739031791687,0.17884671688079834,0.17884576320648193,9.5367431640625e-07,0.9644739031791687,4.850025447922235e-08,0.02568894624710083,1.2554524531083189e-08,0.008646950125694275,9.76581038258928e-09,0.0004798211739398539,4.849824361552457e-11,0.000710309308487922,8.904615933502669e-11,True
3,3,0.6084066033363342,0.9136104583740234,0.913581371307373,2.9087066650390625e-05,2.2244059891818324e-06,1.5709696456027433e-14,0.00011777929466916248,2.6954712767368605e-11,0.2692466676235199,1.1667954822769389e-05,0.6084066033363342,1.0136083801626228e-05,0.12222669273614883,9.755269303468594e-08,True
0,0,0.9497532248497009,0.24658484756946564,0.24658310413360596,1.7434358596801758e-06,0.9497532248497009,1.5711530920725636e-07,0.026599306613206863,2.7065906849088606e-08,0.020020145922899246,4.2613983453065885e-08,0.001523793675005436,3.499596168410335e-10,0.002103562233969569,5.331095009886155e-10,True
0,0,0.8993210196495056,0.40640193223953247,0.4063999354839325,1.996755599975586e-06,0.8993210196495056,2.678927728538838e-07,0.06662479788064957,4.705235312485456e-08,0.029931211844086647,8.357404368553034e-08,0.0018727995920926332,5.892161758502823e-10,0.0022502474021166563,7.357628395432414e-10,True
0,0,0.9908477067947388,0.05747448652982712,0.05747419595718384,2.905726432800293e-07,0.9908477067947388,5.4946038829939425e-09,0.007579161319881678,3.3529745646632136e-09,0.0011271864641457796,1.7783501060630869e-10,0.00012864124437328428,2.241609241976361e-12,0.0003173283766955137,9.664208669435403e-12,True
0,0,0.9355888366699219,0.2908184826374054,0.2908173203468323,1.1622905731201172e-06,0.9355888366699219,1.1601886740209011e-07,0.042735178023576736,2.8254252271153746e-08,0.01868310384452343,2.2960369605584674e-08,0.0012736519565805793,1.6192561180794485e-10,0.0017191291553899646,2.395800779986246e-10,True
0,0,0.9689692854881287,0.15997198224067688,0.15997087955474854,1.1026859283447266e-06,0.9689692854881287,5.804152181099198e-08,0.023341096937656403,1.9263151074255802e-08,0.006417940836399794,8.170437659771324e-09,0.000477235036669299,6.806444297069447e-11,0.0007945083198137581,1.5431417255129531e-10,True
0,0,0.9314670562744141,0.29230624437332153,0.29230424761772156,1.996755599975586e-06,0.9314670562744141,2.0009001389098557e-07,0.05355755239725113,6.938847008086668e-08,0.013260847888886929,2.806880416983404e-08,0.0007303887396119535,1.428406698478213e-10,0.000984103768132627,2.2246826603122827e-10,True
0,0,0.9700763821601868,0.15425533056259155,0.15425412356853485,1.2069940567016602e-06,0.9700763821601868,5.962115778856969e-08,0.022990167140960693,2.207289462319295e-08,0.005910265725106001,6.788202888685646e-09,0.00038754843990318477,5.055762752892434e-11,0.0006356281810440123,1.1656442477914197e-10,True
0,0,0.9350754022598267,0.29375219345092773,0.293749064207077,3.129243850708008e-06,0.9350754022598267,2.9943106483187876e-07,0.04172129184007645,5.026082661174769e-08,0.0201514083892107,8.305594434432351e-08,0.001317946589551866,6.205571057016357e-10,0.0017339797923341393,9.10397202069646e-10,True
1,0,0.7732097506523132,0.7663567066192627,0.7663396596908569,1.704692840576172e-05,0.7732097506523132,4.740759322885424e-06,0.07898793369531631,4.1361122526950567e-08,0.1228506788611412,2.566708189988276e-06,0.012288156896829605,5.486282717015456e-08,0.012663446366786957,5.0981892485424396e-08,False
0,0,0.9763559699058533,0.1300414800643921,0.13004088401794434,5.960464477539062e-07,0.9763559699058533,2.5675154446958004e-08,0.016772255301475525,9.457643557198026e-09,0.005708714481443167,3.4981462171401745e-09,0.0004278627166058868,2.8367525342631872e-11,0.0007352514658123255,6.898901588892059e-11,True
0,0,0.9267484545707703,0.3252352476119995,0.32522687315940857,8.374452590942383e-06,0.9267484545707703,9.407883112544368e-07,0.043614715337753296,1.1406492461674134e-07,0.025885486975312233,2.9488876407413045e-07,0.001665418385528028,2.193552672835608e-09,0.0020859038922935724,2.9342046570235425e-09,True
2,2,0.6609811782836914,1.0661190748214722,1.0660991668701172,1.990795135498047e-05,0.15534047782421112,3.6926801385561703e-06,0.0842444896697998,5.265448521640792e-07,0.6609811782836914,3.5408413623372326e-06,0.0631544440984726,2.8447519184737757e-07,0.03627946972846985,7.393969525537614e-08,True
0,0,0.9508489966392517,0.22163282334804535,0.22163228690624237,5.364418029785156e-07,0.9508489966392517,3.511173574111126e-08,0.04111533239483833,1.887604206274318e-08,0.007019110023975372,2.9879121399289943e-09,0.00040129604167304933,1.2005804336800985e-11,0.000615202821791172,2.2035432506450903e-11,True
0,0,0.9435705542564392,0.263810396194458,0.26380953192710876,8.642673492431641e-07,0.9435705542564392,8.803167617088548e-08,0.03584161028265953,2.1560397911457585e-08,0.01792147196829319,1.841332242236149e-08,0.0011406835401430726,1.1463517635146303e-10,0.0015257138293236494,1.6862707064024818e-10,True
0,0,0.9067341089248657,0.3875613212585449,0.38755860924720764,2.7120113372802734e-06,0.9067341089248657,3.9537553675472736e-07,0.05711163952946663,7.198329399216163e-08,0.03218191862106323,1.1293212764940108e-07,0.0018314417684450746,5.416981863071157e-10,0.0021408970933407545,5.880905762367661e-10,True
0,0,0.9233760237693787,0.33655422925949097,0.3365528881549835,1.341104507446289e-06,0.9233760237693787,1.4179612151110632e-07,0.0471920445561409,2.6744103820419696e-08,0.025177184492349625,3.988172991853389e-08,0.0018548056250438094,3.873544818233654e-10,0.0023999155964702368,5.666870306342275e-10,True
0,0,0.9898697137832642,0.06226234510540962,0.06226200610399246,3.390014171600342e-07,0.9898697137832642,5.034123340408314e-09,0.008342795073986053,2.4871222858990905e-09,0.0015117035945877433,4.043886614457648e-10,8.985160093288869e-05,2.3135679570046586e-12,0.00018590653780847788,8.436786859411516e-12,True
0,1,0.3717387616634369,1.2157254219055176,1.215674638748169,5.078315734863281e-05,0.25581955909729004,1.0097878657688852e-05,0.3717387616634369,3.3293802061962197e-06,0.3401494324207306,1.62915403052466e-05,0.020014066249132156,1.450692224125305e-07,0.012278187088668346,4.266268760488856e-08,False
0,0,0.9698086977005005,0.15024980902671814,0.15024912357330322,6.854534149169922e-07,0.9698086977005005,3.687933869400695e-08,0.025693034753203392,1.941575256125816e-08,0.003909576218575239,2.345711402895745e-09,0.00021834105427842587,1.165657154134081e-11,0.00037040034658275545,2.8238441099337486e-11,True
0,1,0.420396089553833,1.1480659246444702,1.148016333580017,4.9591064453125e-05,0.19518812000751495,7.23081166142947e-06,0.420396089553833,4.509614882408641e-06,0.3627449870109558,1.8130260286852717e-05,0.014150804840028286,6.535589847089796e-08,0.007520023267716169,1.3455607295043137e-08,False
1,0,0.46053871512413025,1.010874629020691,1.0108602046966553,1.4424324035644531e-05,0.46053871512413025,4.163010544289136e-06,0.41435232758522034,1.5879400052654091e-06,0.11896146833896637,1.911324261527625e-06,0.0036110624205321074,3.450379759684097e-09,0.0025364342145621777,1.4618077859296363e-09,False
0,0,0.9724900126457214,0.1439475119113922,0.14394663274288177,8.791685104370117e-07,0.9724900126457214,3.7051247403496745e-08,0.021283961832523346,1.2885013056518346e-08,0.0052880896255373955,5.3704560798450984e-09,0.00034986130776815116,3.775688095508656e-11,0.0005880765966139734,8.950804680774027e-11,True
1,0,0.900974690914154,0.4269099235534668,0.42689618468284607,1.3738870620727539e-05,0.900974690914154,2.017625092776143e-06,0.042578600347042084,6.972637578428476e-08,0.04499853402376175,7.881287729105679e-07,0.005001361947506666,1.7598654977746264e-08,0.006446904968470335,2.5059836872287633e-08,False
0,0,0.848391056060791,0.5378974676132202,0.5378929972648621,4.470348358154297e-06,0.848391056060791,9.1847226713071e-07,0.10473296791315079,2.468528350618726e-07,0.04213285818696022,2.107792056449398e-07,0.002284832065925002,1.1530760790634531e-09,0.002458323258906603,1.1604817107269128e-09,True
0,0,0.9466238021850586,0.25072339177131653,0.2507222592830658,1.1324882507324219e-06,0.9466238021850586,8.789599803549208e-08,0.034963734447956085,2.091250905777997e-08,0.016302773728966713,2.0863101468648892e-08,0.000907940964680165,1.0246513360012699e-10,0.0012016994878649712,1.5131433606097033e-10,True
2,2,0.7862808704376221,0.7283709645271301,0.7283589839935303,1.1980533599853516e-05,0.0029562979470938444,6.484225156810908e-09,0.037447649985551834,4.6750440674259153e-07,0.7862808704376221,4.025991700018494e-07,0.13187456130981445,1.097830136131961e-06,0.041440654546022415,7.165068183212497e-08,True
0,0,0.9524480700492859,0.2231537401676178,0.2231527417898178,9.98377799987793e-07,0.9524480700492859,7.629529363839538e-08,0.03590330481529236,2.999707859885348e-08,0.01016809418797493,9.423270164177211e-09,0.0006032580859027803,4.6974712314407086e-11,0.0008772576111368835,8.027593173531855e-11,True
0,0,0.8687015771865845,0.49365752935409546,0.4936524033546448,5.125999450683594e-06,0.8687015771865845,9.883839311441989e-07,0.08371945470571518,2.58194233992981e-07,0.042793840169906616,2.470043511948461e-07,0.0022913150023669004,1.103871438701276e-09,0.002493849489837885,1.0798372196418882e-09,True
0,0,0.9767292141914368,0.12812983989715576,0.1281290501356125,7.897615432739258e-07,0.9767292141914368,2.972612200835556e-08,0.01643851213157177,9.174700110747835e-09,0.005820899736136198,4.549007837084673e-09,0.00038066363777033985,3.199552775501324e-11,0.0006306545692496002,7.435697196855884e-11,True
0,0,0.9801134467124939,0.11070481687784195,0.11070441454648972,4.023313522338867e-07,0.9801134467124939,1.2929923798310483e-08,0.01531610544770956,5.660974355947701e-09,0.003881836077198386,1.2555301243111217e-09,0.00024853364448063076,7.90239228221079e-12,0.00044005244853906333,2.0476313353223752e-11,True
2,2,0.6400019526481628,1.1311322450637817,1.1311136484146118,1.8596649169921875e-05,0.13257117569446564,2.633026497278479e-06,0.09843508899211884,7.631074367964175e-07,0.6400019526481628,2.2804179025115445e-06,0.08079230040311813,4.4158835521557194e-07,0.04819953441619873,1.2346598055046343e-07,True
2,2,0.6922892928123474,0.997154951095581,0.9971411824226379,1.3768672943115234e-05,0.028381992131471634,2.5751802468221285e-07,0.05994293838739395,5.520740273823321e-07,0.6922892928123474,3.277474434071337e-07,0.14577309787273407,1.034051138049108e-06,0.07361268997192383,2.1823016993494093e-07,True
3,3,0.8012348413467407,0.6325398087501526,0.6325199007987976,1.990795135498047e-05,1.532851001684321e-08,1.5575014773033929e-18,2.342458174098283e-06,2.1781852038195437e-14,0.07964157313108444,2.855439561244566e-06,0.8012348413467407,3.96953328163363e-06,0.11912123113870621,1.23102495308558e-07,True
2,0,0.9414333701133728,0.2759780287742615,0.27597638964653015,1.6391277313232422e-06,0.9414333701133728,1.5077900172855152e-07,0.03319305181503296,2.1234278335668932e-08,0.021740738302469254,4.5130505554880074e-08,0.0015556521248072386,3.575083284967917e-10,0.002077195094898343,5.266587166374848e-10,False
0,0,0.8836963772773743,0.47196894884109497,0.4719657599925995,3.1888484954833984e-06,0.8836963772773743,5.550797368414351e-07,0.0476287305355072,2.6706084454986012e-08,0.059332337230443954,2.726242485096009e-07,0.004403396043926477,2.502339002674603e-09,0.0049392045475542545,2.6285620347010763e-09,True
0,0,0.9457620978355408,0.2509056329727173,0.250903457403183,2.175569534301758e-06,0.9457620978355408,1.9209899448924261e-07,0.03839780017733574,4.818019760932657e-08,0.013851541094481945,3.8512766309395374e-08,0.0008351959404535592,2.0665637257000213e-10,0.0011534430086612701,3.213067312213269e-10,True
1,2,0.6650993227958679,0.9998742341995239,0.9998547434806824,1.9490718841552734e-05,0.04549087956547737,4.6318760382746405e-07,0.20342043042182922,3.7906843317614403e-06,0.6650993227958679,3.5494722396833822e-06,0.059457819908857346,3.069372951358673e-07,0.026531590148806572,5.174022632559172e-08,False
0,0,0.939992368221283,0.2734459340572357,0.27344512939453125,8.046627044677734e-07,0.939992368221283,7.227892950822934e-08,0.04084944352507591,2.7084533726906557e-08,0.016755467280745506,1.3153116817932187e-08,0.0010266362223774195,8.547514085410768e-11,0.0013761321315541863,1.372721519787845e-10,True
0,0,0.9835721850395203,0.09281773865222931,0.09281758964061737,1.4901161193847656e-07,0.9835721850395203,3.406780857417857e-09,0.01378614641726017,1.6048433693072184e-09,0.0020461534149944782,2.4146248889245214e-10,0.00018986602663062513,3.799449904001717e-12,0.00040565073140896857,1.551842508662471e-11,True
0,0,0.9592540860176086,0.19999203085899353,0.19999127089977264,7.599592208862305e-07,0.9592540860176086,5.086029730705377e-08,0.029052183032035828,1.628118262431144e-08,0.010283330455422401,8.466724210620669e-09,0.0005793971358798444,4.3495932550152716e-11,0.0008309983531944454,7.597751594534685e-11,True
0,0,0.924747109413147,0.3269912600517273,0.32698866724967957,2.592802047729492e-06,0.924747109413147,2.9756296271443716e-07,0.049127500504255295,5.810627001778812e-08,0.02312239073216915,7.678687552470365e-08,0.0013354088878259063,3.6928390900747843e-10,0.001667603268288076,4.613872339742642e-10,True
2,2,0.5806941390037537,0.9031341671943665,0.9031264185905457,7.748603820800781e-06,9.484189649811015e-05,9.419222346540579e-12,0.00262563512660563,3.084026811706053e-09,0.5806941390037537,3.3508883916510968e-06,0.3348570466041565,2.8442998427635757e-06,0.08172836899757385,6.752951975386168e-08,True
0,0,0.9851014018058777,0.0838945209980011,0.08389440178871155,1.1920928955078125e-07,0.9851014018058777,3.55399043527882e-09,0.013043400831520557,1.980155817093987e-09,0.0016275830566883087,2.2772816965499487e-10,7.800626917742193e-05,8.664597902011129e-13,0.00014964889851398766,2.694145254111824e-12,True
0,0,0.8975214958190918,0.42359429597854614,0.4235931932926178,1.1026859283447266e-06,0.8975214958190918,1.6434626104455674e-07,0.050930868834257126,2.078530059179684e-08,0.04577487334609032,6.701056065594457e-08,0.0027293197344988585,5.424696802869278e-10,0.00304351351223886,6.347640746362515e-10,True
0,0,0.9466509222984314,0.2507854700088501,0.25078412890434265,1.341104507446289e-06,0.9466509222984314,9.57847490212771e-08,0.035656824707984924,2.0944122880450777e-08,0.0153021439909935,2.6762940308344696e-08,0.001001823809929192,1.7340213986916098e-10,0.0013882613275200129,2.76944578381233e-10,True
0,0,0.9486980438232422,0.24005943536758423,0.24005809426307678,1.341104507446289e-06,0.9486980438232422,9.729262728797039e-08,0.036777712404727936,2.379164421029145e-08,0.012530781328678131,2.2009759348406988e-08,0.0008195477421395481,1.3615714111736565e-10,0.0011739433975890279,2.2537237354125494e-10,True
0,0,0.9797056317329407,0.11137472838163376,0.11137427389621735,4.544854164123535e-07,0.9797056317329407,1.4843165807576497e-08,0.01648314855992794,7.264121304473292e-09,0.003051436273381114,1.0268523809031649e-09,0.0002571857185102999,1.1324978281546105e-11,0.0005025573773309588,3.635025960790905e-11,True
0,0,0.9004325270652771,0.40249133110046387,0.4024892747402191,2.0563602447509766e-06,0.9004325270652771,3.018987229097547e-07,0.06615227460861206,6.183424261507753e-08,0.029478508979082108,7.47268984468974e-08,0.0017944363644346595,5.082143594847821e-10,0.0021423310972750187,6.278842445972543e-10,True
0,0,0.9781133532524109,0.12125779688358307,0.12125720828771591,5.885958671569824e-07,0.9781133532524109,1.7353476877701723e-08,0.015922605991363525,4.532628494757773e-09,0.0050548166036605835,3.417733429600389e-09,0.000335852091666311,2.3671110210843338e-11,0.0005733146681450307,5.724325180533896e-11,True
0,0,0.8791033625602722,0.4577794075012207,0.45777639746665955,3.0100345611572266e-06,0.8791033625602722,5.082339953332848e-07,0.08521614223718643,1.3277566779379413e-07,0.03151761367917061,1.0703698194447497e-07,0.0019148908322677016,6.917250661153673e-10,0.002248007571324706,8.106430526844122e-10,True
0,0,0.9305066466331482,0.31410300731658936,0.31410059332847595,2.4139881134033203e-06,0.9305066466331482,2.761761379588279e-07,0.040356360375881195,4.268640907412191e-08,0.02508893981575966,7.955542002946459e-08,0.0017694348935037851,6.000991370491704e-10,0.0022787160705775023,8.101263548887516e-10,True
0,0,0.8979154825210571,0.4154927730560303,0.4154895842075348,3.1888484954833984e-06,0.8979154825210571,4.74211873324748e-07,0.0636570155620575,8.103496895728313e-08,0.03344956040382385,1.3569710688443593e-07,0.00226480676792562,9.338720907692277e-10,0.0027130767703056335,1.1025796942121247e-09,True
0,0,0.9749327898025513,0.13828478753566742,0.13828368484973907,1.1026859283447266e-06,0.9749327898025513,4.816778087501916e-08,0.016425466164946556,1.2867752197109894e-08,0.007139429450035095,8.422192721013744e-09,0.0005623804754577577,6.750111580799967e-11,0.0009399302653037012,1.4762159550318898e-10,True
0,0,0.9561223983764648,0.20465916395187378,0.20465810596942902,1.0579824447631836e-06,0.9561223983764648,7.004759794426718e-08,0.03599361702799797,2.8092040693650233e-08,0.00678471103310585,7.563019543965765e-09,0.0004277413245290518,4.458331273604621e-11,0.0006715494091622531,8.953140312462082e-11,True
0,0,0.9671071171760559,0.16822457313537598,0.16822415590286255,4.172325134277344e-07,0.9671071171760559,1.823625694896691e-08,0.02376624196767807,7.223056375238457e-09,0.008010448887944221,3.088715727628255e-09,0.0004461880889721215,1.6661790003258403e-11,0.0006699744844809175,3.2941826350052494e-11,True
0,0,0.9483124017715454,0.2500207722187042,0.2500194013118744,1.3709068298339844e-06,0.9483124017715454,1.1076081563032858e-07,0.02936973050236702,1.7433796628552045e-08,0.019171519204974174,3.436636575315788e-08,0.0013324553146958351,2.595866577248529e-10,0.001813932554796338,4.0393341449451725e-10,True
0,0,0.9715561270713806,0.14780119061470032,0.1478007435798645,4.470348358154297e-07,0.9715561270713806,1.7289584874902175e-08,0.022340355440974236,6.609365499343767e-09,0.004945225547999144,2.030092760563207e-09,0.0004144943377468735,2.4806422541101547e-11,0.0007437567110173404,6.960493292851311e-11,True
2,2,0.5895828604698181,0.8814927935600281,0.8814760446548462,1.6748905181884766e-05,4.5877131924498826e-05,3.628178486814182e-12,0.0022600700613111258,4.2368211161658564e-09,0.5895828604698181,7.628370440215804e-06,0.33620190620422363,6.205733370734379e-06,0.0719093307852745,1.5154732579958363e-07,True
0,0,0.956723153591156,0.19883599877357483,0.1988353729248047,6.258487701416016e-07,0.956723153591156,4.281693577468104e-08,0.03715989738702774,2.2035507640794094e-08,0.005285914521664381,3.309088336678201e-09,0.0003165832022204995,1.7764761883753977e-11,0.0005145035684108734,3.845208179642512e-11,True
0,0,0.9571813941001892,0.20847709476947784,0.20847482979297638,2.2649765014648438e-06,0.9571813941001892,1.6715083006602072e-07,0.03086128830909729,4.867932545948861e-08,0.010139704681932926,2.720314462578699e-08,0.0007209648611024022,1.8638945942228702e-10,0.0010967351263388991,3.3895472539846594e-10,True
0,0,0.9409167170524597,0.2655075788497925,0.2655054032802582,2.175569534301758e-06,0.9409167170524597,1.8308298876945628e-07,0.04407662898302078,5.7975878320348784e-08,0.012869909405708313,3.1740828632109697e-08,0.0008783104130998254,2.3236004786930664e-10,0.0012584056239575148,3.9665609685712866e-10,True
0,0,0.9586462378501892,0.20295536518096924,0.20295444130897522,9.238719940185547e-07,0.9586462378501892,6.43675761580198e-08,0.02948729507625103,2.2319373016443933e-08,0.01019736286252737,1.0336587585868529e-08,0.0006722774705849588,6.375824174176259e-11,0.000996882445178926,1.1511312042467026e-10,True
0,0,0.958940327167511,0.2068862020969391,0.2068854570388794,7.450580596923828e-07,0.958940327167511,5.375610356850302e-08,0.024404888972640038,1.0050577259335114e-08,0.014506195671856403,1.5233339922815503e-08,0.000898610451258719,7.526329559581768e-11,0.0012500094017013907,1.167413665736916e-10,True
2,2,0.5981691479682922,0.8994964957237244,0.8994811177253723,1.537799835205078e-05,0.00015766630531288683,3.776358045715078e-11,0.003911633975803852,1.0882692080826928e-08,0.5981691479682922,6.493112778116483e-06,0.3157927989959717,5.321602657204494e-06,0.08196880668401718,1.455170774988801e-07,True
0,0,0.9514657258987427,0.23850437998771667,0.23850278556346893,1.5944242477416992e-06,0.9514657258987427,1.4428633221541531e-07,0.027680600062012672,2.8943679453163895e-08,0.01762981154024601,3.378009694188222e-08,0.0013392440741881728,2.5746094145517873e-10,0.0018846717430278659,3.9486403036192996e-10,True
0,0,0.9541358947753906,0.21722626686096191,0.2172253578901291,9.08970832824707e-07,0.9541358947753906,5.5265385157099445e-08,0.03443522751331329,2.0501282449458813e-08,0.009980296716094017,8.841857912500473e-09,0.0005910746403969824,5.2906276581943246e-11,0.0008574359235353768,9.628371711034589e-11,True
2,2,0.7780174016952515,0.7462566494941711,0.7462433576583862,1.329183578491211e-05,0.004794921260327101,1.5945515130511012e-08,0.029583221301436424,2.9802231438225135e-07,0.7780174016952515,9.269375595977181e-07,0.13905103504657745,1.502242071182991e-06,0.0485534630715847,1.3185427860662458e-07,True
3,3,0.8972549438476562,0.3714886009693146,0.37148356437683105,5.036592483520508e-06,1.9900112807613723e-11,3.0598821941169317e-24,1.2530878557015512e-08,7.477558675090282e-19,0.013736761175096035,1.0149901186196075e-07,0.8972549438476562,5.874900921298831e-07,0.08900834619998932,2.3165256379797938e-07,True
0,2,0.697196364402771,0.9647973775863647,0.9647778868675232,1.9490718841552734e-05,0.043613698333501816,5.78855747335183e-07,0.16603587567806244,2.828720880643232e-06,0.697196364402771,2.8372553515509935e-06,0.06450840830802917,3.2404193461843533e-07,0.028645718470215797,4.736599379384643e-08,False
0,0,0.9205737113952637,0.3407781720161438,0.34077441692352295,3.7550926208496094e-06,0.9205737113952637,4.441072292138415e-07,0.05314576253294945,8.708396848078337e-08,0.02266847901046276,1.0368604819177563e-07,0.0015703708631917834,8.56572535123945e-10,0.0020416227634996176,1.2304474106272778e-09,True
0,0,0.9344938397407532,0.2939900755882263,0.2939891517162323,9.238719940185547e-07,0.9344938397407532,9.435087378051321e-08,0.04323618486523628,2.984489810842206e-08,0.019544465467333794,1.7739345992140443e-08,0.0011875658528879285,1.0506943926014145e-10,0.0015379348769783974,1.4873360876244135e-10,True
0,0,0.968711793422699,0.15948021411895752,0.1594792753458023,9.387731552124023e-07,0.968711793422699,5.05014767782086e-08,0.02434752695262432,2.124574471906726e-08,0.005854162387549877,5.112740009138861e-09,0.00040699957753531635,3.4355133321506415e-11,0.0006795098888687789,7.609492896909487e-11,True
0,0,0.9688770174980164,0.16110928356647491,0.16110831499099731,9.685754776000977e-07,0.9688770174980164,4.19495904679934e-08,0.02289639413356781,1.119782577774231e-08,0.006901623215526342,7.522788614267029e-09,0.0005027702427469194,6.568610239066075e-11,0.0008221127209253609,1.4887475974223463e-10,True
1,0,0.4213784635066986,1.0524404048919678,1.052432656288147,7.748603820800781e-06,0.4213784635066986,2.8974116048630094e-06,0.4190104007720947,6.954994091756816e-07,0.15327055752277374,1.1182264643139206e-06,0.0038689877837896347,1.3821186417573017e-09,0.0024716174229979515,4.668764264081915e-10,False
0,0,0.9245427250862122,0.32487794756889343,0.3248770833015442,8.642673492431641e-07,0.9245427250862122,1.1179302816799463e-07,0.052646320313215256,3.3537894239543675e-08,0.019742639735341072,2.0647826559638816e-08,0.0013245042646303773,1.419571682426124e-10,0.0017438627546653152,2.0852632121037828e-10,True
0,0,0.8996682167053223,0.41569992899894714,0.4156978130340576,2.115964889526367e-06,0.8996682167053223,2.948932831259299e-07,0.05254082754254341,2.9400133882973023e-08,0.04243939369916916,1.2034637109081814e-07,0.002512836130335927,8.535548934318626e-10,0.0028386865742504597,9.714532511750917e-10,True
2,2,0.6855654716491699,0.8377658724784851,0.8377513885498047,1.4483928680419922e-05,0.0006785925361327827,5.603770780737705e-10,0.011117249727249146,7.548146641056519e-08,0.6855654716491699,3.888539595209295e-06,0.23380282521247864,3.5582997952587903e-06,0.06883588433265686,1.5696778632445785e-07,True
0,0,0.9442801475524902,0.2532619833946228,0.2532610595226288,9.238719940185547e-07,0.9442801475524902,7.578439920052915e-08,0.0413571260869503,2.8388120298927788e-08,0.012640799395740032,1.3031041135036503e-08,0.0007223731954582036,7.264587542632484e-11,0.000999527983367443,1.2090348167070886e-10,True
2,2,0.758363664150238,0.7571890354156494,0.7571746110916138,1.4424324035644531e-05,0.0014889700105413795,2.1582813314324767e-09,0.024394279345870018,2.801426148835162e-07,0.758363664150238,1.6106171187857399e-06,0.16619689762592316,2.198633183070342e-06,0.049556221812963486,1.1432547353251721e-07,True
1,1,0.43845757842063904,1.141530156135559,1.1415164470672607,1.3709068298339844e-05,0.15767493844032288,1.8789894511428429e-06,0.43845757842063904,1.5639259345334722e-06,0.37501245737075806,4.2988622226403095e-06,0.01880776882171631,2.6678877773633758e-08,0.010047249495983124,5.869301933358884e-09,True
0,0,0.945893406867981,0.25076591968536377,0.25076478719711304,1.1324882507324219e-06,0.945893406867981,8.875496604332511e-08,0.038274556398391724,2.3112448843676248e-08,0.013730540871620178,1.8963140391292654e-08,0.0008754571317695081,1.1946055256117916e-10,0.0012260202784091234,1.9110824034385132e-10,True
0,0,0.9820561408996582,0.10198962688446045,0.10198905318975449,5.736947059631348e-07,0.9820561408996582,1.6148666404092182e-08,0.013718928210437298,5.54659074225583e-09,0.0035603928845375776,2.0348562834726636e-09,0.0002364365354878828,1.4224517397298797e-11,0.00042807660065591335,3.9093572129500487e-11,True
1,0,0.952204167842865,0.21697039902210236,0.21696975827217102,6.407499313354492e-07,0.952204167842865,4.9562704163008675e-08,0.040179669857025146,2.7275230962686692e-08,0.006450757384300232,3.3720424230665458e-09,0.0004457342147361487,2.6090541185852523e-11,0.0007196903461590409,5.850914197580437e-11,False
0,0,0.7676141262054443,0.7496577501296997,0.7496501803398132,7.569789886474609e-06,0.7676141262054443,1.8734040168055799e-06,0.12568560242652893,6.820583564604021e-08,0.0941968485713005,9.594065204510116e-07,0.00634649395942688,9.550346291575806e-09,0.006156940013170242,7.959529924050912e-09,True
0,0,0.9626259803771973,0.18450763821601868,0.18450704216957092,5.960464477539062e-07,0.9626259803771973,3.298908879401097e-08,0.028200453147292137,1.0600030186935783e-08,0.008048087358474731,5.954652326778387e-09,0.0004507303237915039,3.484471045034354e-11,0.000674793089274317,6.922497991501686e-11,True
0,0,0.9698293805122375,0.15168391168117523,0.15168318152427673,7.301568984985352e-07,0.9698293805122375,3.4709920271325245e-08,0.025123601779341698,1.8006991453489718e-08,0.004249522928148508,2.3371522495096997e-09,0.00029153600917197764,1.7802192012195128e-11,0.0005059069371782243,4.541991088791164e-11,True
0,0,0.9508534669876099,0.21953091025352478,0.2195296287536621,1.2814998626708984e-06,0.9508534669876099,1.07549183780975e-07,0.04196596145629883,5.8625406751389164e-08,0.006362445652484894,6.648200656655945e-09,0.0003253435716032982,2.5187135363480273e-11,0.0004927964764647186,4.6503172840273166e-11,True
0,0,0.9723477363586426,0.14241135120391846,0.1424110233783722,3.2782554626464844e-07,0.9723477363586426,1.0691849183785962e-08,0.0224881824105978,4.30605773260595e-09,0.004422326572239399,1.3393068876155212e-09,0.0002739964984357357,9.060188363441135e-12,0.0004677259421441704,2.3502174165135337e-11,True
0,0,0.9414772391319275,0.2744525969028473,0.2744499444961548,2.652406692504883e-06,0.9414772391319275,2.49461834300746e-07,0.033413115888834,3.071880527727444e-08,0.021976785734295845,7.919597777572562e-08,0.0013665391597896814,5.440183303839774e-10,0.0017663706094026566,7.832656190309706e-10,True
0,2,0.5840325951576233,1.1616795063018799,1.1616219282150269,5.7578086853027344e-05,0.1003127247095108,5.3610488066624384e-06,0.22183115780353546,6.443927304644603e-06,0.5840325951576233,1.3438097994367126e-05,0.06079607084393501,7.054878210510651e-07,0.033027444034814835,1.3397972509210376e-07,False
0,0,0.9029026031494141,0.38796451687812805,0.3879629671573639,1.5497207641601562e-06,0.9029026031494141,1.780655480843052e-07,0.07064153999090195,3.578591289965516e-08,0.023072823882102966,4.761312055734379e-08,0.0014964070869609714,2.675713539623814e-10,0.0018865474266931415,3.364633849312071e-10,True
0,0,0.9531905055046082,0.2214394509792328,0.22143863141536713,8.195638656616211e-07,0.9531905055046082,6.045640787988305e-08,0.03471080958843231,2.1727688093164943e-08,0.010549022816121578,8.531550577117741e-09,0.0006342841079458594,4.9068971108567894e-11,0.0009153223945759237,8.586398952958874e-11,True
2,3,0.6858081221580505,0.840488612651825,0.8404747247695923,1.3887882232666016e-05,1.1416553888921044e-06,3.560487323673927e-15,3.0435572625719942e-05,1.5042742442308854e-12,0.15573149919509888,3.592099574234453e-06,0.6858081221580505,3.9115998333727475e-06,0.1584288477897644,1.0906028791168865e-07,False
0,0,0.94562166929245,0.24781112372875214,0.24780932068824768,1.8030405044555664e-06,0.94562166929245,1.4718909824296134e-07,0.04086232930421829,4.300350653352325e-08,0.011876251548528671,2.4930242759069188e-08,0.0006833060760982335,1.3918824426362164e-10,0.0009564218926243484,2.300663687337945e-10,True
0,0,0.9798485040664673,0.1158355325460434,0.11583464592695236,8.866190910339355e-07,0.9798485040664673,3.3262239185205544e-08,0.013220252469182014,8.716410704323607e-09,0.005611342843621969,5.572569961032059e-09,0.00047521330998279154,5.669574879019201e-11,0.0008447687141597271,1.4412371296401716e-10,True
0,0,0.9711330533027649,0.14818282425403595,0.14818213880062103,6.854534149169922e-07,0.9711330533027649,3.423210159780865e-08,0.02295025810599327,1.728913012755129e-08,0.005162194836884737,2.911281216100292e-09,0.0002881466061808169,1.7206758587406945e-11,0.0004663868749048561,3.99745375689875e-11,True
0,0,0.9760645031929016,0.12663650512695312,0.12663589417934418,6.109476089477539e-07,0.9760645031929016,2.4918008989516238e-08,0.019448554143309593,1.1420857148891628e-08,0.0039092679508030415,2.2535164845294275e-09,0.00021411586203612387,1.1146051095978216e-11,0.00036355125484988093,2.7228655094524434e-11,True
2,2,0.47421154379844666,0.9597300291061401,0.9597063064575195,2.372264862060547e-05,4.1704817704157904e-05,3.3494932088345974e-12,0.0011990610510110855,1.5230066097160488e-09,0.47421154379844666,1.1793904377555009e-05,0.42213496565818787,9.140362635662314e-06,0.10241270065307617,2.3975238150342193e-07,True
0,0,0.9023362994194031,0.39240211248397827,0.39239978790283203,2.3245811462402344e-06,0.9023362994194031,3.336794236474816e-07,0.06761348992586136,8.462103551210021e-08,0.026919741183519363,7.319904682390188e-08,0.0014383192174136639,3.756075173111384e-10,0.0016921361675485969,4.487850091550172e-10,True
2,0,0.7757930159568787,0.7209422588348389,0.7209326028823853,9.655952453613281e-06,0.7757930159568787,2.9240918593131937e-06,0.12903542816638947,4.60528440271446e-07,0.08620556443929672,9.963802085621865e-07,0.004631408955901861,4.141406773072731e-09,0.004334654659032822,2.821970213062741e-09,False
0,0,0.9475430846214294,0.22884106636047363,0.22884033620357513,7.301568984985352e-07,0.9475430846214294,6.167621080521712e-08,0.045799124985933304,3.2350349954413105e-08,0.005775121506303549,4.4229633289205594e-09,0.00034244541893713176,2.292382082769162e-11,0.0005403081304393709,4.685106122503946e-11,True
0,0,0.9210999608039856,0.33240753412246704,0.33240455389022827,2.9802322387695312e-06,0.9210999608039856,3.608073484429042e-07,0.05718144774436951,9.15868838546885e-08,0.01905512623488903,6.894570248050513e-08,0.001158553990535438,4.421734922654963e-10,0.001504904474131763,6.340092340018089e-10,True
0,0,0.8695351481437683,0.49880069494247437,0.4987975060939789,3.1888484954833984e-06,0.8695351481437683,6.338336220323981e-07,0.08033042401075363,1.6658361801091814e-07,0.04332298785448074,1.4066614539842703e-07,0.0031614184845238924,1.0802843064539047e-09,0.003649997292086482,1.1472544025892262e-09,True
0,0,0.7808460593223572,0.7277208566665649,0.7277159094810486,4.947185516357422e-06,0.7808460593223572,1.2421372730386793e-06,0.10374162346124649,6.731723800612599e-08,0.10217299312353134,6.762540465388156e-07,0.006749849766492844,5.647711187606319e-09,0.006489471532404423,4.487907823147452e-09,True
0,0,0.987180233001709,0.07830879837274551,0.07830850034952164,2.980232238769531e-07,0.987180233001709,7.019261172303004e-09,0.009279139339923859,2.4748569860122416e-09,0.0028616387862712145,8.622887404108326e-10,0.00022813142277300358,8.214394442429551e-12,0.0004508485144469887,2.6489956062025755e-11,True
0,0,0.7943873405456543,0.7033395767211914,0.7033349275588989,4.649162292480469e-06,0.7943873405456543,1.2815941090593697e-06,0.07790130376815796,3.811116044971641e-08,0.11188118904829025,7.075950634316541e-07,0.008029363118112087,6.749224734647896e-09,0.007800842169672251,5.430091931657444e-09,True
0,0,0.9580864906311035,0.20502585172653198,0.20502448081970215,1.3709068298339844e-06,0.9580864906311035,1.0434698793915231e-07,0.03027402237057686,4.254702545836153e-08,0.009811843745410442,1.1341427352817846e-08,0.0007221113773994148,9.422745916864983e-11,0.0011055704671889544,1.857604070565344e-10,True
0,0,0.9763122797012329,0.12668585777282715,0.1266852170228958,6.407499313354492e-07,0.9763122797012329,2.320268777111778e-08,0.018707139417529106,9.76957270637513e-09,0.004297875799238682,2.629413353716359e-09,0.0002527246833778918,1.3009967235466657e-11,0.00042993642273359,3.052738270503674e-11,True
0,0,0.8930073976516724,0.4408011734485626,0.4407978057861328,3.3676624298095703e-06,0.8930073976516724,5.442941528599476e-07,0.04997493326663971,3.28870406463011e-08,0.049783606082201004,2.437003843169805e-07,0.003395544132217765,1.6760787202585448e-09,0.003838551929220557,1.7171164490292767e-09,True
2,2,0.5332144498825073,0.9262386560440063,0.9262104034423828,2.8252601623535156e-05,4.562038884614594e-05,4.9663741001626516e-12,0.0016869365936145186,3.4826594941250733e-09,0.5332144498825073,1.3653379028255586e-05,0.3783731460571289,1.0798856237670407e-05,0.0866798684000969,2.558201117608405e-07,True
4,2,0.4726007878780365,0.9467651844024658,0.9467411041259766,2.4080276489257812e-05,2.172306994907558e-05,1.1929711775729435e-12,0.0010387011570855975,1.4055880903640627e-09,0.4726007878780365,1.1760262168536428e-05,0.4320862889289856,9.688606951385736e-06,0.09425245970487595,2.0010955381621898e-07,False
0,0,0.9477514624595642,0.2493884265422821,0.24938760697841644,8.195638656616211e-07,0.9477514624595642,6.642476790830187e-08,0.032480236142873764,1.2878023092355306e-08,0.017095742747187614,1.782003877792704e-08,0.0011278963647782803,1.2304882113234328e-10,0.0015446891775354743,1.9801982276135277e-10,True
0,0,0.9291793704032898,0.3133290708065033,0.3133276402950287,1.430511474609375e-06,0.9291793704032898,1.517184529120641e-07,0.04520821198821068,3.160628736509352e-08,0.022641994059085846,4.1404963013746965e-08,0.0013157912762835622,2.002584348348435e-10,0.0016546534607186913,2.5727964203525744e-10,True
0,0,0.9123554229736328,0.35839998722076416,0.3583966791629791,3.3080577850341797e-06,0.9123554229736328,4.4882980887450685e-07,0.06413708627223969,1.4877173271088395e-07,0.0207530464977026,7.178046956823891e-08,0.0012177996104583144,4.18607010166383e-10,0.0015366310253739357,5.622854404307986e-10,True
0,0,0.973095715045929,0.14078158140182495,0.14078126847743988,3.129243850708008e-07,0.973095715045929,1.6524872137324564e-08,0.021082282066345215,6.534631058485729e-09,0.004998400341719389,2.0530119826389637e-09,0.00030887662433087826,1.2017940462238919e-11,0.0005148048512637615,2.821011479969826e-11,True
0,0,0.957886815071106,0.20525941252708435,0.20525847375392914,9.387731552124023e-07,0.957886815071106,5.806455760648532e-08,0.03007696382701397,1.5125671382065775e-08,0.010568179190158844,1.3322816627692191e-08,0.0006039625150151551,6.862264229079429e-11,0.0008641212480142713,1.1808364008825123e-10,True
2,0,0.5546808838844299,0.8862291574478149,0.8862234354019165,5.7220458984375e-06,0.5546808838844299,2.521584974601865e-06,0.37910181283950806,1.6900042965062312e-06,0.06384582817554474,1.8485926034372824e-07,0.0013553326716646552,1.2466551402301462e-10,0.0010161370737478137,6.089991705371389e-11,False
0,0,0.8947879672050476,0.40311169624328613,0.40310975909233093,1.9371509552001953e-06,0.8947879672050476,2.8734464763147116e-07,0.08113814145326614,1.0338854394831287e-07,0.021434703841805458,4.531009167862976e-08,0.0011824596440419555,2.701383838843441e-10,0.0014567299513146281,3.6203628983599856e-10,True
0,0,0.9562135934829712,0.20741267502307892,0.20741210877895355,5.662441253662109e-07,0.9562135934829712,4.671325726235409e-08,0.03445553407073021,2.4486441319027108e-08,0.00790886115282774,3.901426737229485e-09,0.0005533540388569236,2.079386142439521e-11,0.0008687017834745347,3.820682659139152e-11,True
0,0,0.9624983668327332,0.18334205448627472,0.1833409070968628,1.1473894119262695e-06,0.9624983668327332,6.591402978983751e-08,0.029433954507112503,2.6660485374918608e-08,0.006988918874412775,7.112842315137868e-09,0.0004209119360893965,4.6314962282023586e-11,0.0006577678141184151,9.886230722955247e-11,True
3,2,0.7072933316230774,0.8192805051803589,0.8192734122276306,7.092952728271484e-06,0.001020581927150488,6.93316459798865e-10,0.014283102937042713,5.715347128898429e-08,0.7072933316230774,1.52191091729037e-06,0.2124992161989212,1.4467032087850384e-06,0.06490380316972733,9.352479679591852e-08,False
0,0,0.8909502029418945,0.42767781019210815,0.42767438292503357,3.427267074584961e-06,0.8909502029418945,5.790883506051614e-07,0.07163742929697037,2.1809557892993325e-07,0.034249648451805115,1.1271055200268165e-07,0.0015144817298278213,3.3278252375978923e-10,0.0016483369981870055,3.3090166717819613e-10,True
0,0,0.9589306116104126,0.2021503746509552,0.20214958488941193,7.897615432739258e-07,0.9589306116104126,6.255719853243136e-08,0.02938133291900158,2.0530391608986065e-08,0.009860530495643616,9.382174148697686e-09,0.0007206565351225436,8.287662223160908e-11,0.0011070126201957464,1.6618180442851127e-10,True
0,0,0.9655519723892212,0.1700247824192047,0.17002393305301666,8.493661880493164e-07,0.9655519723892212,5.106353384576323e-08,0.02770216204226017,2.1598316024551423e-08,0.005901300814002752,5.464094954277243e-09,0.00032779265893623233,2.3467762455542385e-11,0.0005168578936718404,4.6561404037914755e-11,True
1,1,0.5489861369132996,1.0389047861099243,1.0388892889022827,1.5497207641601562e-05,0.16947591304779053,1.7871794852908351e-06,0.5489861369132996,1.8867722246795893e-06,0.27090325951576233,4.532793809630675e-06,0.007127922959625721,8.557281994114874e-09,0.0035067442804574966,1.7814162367457698e-09,True
0,0,0.9718326926231384,0.15115512907505035,0.15115462243556976,5.066394805908203e-07,0.9718326926231384,2.4105025531184765e-08,0.018810292705893517,6.86063694743666e-09,0.007935226894915104,4.611961923473018e-09,0.0005503919092006981,3.2042774683604947e-11,0.000871421245392412,6.582228512241883e-11,True
0,0,0.9466452598571777,0.24672892689704895,0.24672770500183105,1.2218952178955078e-06,0.9466452598571777,9.884549712069202e-08,0.038574568927288055,2.566960155547804e-08,0.012877777218818665,2.073787896961221e-08,0.0007912787841632962,1.141534852755477e-10,0.0011111701605841517,1.8264853518523694e-10,True
2,0,0.9049993753433228,0.394207239151001,0.3942011296749115,6.109476089477539e-06,0.9049993753433228,8.459533660243324e-07,0.05940328165888786,1.2640950330933265e-07,0.030783135443925858,2.418224767097854e-07,0.002157527720555663,1.971987684257215e-09,0.002656597411260009,2.4927353514669903e-09,False
0,0,0.9661630988121033,0.17696809768676758,0.1769661158323288,1.9818544387817383e-06,0.9661630988121033,1.070536512770559e-07,0.021129604429006577,2.4802927711675693e-08,0.010765431448817253,2.3312443531153804e-08,0.0007704657618887722,1.8789493572146654e-10,0.0011713131098076701,3.6329436681192817e-10,True
0,0,0.7521563172340393,0.8151919841766357,0.8151702284812927,2.1755695343017578e-05,0.7521563172340393,6.666444733127719e-06,0.08897420018911362,8.48101890937869e-08,0.13084618747234344,3.3096941933763446e-06,0.013878926634788513,7.98461101680914e-08,0.014144356362521648,7.175676586257396e-08,True
0,1,0.5528513789176941,1.0281062126159668,1.0280988216400146,7.3909759521484375e-06,0.2642422020435333,2.048428541456815e-06,0.5528513789176941,1.4621391528635286e-06,0.17492583394050598,8.114188858598936e-07,0.005032917018979788,1.74841363609346e-09,0.002947678091004491,5.902663358092752e-10,False
0,0,0.9324259161949158,0.2921249270439148,0.29212427139282227,6.556510925292969e-07,0.9324259161949158,6.533471719194495e-08,0.05123521760106087,2.4667142994871938e-08,0.014341788366436958,1.0062724875581353e-08,0.0008487400482408702,5.562053595475902e-11,0.0011483448324725032,8.710589888272224e-11,True
0,0,0.8913629651069641,0.4357259273529053,0.43572306632995605,2.86102294921875e-06,0.8913629651069641,4.1977665432568756e-07,0.06809401512145996,8.381555005598784e-08,0.03487762436270714,1.2377738300983765e-07,0.0025615410413593054,9.810888768058135e-10,0.0031038883607834578,1.1584514458817807e-09,True
0,0,0.9382783770561218,0.277197003364563,0.2771953046321869,1.6987323760986328e-06,0.9382783770561218,1.5898115179879824e-07,0.04420795664191246,5.14926234984614e-08,0.015084042213857174,2.7909848654417146e-08,0.0010175758507102728,2.0958564050932438e-10,0.0014120619744062424,3.4487793176829484e-10,True
0,0,0.9567050933837891,0.21617244184017181,0.21617089211940765,1.5497207641601562e-06,0.9567050933837891,1.117124099891953e-07,0.026771819218993187,2.1441101338837143e-08,0.013853135518729687,2.6057190183337298e-08,0.001079356181435287,2.756931072322999e-10,0.001590607687830925,5.149002335613773e-10,True
0,0,0.8559257388114929,0.5460657477378845,0.54605633020401,9.417533874511719e-06,0.8559257388114929,1.9482804418657906e-06,0.07395535707473755,1.634427491126189e-07,0.06078705936670303,7.509927399951266e-07,0.004461314529180527,7.19624360101534e-09,0.0048706079833209515,7.278945446387297e-09,True
0,0,0.9504732489585876,0.2346089631319046,0.2346079796552658,9.834766387939453e-07,0.9504732489585876,7.855452111016348e-08,0.03484038636088371,1.9892299363277743e-08,0.012612739577889442,1.4997363351199056e-08,0.0008489846368320286,1.1537569510888801e-10,0.0012246394762769341,2.0645017639875363e-10,True
0,0,0.9729307293891907,0.14257720112800598,0.1425769180059433,2.8312206268310547e-07,0.9729307293891907,1.180301456571442e-08,0.020676512271165848,5.708844064145069e-09,0.005415774416178465,1.0967061703226477e-09,0.0003639991336967796,9.423704872002503e-12,0.000612978998105973,2.3733478723975132e-11,True
1,0,0.9302651286125183,0.3090708255767822,0.3090701699256897,6.556510925292969e-07,0.9302651286125183,6.903190552520755e-08,0.04522312805056572,1.6531471302982936e-08,0.021610243245959282,1.618525580227015e-08,0.0012767519801855087,1.0280113565963589e-10,0.0016247176099568605,1.4979333051723387e-10,False
1,1,0.555440366268158,0.9398891925811768,0.9398504495620728,3.8743019104003906e-05,0.05526009947061539,9.164473340206314e-07,0.555440366268158,1.0971810297633056e-05,0.37067657709121704,1.4559267583535984e-05,0.01320879440754652,5.958122528681997e-08,0.005414163693785667,7.792036349485443e-09,True
0,0,0.9766851663589478,0.12467901408672333,0.1246785894036293,4.246830940246582e-07,0.9766851663589478,2.2821270206918598e-08,0.018541783094406128,1.1149009715438751e-08,0.0041786800138652325,1.743273192467143e-09,0.00022241173428483307,7.283394373724938e-12,0.00037206761771813035,1.6598172489223906e-11,True
0,0,0.9282461404800415,0.2972606420516968,0.2972596287727356,1.0132789611816406e-06,0.9282461404800415,1.1263288968166307e-07,0.05912264809012413,5.8160786409189313e-08,0.011094730347394943,9.793637012478484e-09,0.0006399182602763176,5.1484056601269756e-11,0.0008965708548203111,8.527332312491254e-11,True
0,0,0.8805627226829529,0.4345604181289673,0.4345570504665375,3.3676624298095703e-06,0.8805627226829529,6.048643967915268e-07,0.09575485438108444,2.751004615220154e-07,0.02133296988904476,6.701242227791226e-08,0.0010676272213459015,3.1390795518504433e-10,0.0012819389812648296,3.9579581279092224e-10,True
2,0,0.9512435793876648,0.23247063159942627,0.23246939480304718,1.2367963790893555e-06,0.9512435793876648,8.545145391281039e-08,0.03308738395571709,2.0879655338035263e-08,0.01379222609102726,1.912806801840361e-08,0.0007904949015937746,8.944817109224346e-11,0.0010861987248063087,1.370398516886695e-10,False
0,0,0.9691779017448425,0.16192679107189178,0.16192610561847687,6.854534149169922e-07,0.9691779017448425,2.981551716629838e-08,0.021008368581533432,6.847714395519233e-09,0.008374335244297981,7.098313048459204e-09,0.0005622278549708426,6.231608284945622e-11,0.0008771893917582929,1.363339441340372e-10,True
0,0,0.7838307619094849,0.7320469617843628,0.7320379614830017,9.000301361083984e-06,0.7838307619094849,2.523042894608807e-06,0.08233901858329773,8.566229325879249e-08,0.11541078239679337,1.2991017683816608e-06,0.009251012466847897,1.7752391556768998e-08,0.009168396703898907,1.5346067527843843e-08,True
0,0,0.9645729064941406,0.18555231392383575,0.18555110692977905,1.2069940567016602e-06,0.9645729064941406,6.809641206473316e-08,0.020241741091012955,1.2316847985971435e-08,0.012791312299668789,1.784322201103805e-08,0.0009616503375582397,1.532684812399765e-10,0.001432357239536941,2.8021163167579743e-10,True
0,0,0.8218715786933899,0.6336206793785095,0.6336135268211365,7.152557373046875e-06,0.8218715786933899,1.7501730553703965e-06,0.08930011838674545,1.5844301515244297e-07,0.07755513489246368,7.162406063798699e-07,0.005534088704735041,6.004255759251009e-09,0.005739056970924139,5.2137307804400734e-09,True
0,0,0.9824294447898865,0.09679783880710602,0.09679719060659409,6.48200511932373e-07,0.9824294447898865,2.0386574206554542e-08,0.015109251253306866,1.1101019659065514e-08,0.0021028295159339905,1.2033706253689047e-09,0.00012265534314792603,6.083163920506118e-12,0.00023590736964251846,1.8334800691577335e-11,True
0,0,0.9808374643325806,0.1060645803809166,0.10606413334608078,4.470348358154297e-07,0.9808374643325806,1.4960555461129843e-08,0.01534834410995245,6.126914087190016e-09,0.0033417667727917433,1.71689973349487e-09,0.00017331261187791824,7.372119407988986e-12,0.0002991468063555658,1.8476201471551157e-11,True
0,0,0.8043212890625,0.6884701251983643,0.6884404420852661,2.968311309814453e-05,0.8043212890625,8.526575584255625e-06,0.049953121691942215,7.195291118478053e-08,0.12123217433691025,4.642925887310412e-06,0.011961915530264378,7.774821142447763e-08,0.0125314025208354,6.942700281342695e-08,True
0,0,0.9248052835464478,0.3273200988769531,0.32731810212135315,1.996755599975586e-06,0.9248052835464478,2.0959315349955432e-07,0.049871258437633514,4.371244699541421e-08,0.021887166425585747,5.604321273722235e-08,0.0014913055347278714,3.8953221204174326e-10,0.0019449705723673105,5.426736282565514e-10,True
2,2,0.7858148217201233,0.7354877591133118,0.7354666590690613,2.110004425048828e-05,0.0028579479549080133,7.733880202920318e-09,0.04577919468283653,1.0133296655112645e-06,0.7858148217201233,6.086825123929884e-07,0.12651073932647705,1.928939354911563e-06,0.0390373095870018,1.3930791453731217e-07,True
0,0,0.8329593539237976,0.5968597531318665,0.5968571901321411,2.562999725341797e-06,0.8329593539237976,6.040057769496343e-07,0.0965561643242836,9.544616830226005e-08,0.06193895265460014,1.9310448351461673e-07,0.004154638387262821,1.4617986821008344e-09,0.004390939604490995,1.3828646006075473e-09,True
0,0,0.9555719494819641,0.21781733632087708,0.21781659126281738,7.450580596923828e-07,0.9555719494819641,5.415684256604436e-08,0.029581589624285698,1.705967811460596e-08,0.012634511105716228,8.975362675300858e-09,0.0008961606654338539,7.746516622608723e-11,0.0013157603098079562,1.4453992169816132e-10,True
0,0,0.9733845591545105,0.13687224686145782,0.136871799826622,4.470348358154297e-07,0.9733845591545105,1.806311367147373e-08,0.022088419646024704,8.463510781098194e-09,0.004006076138466597,2.030566381705512e-09,0.00019767196499742568,9.0328664686945e-12,0.00032330650719814,2.139292215597166e-11,True
0,0,0.9514392018318176,0.2308676540851593,0.23086582124233246,1.8328428268432617e-06,0.9514392018318176,1.280041317386349e-07,0.03409261256456375,2.768089046867317e-08,0.012521423399448395,3.0174089005186033e-08,0.0008018757216632366,1.9040144461079933e-10,0.001144883339293301,3.157355210614554e-10,True
0,2,0.7415162324905396,0.8792513012886047,0.8792080879211426,4.32133674621582e-05,0.017268013209104538,2.6714508294389816e-07,0.1110311970114708,5.669598976965062e-06,0.7415162324905396,1.6942542515607784e-06,0.09292424470186234,1.610017534403596e-06,0.03726032376289368,1.7939747465334221e-07,False
3,3,0.7150523066520691,0.79342120885849,0.7933768033981323,4.4405460357666016e-05,2.438146964323096e-07,5.730238768668426e-16,2.2208962036529556e-05,2.6569556017125295e-12,0.15879154205322266,1.181375773740001e-05,0.7150523066520691,1.3153104191587772e-05,0.1261337548494339,9.908384868140274e-08,True
0,0,0.9568197131156921,0.20756864547729492,0.20756731927394867,1.3262033462524414e-06,0.9568197131156921,8.92398404062078e-08,0.032239437103271484,2.9396771239476038e-08,0.009511090815067291,1.2469836718764782e-08,0.0005768370465375483,7.483419439680006e-11,0.0008528331527486444,1.381606218320286e-10,True
0,0,0.9720091223716736,0.1393676996231079,0.13936731219291687,3.8743019104003906e-07,0.9720091223716736,1.845481101270252e-08,0.02477833442389965,1.234935353977562e-08,0.0027156947180628777,5.583912221496234e-10,0.00017365338862873614,3.864111721568753e-12,0.0003231779846828431,1.1447109753148776e-11,True
1,0,0.6963362693786621,0.8139991164207458,0.8139958381652832,3.2782554626464844e-06,0.6963362693786621,9.28689530610427e-07,0.22122834622859955,2.822828264470445e-07,0.07737725973129272,2.9434349357870815e-07,0.002738086273893714,6.942272867682675e-10,0.0023200432769954205,4.4239312213534276e-10,False
1,1,0.4242563843727112,1.112298846244812,1.1122711896896362,2.765655517578125e-05,0.13034246861934662,2.5081039893848356e-06,0.4242563843727112,4.2440292418177705e-06,0.41728898882865906,9.860203135758638e-06,0.018811700865626335,6.97566164831187e-08,0.009300479665398598,1.4152323757343765e-08,True
0,0,0.9762585759162903,0.12523619830608368,0.12523554265499115,6.556510925292969e-07,0.9762585759162903,2.5152097293812403e-08,0.01969311200082302,1.252650339012007e-08,0.0034310114569962025,1.7627403980924328e-09,0.00022018914751242846,1.1582473695426199e-11,0.0003970623656641692,3.1451483778477396e-11,True
0,0,0.8059160113334656,0.6790180206298828,0.6790089011192322,9.119510650634766e-06,0.8059160113334656,2.259438815599424e-06,0.08377506583929062,7.394685042072524e-08,0.09532375633716583,1.1490977840367123e-06,0.0074295359663665295,1.3411432853160932e-08,0.0075555904768407345,1.1892329787599465e-08,True
0,0,0.9831251502037048,0.09660245478153229,0.0966019406914711,5.140900611877441e-07,0.9831251502037048,1.406230154543664e-08,0.013154908083379269,6.072031766279906e-09,0.0030947381164878607,1.3307914770166462e-09,0.0002168362698284909,1.0218692211849678e-11,0.00040835418622009456,3.0849978821523294e-11,True
0,0,0.9600774645805359,0.19461621344089508,0.19461587071418762,3.427267074584961e-07,0.9600774645805359,2.5834564709725782e-08,0.02991059422492981,1.066030907992399e-08,0.008829533122479916,3.2049576326187434e-09,0.0004797271394636482,1.556215052656018e-11,0.0007027072715573013,2.8690430239897147e-11,True
2,2,0.7441869378089905,0.7923446297645569,0.7923315167427063,1.3113021850585938e-05,0.013224787078797817,3.4019638661675344e-08,0.1810561716556549,3.180319708917523e-06,0.7441869378089905,2.1626044599543093e-06,0.04643865302205086,1.6031337679578428e-07,0.015093418769538403,1.5169852929375338e-08,True
0,0,0.8954254388809204,0.4096331000328064,0.4096313416957855,1.7583370208740234e-06,0.8954254388809204,2.642081540216168e-07,0.07558578252792358,7.795270562382939e-08,0.025564897805452347,4.870623726560552e-08,0.0015420151175931096,2.3695082007613166e-10,0.0018818852258846164,2.833046575112519e-10,True
0,0,0.9787006378173828,0.11230114847421646,0.11230051517486572,6.332993507385254e-07,0.9787006378173828,2.4385453656350364e-08,0.018631404265761375,1.336061483669937e-08,0.0023387724068015814,1.4253657143470377e-09,0.00011709361569955945,5.3576370770413995e-12,0.00021216452296357602,1.4304290391065067e-11,True
0,0,0.9644708037376404,0.17183730006217957,0.17183683812618256,4.6193599700927734e-07,0.9644708037376404,3.145367699630697e-08,0.030026594176888466,1.8021491854369742e-08,0.004596763756126165,1.7624187664821989e-09,0.00033079294371418655,1.6584265211117e-11,0.0005751126445829868,4.379420784350607e-11,True
2,2,0.5308434367179871,0.9383741021156311,0.9383446574211121,2.944469451904297e-05,7.495244790334255e-05,1.5141332632140347e-11,0.002026246627792716,5.82876413801614e-09,0.5308434367179871,1.395551225868985e-05,0.3739100992679596,1.121343575505307e-05,0.09314523637294769,2.472509379458643e-07,True
0,0,0.9626876711845398,0.17927610874176025,0.17927514016628265,9.685754776000977e-07,0.9626876711845398,5.406206327052132e-08,0.030750198289752007,2.455849390514686e-08,0.005891266744583845,5.5191753389749465e-09,0.0002680732577573508,2.1060536994910173e-11,0.0004028009425383061,4.145733756288905e-11,True
0,0,0.44120264053344727,1.2085862159729004,1.2085574865341187,2.872943878173828e-05,0.44120264053344727,1.1368642844900023e-05,0.12374796718358994,1.745824818044639e-07,0.3704659640789032,8.504891411575954e-06,0.036622367799282074,2.3520347269823105e-07,0.027961108833551407,1.1122142495878506e-07,True
2,3,0.7613950967788696,0.7148951292037964,0.7148855924606323,9.5367431640625e-06,6.037315358753403e-08,1.0136115716269641e-17,6.728398147970438e-06,6.66755401433107e-14,0.1173119768500328,1.8855344023904763e-06,0.7613950967788696,2.456554284435697e-06,0.12128610908985138,1.1094325458316234e-07,False
0,0,0.9634237289428711,0.1727512925863266,0.1727505475282669,7.450580596923828e-07,0.9634237289428711,5.166609184925619e-08,0.032152410596609116,3.030548256788279e-08,0.0037390626966953278,2.222312334154708e-09,0.0002480584953445941,1.5815059331569792e-11,0.0004368045774754137,4.172828402260187e-11,True
0,0,0.9795846939086914,0.11204137653112411,0.11204048246145248,8.940696716308594e-07,0.9795846939086914,2.9586164629336054e-08,0.016399815678596497,1.2492815670839263e-08,0.0033344679977744818,2.7703113136823276e-09,0.00023813734878785908,2.0840018946644e-11,0.0004428863467182964,5.834301791685093e-11,True
0,0,0.9671505093574524,0.1658712923526764,0.16587047278881073,8.195638656616211e-07,0.9671505093574524,4.304782308395261e-08,0.025011945515871048,1.9709466059225633e-08,0.006970059126615524,4.299178790745373e-09,0.0003468887007329613,1.7391485820916763e-11,0.0005205250927247107,3.3026980456041244e-11,True
0,0,0.941976010799408,0.245292529463768,0.2452911138534546,1.4156103134155273e-06,0.941976010799408,1.2056551668138127e-07,0.05115552619099617,6.74872850936481e-08,0.006181949749588966,7.387491063326479e-09,0.00027813625638373196,2.858458261756347e-11,0.00040836771950125694,5.475009334787728e-11,True
0,0,0.9696941375732422,0.15526454150676727,0.15526366233825684,8.791685104370117e-07,0.9696941375732422,4.32862812260737e-08,0.024135613813996315,1.68049005822013e-08,0.004804370924830437,3.916026170003306e-09,0.00047702898154966533,6.229487758968588e-11,0.0008888779557310045,1.8231774423504987e-10,True
0,0,0.852017879486084,0.5524493455886841,0.5524469017982483,2.4437904357910156e-06,0.852017879486084,4.985556074643682e-07,0.08153137564659119,7.39109111691505e-08,0.05789002776145935,1.7496027737706754e-07,0.00409347889944911,1.3026763001633412e-09,0.0044672223739326,1.269353400168427e-09,True
0,0,0.9604887962341309,0.19361275434494019,0.19361166656017303,1.087784767150879e-06,0.9604887962341309,6.476352609752212e-08,0.029172543436288834,2.0665003930275816e-08,0.009141836315393448,1.1085017348477777e-08,0.0004888175171799958,5.614327752700987e-11,0.0007079729111865163,1.0202778899515152e-10,True
0,0,0.9663475155830383,0.16747070848941803,0.16747021675109863,4.917383193969727e-07,0.9663475155830383,2.5819744564614666e-08,0.027153855189681053,1.2322987075208403e-08,0.005371725652366877,2.281629107869776e-09,0.00041580889956094325,2.2834059296150677e-11,0.000711112457793206,5.6628712136186365e-11,True
0,0,0.9520605206489563,0.23488286137580872,0.2348809540271759,1.9073486328125e-06,0.9520605206489563,1.371466851196601e-07,0.02811824157834053,2.3261131687490888e-08,0.01702272891998291,3.953033811399109e-08,0.0011735324515029788,3.391772140926008e-10,0.0016249403124675155,5.656820567523368e-10,True
0,0,0.9545871615409851,0.22021484375,0.22021447122097015,3.725290298461914e-07,0.9545871615409851,3.491548028478064e-08,0.03077414073050022,1.488403178484532e-08,0.012759329751133919,4.384264506995805e-09,0.0007792950491420925,2.2649838601895844e-11,0.0011001661187037826,3.762485809022387e-11,True
0,0,0.9551315307617188,0.22231140732765198,0.22230850160121918,2.905726432800293e-06,0.9551315307617188,2.1050436771474779e-07,0.027874169871211052,3.332287334956163e-08,0.014225012622773647,5.1744329709890735e-08,0.0011223210021853447,5.297795535597061e-10,0.00164698192384094,9.594471883644928e-10,True
0,0,0.9737319946289062,0.14397364854812622,0.1439731866121292,4.6193599700927734e-07,0.9737319946289062,2.0590182003843438e-08,0.01699698343873024,5.347716491854726e-09,0.007636934518814087,4.0900887121608775e-09,0.0006142477504909039,5.250121865030266e-11,0.0010198996169492602,1.315551140246285e-10,True
0,0,0.9696836471557617,0.15397529304027557,0.15397483110427856,4.6193599700927734e-07,0.9696836471557617,2.265045218052819e-08,0.024255841970443726,1.1090078189113228e-08,0.005231441464275122,2.121159692336505e-09,0.00031381318694911897,1.0522552447433942e-11,0.0005152357625775039,2.2909530175696524e-11,True
0,0,0.9583571553230286,0.2072625607252121,0.20726168155670166,8.791685104370117e-07,0.9583571553230286,5.401862424037063e-08,0.027152681723237038,1.4133966885765403e-08,0.012468107044696808,1.330498733409513e-08,0.0008252601255662739,8.567226789102378e-11,0.0011968177277594805,1.4997927899607078e-10,True
0,0,0.9635307192802429,0.18396881222724915,0.18396787345409393,9.387731552124023e-07,0.9635307192802429,4.5536573622939613e-08,0.02601298689842224,1.4163191508487216e-08,0.008849370293319225,8.109870996975133e-09,0.0006278440123423934,6.424918236325183e-11,0.000978988129645586,1.323093579141954e-10,True
2,2,0.6091089248657227,0.8739269971847534,0.8739162683486938,1.0728836059570312e-05,8.328023977810517e-05,5.949800114396497e-12,0.0028389019425958395,3.4503371271199512e-09,0.6091089248657227,4.759514467878034e-06,0.31525203585624695,3.636913788795937e-06,0.07271686941385269,1.367835125165584e-07,True
0,0,0.9340679049491882,0.3038627505302429,0.30386123061180115,1.519918441772461e-06,0.9340679049491882,1.5586908830300672e-07,0.036010947078466415,2.2410354461044335e-08,0.02554149739444256,4.770434713918803e-08,0.0019046139204874635,5.282513870774608e-10,0.0024750425945967436,8.037938092897434e-10,True
2,3,0.5092547535896301,0.9689658880233765,0.9689497351646423,1.615285873413086e-05,1.4572035979654174e-05,2.9883303405593697e-13,0.0005242637125775218,2.126626097442852e-10,0.37118586897850037,7.5324396675569005e-06,0.5092547535896301,5.871509529242758e-06,0.1190204992890358,1.8935453738322394e-07,False
2,0,0.6349560022354126,0.9822412729263306,0.982227623462677,1.3649463653564453e-05,0.6349560022354126,5.024442998546874e-06,0.14665280282497406,2.0766674424521625e-07,0.1985776424407959,3.2604136777081294e-06,0.011037059128284454,1.9794976324760682e-08,0.008776540867984295,1.0364463953749237e-08,False
0,2,0.5721957087516785,1.2115929126739502,1.211548089981079,4.482269287109375e-05,0.21325670182704926,1.2223926205479074e-05,0.08055518567562103,6.216251335899869e-07,0.5721957087516785,8.49366460897727e-06,0.07986361533403397,8.1543885244173e-07,0.05412879213690758,2.500040352515498e-07,False
2,2,0.7918594479560852,0.6937900185585022,0.6937752962112427,1.4722347259521484e-05,0.0012037580600008368,1.9343107116043257e-09,0.02806878089904785,3.913475836725411e-07,0.7918594479560852,1.084162818187906e-06,0.14067678153514862,1.6609701560810208e-06,0.03819126635789871,8.835348808133858e-08,True
2,2,0.8107113242149353,0.6676420569419861,0.6676352620124817,6.794929504394531e-06,0.002925387118011713,3.5000389253525555e-09,0.030104493722319603,1.8634496257163846e-07,0.8107113242149353,3.552846692400635e-07,0.11975772678852081,6.403990369108215e-07,0.036501094698905945,4.431311140251637e-08,True
0,0,0.955012321472168,0.21959653496742249,0.21959583461284637,7.003545761108398e-07,0.955012321472168,4.7956596915810223e-08,0.029829710721969604,1.3232135387397648e-08,0.013119536451995373,1.0120299265281574e-08,0.0008422259124927223,8.367881387805198e-11,0.0011962224962189794,1.519211145772914e-10,True
0,0,0.957112729549408,0.2077082097530365,0.20770759880542755,6.109476089477539e-07,0.957112729549408,4.800251574010872e-08,0.030972883105278015,1.8407996904556967e-08,0.010479814372956753,7.500497112289395e-09,0.0005896819639019668,3.892218491952093e-11,0.0008449883316643536,6.740477620503782e-11,True
2,3,0.6496672034263611,0.865693986415863,0.8656797409057617,1.424551010131836e-05,5.64938488878397e-07,4.124196273340696e-16,6.023926107445732e-05,3.2913164381420668e-12,0.2409362643957138,5.3547519200947136e-06,0.6496672034263611,4.384749900054885e-06,0.109335757791996,1.1683340517265606e-07,False
0,0,0.9600266814231873,0.2020498663187027,0.20204845070838928,1.4156103134155273e-06,0.9600266814231873,9.029797354287439e-08,0.02446620911359787,1.7119871742465875e-08,0.013437718152999878,2.4315601976354628e-08,0.0008547473698854446,1.5544501796860288e-10,0.0012146772351115942,2.6480276305029804e-10,True
0,0,0.9298862814903259,0.30137553811073303,0.30137333273887634,2.205371856689453e-06,0.9298862814903259,2.436443935494026e-07,0.052784670144319534,7.729921236432347e-08,0.015074536204338074,4.003700482257955e-08,0.000954153947532177,2.4148985589000915e-10,0.0013004731154069304,3.6393202340612163e-10,True
0,0,0.9131280779838562,0.3756380081176758,0.37563610076904297,1.9073486328125e-06,0.9131280779838562,2.1683790407678316e-07,0.04642361402511597,2.0101344588852044e-08,0.034740351140499115,9.013213286834798e-08,0.002563993213698268,8.631461101415994e-10,0.0031438798177987337,1.135946559038814e-09,True
0,0,0.7468785643577576,0.8170058131217957,0.8169906735420227,1.5139579772949219e-05,0.7468785643577576,4.768416602018988e-06,0.0809745341539383,6.970532240302418e-08,0.14551669359207153,2.6760974378703395e-06,0.013484862633049488,4.394050989731113e-08,0.013145308010280132,3.5033327350220134e-08,True
0,0,0.9741056561470032,0.13163553178310394,0.13163475692272186,7.748603820800781e-07,0.9741056561470032,3.616406729634036e-08,0.022514304146170616,2.1352647650019208e-08,0.003000706434249878,1.7121347672954812e-09,0.00014028970326762646,6.617139561987395e-12,0.00023907334252726287,1.6670951077935037e-11,True
1,0,0.8768619894981384,0.47371649742126465,0.4737117290496826,4.76837158203125e-06,0.8768619894981384,7.334759288823989e-07,0.0786694809794426,9.874931805597953e-08,0.03911679983139038,2.512616390504263e-07,0.002498932648450136,1.869090215933511e-09,0.0028528000693768263,2.092004125486824e-09,False
0,0,0.9671819806098938,0.1744285225868225,0.17442674934864044,1.773238182067871e-06,0.9671819806098938,9.200002182296885e-08,0.019509514793753624,1.4590855634821764e-08,0.01091710478067398,2.345189464847408e-08,0.0009293771581724286,2.622967121279629e-10,0.0014619779540225863,5.388910429005023e-10,True
3,3,0.7829294204711914,0.6702998280525208,0.6702815890312195,1.823902130126953e-05,3.580601770636349e-08,7.77147683304084e-18,4.653722044167807e-06,7.554672626407591e-14,0.08940362185239792,2.7864887215400813e-06,0.7829294204711914,4.127346983295865e-06,0.1276622861623764,2.2347366268604674e-07,True
0,0,0.9571020007133484,0.20607134699821472,0.2060699760913849,1.3709068298339844e-06,0.9571020007133484,8.88860185455087e-08,0.032636407762765884,2.742145888134928e-08,0.008699560537934303,1.3122980924151761e-08,0.0006126557709649205,1.1478582667701076e-10,0.0009493635152466595,2.380674268831484e-10,True
0,0,0.9737868309020996,0.13359364867210388,0.13359332084655762,3.2782554626464844e-07,0.9737868309020996,1.2866079757145599e-08,0.022695396095514297,8.777679028071361e-09,0.0029436901677399874,5.549306014707156e-10,0.00020051964384038,3.5802168521503752e-12,0.0003735320351552218,1.0078420736858718e-11,True
0,0,0.9316065907478333,0.30819910764694214,0.308195024728775,4.082918167114258e-06,0.9316065907478333,4.397768691433157e-07,0.04016991704702377,6.763563220602009e-08,0.02494998835027218,1.3403077048224077e-07,0.0014606533804908395,7.681077440757633e-10,0.0018128373194485903,9.937769496204396e-10,True
0,0,0.9817482233047485,0.10205934941768646,0.10205888748168945,4.6193599700927734e-07,0.9817482233047485,1.609076960562561e-08,0.014626122079789639,8.281525687436897e-09,0.0031155848409980536,1.2158680728902027e-09,0.00018214363080915064,6.249910745187437e-12,0.0003279607626609504,1.6806118996459674e-11,True
0,0,0.9803662300109863,0.10847023874521255,0.10846997797489166,2.60770320892334e-07,0.9803662300109863,9.132385514476482e-09,0.01574057713150978,4.955029719866388e-09,0.003285209881141782,7.736711826744624e-10,0.00021466285397764295,5.362146490717201e-12,0.0003933579719159752,1.5561777561012846e-11,True
0,0,0.9647407531738281,0.17116272449493408,0.1711619645357132,7.599592208862305e-07,0.9647407531738281,4.217088189761853e-08,0.02949567139148712,2.1977541564410785e-08,0.004949391819536686,2.690693445828174e-09,0.0003065048367716372,1.3851174547607759e-11,0.0005076139932498336,3.027205222605467e-11,True
0,0,0.9599689841270447,0.2044764757156372,0.20447508990764618,1.385807991027832e-06,0.9599689841270447,8.567301534867511e-08,0.023160669952630997,1.4193506814308421e-08,0.01419528853148222,2.4167135848074395e-08,0.0010829106904566288,2.357457840052035e-10,0.001592164277099073,4.461464253591174e-10,True
2,0,0.971230685710907,0.14183950424194336,0.1418391615152359,3.427267074584961e-07,0.971230685710907,1.223624224166997e-08,0.02566112019121647,6.7333369990763e-09,0.0026688703801482916,6.839028787730683e-10,0.00015537606668658555,3.75123413234868e-12,0.0002838843211065978,1.0782015037735793e-11,False
0,0,0.9211103320121765,0.3387960195541382,0.33879363536834717,2.384185791015625e-06,0.9211103320121765,2.662294775745977e-07,0.0525527186691761,4.984607926417084e-08,0.02292071096599102,6.971302468627982e-08,0.001501453691162169,5.365606292606628e-10,0.0019147467100992799,7.54609263964312e-10,True
0,2,0.8040251135826111,0.7353861331939697,0.7353808283805847,5.304813385009766e-06,0.02468402124941349,1.279929193742646e-07,0.030564377084374428,7.652425892956671e-08,0.8040251135826111,1.2015270556275937e-07,0.09837700426578522,2.647451822213043e-07,0.04234955087304115,3.6563761796060135e-08,False
0,0,0.6350888609886169,0.9904348850250244,0.9904041290283203,3.075599670410156e-05,0.6350888609886169,1.2123526175855659e-05,0.0938505306839943,7.074055474731722e-08,0.2369031012058258,8.118112418742385e-06,0.018556365743279457,1.1602595151316564e-07,0.015601152554154396,6.949846209636235e-08,True
2,2,0.48510971665382385,0.9460065364837646,0.9459843635559082,2.2172927856445312e-05,2.9537010050262325e-05,1.791014168570082e-12,0.0009714026236906648,1.045003528155064e-09,0.48510971665382385,1.0954703611787409e-05,0.41893860697746277,8.75901423569303e-06,0.09495075792074203,1.8657520683973416e-07,True
2,2,0.7917700409889221,0.7600657939910889,0.7600590586662292,6.735324859619141e-06,0.020671866834163666,9.5411017753122e-08,0.032470788806676865,1.3175234414575243e-07,0.7917700409889221,1.1786600140339942e-07,0.10863270610570908,4.3649978920257126e-07,0.04645463451743126,6.090819226756139e-08,True
0,0,0.9617342948913574,0.1897057741880417,0.18970513343811035,6.407499313354492e-07,0.9617342948913574,4.045387314022264e-08,0.028914455324411392,1.6493471477474486e-08,0.007420001085847616,4.138259068753314e-09,0.000712956883944571,5.6018523153511524e-11,0.0012182992650195956,1.3331924453297006e-10,True
1,0,0.9245506525039673,0.3162420392036438,0.3162388503551483,3.1888484954833984e-06,0.9245506525039673,3.3801777021835733e-07,0.05768054723739624,1.0352572132887872e-07,0.015795467421412468,5.947590508981193e-08,0.0008554863161407411,2.9829985703777595e-10,0.0011178288841620088,4.353659377454022e-10,False
3,3,0.599263608455658,0.9302143454551697,0.9301919341087341,2.2411346435546875e-05,4.1686530494189356e-06,4.96579096202418e-14,0.00017865891277324408,4.974371956012469e-11,0.26654598116874695,8.770996828388888e-06,0.599263608455658,7.644326615263708e-06,0.13400761783123016,1.7051407041890343e-07,True
4,3,0.7249155640602112,0.7788985371589661,0.7788752913475037,2.3245811462402344e-05,2.928579476701998e-07,4.647400848623593e-16,1.6292106010951102e-05,7.985293741345767e-13,0.13237249851226807,5.22261916557909e-06,0.7249155640602112,6.250689239095664e-06,0.142695352435112,1.2184951003746392e-07,False
0,0,0.9665388464927673,0.169830322265625,0.16982975602149963,5.662441253662109e-07,0.9665388464927673,3.4349675104294874e-08,0.024509621784090996,1.0384402671093085e-08,0.007946684956550598,6.243182415488491e-09,0.0004052522126585245,2.7362395335628342e-11,0.000599684368353337,5.1792209410095325e-11,True
0,0,0.972224235534668,0.14787620306015015,0.14787568151950836,5.21540641784668e-07,0.972224235534668,2.5572555628627924e-08,0.019884293898940086,1.0656568960598634e-08,0.006597955711185932,2.871634263712508e-09,0.0004854123981203884,2.29755537511922e-11,0.0008081058040261269,5.362435495648299e-11,True
2,0,0.9230189323425293,0.33690136671066284,0.33689913153648376,2.2351741790771484e-06,0.9230189323425293,2.718253711009311e-07,0.047518353909254074,5.563601845892663e-08,0.025502070784568787,6.902093474536741e-08,0.0017418081406503916,5.1818704882578e-10,0.002218832029029727,6.998175927641626e-10,False
0,0,0.9400413632392883,0.2601659297943115,0.2601642608642578,1.6689300537109375e-06,0.9400413632392883,1.3727915870731522e-07,0.049063172191381454,5.1310895088363395e-08,0.009584425017237663,1.902780866203102e-08,0.0005385151016525924,9.728853139767679e-11,0.000772520259488374,1.6835313698670973e-10,True
0,0,0.9757598042488098,0.13481342792510986,0.13481296598911285,4.6193599700927734e-07,0.9757598042488098,1.9122870398291525e-08,0.015504138544201851,4.3210790501291285e-09,0.007299508899450302,3.915738400195323e-09,0.000543726549949497,3.975810999867768e-11,0.0008928370662033558,9.356352498324227e-11,True
0,0,0.9429510235786438,0.2621603012084961,0.2621597349643707,5.662441253662109e-07,0.9429510235786438,5.6978890938808036e-08,0.04029848799109459,1.8499809684158208e-08,0.01420728862285614,9.608524642601424e-09,0.0010442155180498958,8.335335199838312e-11,0.0014990913914516568,1.4702310202618918e-10,True
0,0,0.9362711906433105,0.26802772283554077,0.2680259943008423,1.7285346984863281e-06,0.9362711906433105,1.7575011668213847e-07,0.05428304150700569,8.766063785969891e-08,0.008331568911671638,1.2890757794536967e-08,0.0004533480969257653,6.381768030694346e-11,0.0006608652765862644,1.1521255477431325e-10,True
0,0,0.9728173613548279,0.14689457416534424,0.14689388871192932,6.854534149169922e-07,0.9728173613548279,3.166692863487697e-08,0.01838933862745762,7.2952075491627966e-09,0.00730897719040513,6.393209961430557e-09,0.0005601021694019437,6.42580016974037e-11,0.0009242441738024354,1.504737168200876e-10,True
0,0,0.8799955248832703,0.478715181350708,0.4787084758281708,6.705522537231445e-06,0.8799955248832703,1.0418477813800564e-06,0.0671648383140564,9.037342607598475e-08,0.04421207308769226,3.789057529957063e-07,0.0038994865026324987,5.867854202534772e-09,0.004728097002953291,7.606804075521723e-09,True
0,0,0.9845895171165466,0.08836574852466583,0.08836516737937927,5.811452865600586e-07,0.9845895171165466,1.5171487177667586e-08,0.012612844817340374,7.56356755005072e-09,0.002370209665969014,1.1148127976312594e-09,0.00014696037396788597,5.852424881519491e-12,0.0002804436080623418,1.7026864293501198e-11,True
0,0,0.9643759727478027,0.1745389699935913,0.17453837394714355,5.960464477539062e-07,0.9643759727478027,3.002250537065265e-08,0.028798118233680725,1.3524109832019349e-08,0.005887656006962061,2.98691738009893e-09,0.0003587046230677515,1.685945827389901e-11,0.0005795113975182176,3.627071559764161e-11,True
0,0,0.9273395538330078,0.3193727433681488,0.31936943531036377,3.3080577850341797e-06,0.9273395538330078,3.8237448052313994e-07,0.048322197049856186,9.334324602150446e-08,0.02077205665409565,7.801800450124574e-08,0.0015265190741047263,5.696236260455123e-10,0.002039654878899455,7.91970766744754e-10,True
2,3,0.4883870780467987,0.9482365846633911,0.9482219815254211,1.4603137969970703e-05,8.755478120292537e-06,1.3427327554948326e-13,0.0004218689282424748,1.6188211882095516e-10,0.411766916513443,7.058629307721276e-06,0.4883870780467987,6.128715540398844e-06,0.09941540658473969,5.8523518475794845e-08,False
0,0,0.9678558707237244,0.16036918759346008,0.16036859154701233,5.960464477539062e-07,0.9678558707237244,2.6927226670636628e-08,0.026127133518457413,1.014998929349531e-08,0.005270366091281176,3.6048484197692687e-09,0.00028693463536910713,1.795041372487649e-11,0.0004597058577928692,3.953568722403489e-11,True
0,0,0.9071555137634277,0.38872063159942627,0.3887128531932831,7.778406143188477e-06,0.9071555137634277,1.055623101819947e-06,0.059195179492235184,1.618086145072084e-07,0.028103608638048172,2.7476184527586156e-07,0.0024073298554867506,3.3021827494650324e-09,0.00313841481693089,4.63126825778204e-09,True
0,0,0.9588832259178162,0.20522183179855347,0.20521919429302216,2.637505531311035e-06,0.9588832259178162,1.604245483122213e-07,0.026706600561738014,2.849968616658316e-08,0.012428265996277332,4.2746194139908766e-08,0.0008116325479932129,3.1231553454524885e-10,0.0011702560586854815,5.555849669214297e-10,True
0,0,0.9504643678665161,0.22212432324886322,0.22212310135364532,1.2218952178955078e-06,0.9504643678665161,9.720808691326965e-08,0.04179659113287926,4.9803237089918184e-08,0.006792312953621149,7.464458384731643e-09,0.00037597594200633466,3.4168660956179764e-11,0.0005707596428692341,6.495146781526628e-11,True
0,0,0.9323711395263672,0.29309776425361633,0.293096125125885,1.6391277313232422e-06,0.9323711395263672,1.6313046558025235e-07,0.0501377172768116,4.832784838981752e-08,0.015709642320871353,3.18283071010228e-08,0.000779409019742161,1.2454161313346646e-10,0.0010020638583227992,1.7333567914334935e-10,True
2,2,0.7615053057670593,0.7814873456954956,0.7814730405807495,1.430511474609375e-05,0.003672753693535924,1.3620537586689352e-08,0.03605608642101288,5.286734676701599e-07,0.7615053057670593,4.312333601319551e-07,0.14842379093170166,1.443672772438731e-06,0.05034206062555313,7.26534210571117e-08,True
2,2,0.7226266860961914,0.920315146446228,0.9202919006347656,2.3245811462402344e-05,0.025843793526291847,2.9327406991797034e-07,0.13576999306678772,3.3020378396031447e-06,0.7226266860961914,1.7580319990884163e-06,0.08142820745706558,6.630993425460474e-07,0.034331291913986206,8.851048249880478e-08,True
0,0,0.9671184420585632,0.1726798117160797,0.17267894744873047,8.642673492431641e-07,0.9671184420585632,4.765150762864323e-08,0.021859072148799896,1.3457113645642949e-08,0.008761470206081867,7.132086921046721e-09,0.0008447716827504337,1.0743043954430931e-10,0.0014162297593429685,2.5277527293532387e-10,True
2,2,0.6620990633964539,0.8577631711959839,0.8577472567558289,1.5914440155029297e-05,0.0004822717164643109,3.3612607142075035e-10,0.008565223775804043,4.902558359276554e-08,0.6620990633964539,5.01418617204763e-06,0.25547781586647034,4.382412498671329e-06,0.0733756422996521,1.6095656008019432e-07,True
0,0,0.9186631441116333,0.3411792516708374,0.341177761554718,1.4901161193847656e-06,0.9186631441116333,1.7171257127301942e-07,0.05896506831049919,5.187027696251789e-08,0.019193261861801147,3.101359169477291e-08,0.0013580570230260491,2.9688215774648086e-10,0.0018204564694315195,4.764746930341346e-10,True
0,2,0.5761403441429138,1.1127047538757324,1.1126127243041992,9.202957153320312e-05,0.02288907766342163,1.8254368114867248e-06,0.02552434243261814,1.08705171442125e-06,0.5761403441429138,5.74191926716594e-06,0.23702938854694366,1.1726559023372829e-05,0.13841691613197327,1.7762305333235417e-06,False
0,0,0.944279670715332,0.2478243112564087,0.24782314896583557,1.1622905731201172e-06,0.944279670715332,9.498118203055128e-08,0.0444742850959301,3.871021192480839e-08,0.009995223954319954,1.3766734419107252e-08,0.0005199324223212898,6.196443358419401e-11,0.0007309620268642902,1.0423658464153718e-10,True
0,0,0.9343754053115845,0.30132144689559937,0.30132007598876953,1.3709068298339844e-06,0.9343754053115845,1.3574974389030103e-07,0.03547130152583122,1.573558705558753e-08,0.026411427184939384,5.1603048945025876e-08,0.0016636565560474992,3.651489666189889e-10,0.0020782488863915205,4.964905153670429e-10,True
0,0,0.9794643521308899,0.11082643270492554,0.11082568019628525,7.525086402893066e-07,0.9794643521308899,2.508161323078184e-08,0.017165353521704674,1.2761301348973575e-08,0.0029503023251891136,1.7992112244513692e-09,0.0001521958183730021,7.122762015615569e-12,0.0002677591983228922,1.7877728811233062e-11,True
0,0,0.9236923456192017,0.31838664412498474,0.31838536262512207,1.2814998626708984e-06,0.9236923456192017,1.4533782177750254e-07,0.05903545022010803,5.185372131677468e-08,0.01513739675283432,2.2753244621753765e-08,0.0009118697489611804,1.0668392558255135e-10,0.001223006402142346,1.4759612976256165e-10,True
0,2,0.6938056945800781,0.9678671956062317,0.9678571820259094,1.0013580322265625e-05,0.021702086552977562,1.5384853213618044e-07,0.042584121227264404,2.810865851188282e-07,0.6938056945800781,3.9109565364015e-07,0.1621132344007492,8.53627000196866e-07,0.07979489117860794,1.5382931906060548e-07,False
2,2,0.5649839043617249,1.0035160779953003,1.0034887790679932,2.7298927307128906e-05,0.05497393757104874,7.866055966587737e-07,0.33942267298698425,7.296493549802108e-06,0.5649839043617249,9.427347322343849e-06,0.02869676984846592,1.1494695684177714e-07,0.011922786943614483,1.5688742749375706e-08,True
0,0,0.9199028015136719,0.3483709394931793,0.34836745262145996,3.4868717193603516e-06,0.9199028015136719,4.328362308569922e-07,0.047113869339227676,6.756823722753325e-08,0.028923097997903824,1.3415780131253996e-07,0.0018237110925838351,7.694788695111754e-10,0.0022365485783666372,9.230105568747149e-10,True
0,0,0.9656257629394531,0.16738849878311157,0.16738732159137726,1.1771917343139648e-06,0.9656257629394531,6.390616391627191e-08,0.028894448652863503,3.336630527428497e-08,0.004732930101454258,4.011255327895924e-09,0.00028045193175785244,2.6538779854257122e-11,0.00046628477866761386,6.462921170458102e-11,True
0,0,0.967973530292511,0.1678737998008728,0.16787323355674744,5.662441253662109e-07,0.967973530292511,3.239191315174139e-08,0.020855499431490898,9.203007245162098e-09,0.009659423492848873,6.014345022009593e-09,0.000603917462285608,3.3739018523437636e-11,0.0009076554561033845,6.36925512331743e-11,True
0,0,0.9743573069572449,0.1370389759540558,0.13703827559947968,7.003545761108398e-07,0.9743573069572449,3.144893412354577e-08,0.019222749397158623,1.2238300151068415e-08,0.005454665515571833,3.602715015205149e-09,0.00036095615359954536,2.7882618089392075e-11,0.0006043568719178438,6.77913558622123e-11,True
0,0,0.9814629554748535,0.10399117320775986,0.10399065166711807,5.21540641784668e-07,0.9814629554748535,1.424149331796798e-08,0.014581683091819286,5.693360893843646e-09,0.00334752700291574,1.5979300105328775e-09,0.00021581929468084127,9.82554055478646e-12,0.0003919669834431261,2.6176245199183157e-11,True
3,3,0.7846892476081848,0.6659168004989624,0.6659051775932312,1.1622905731201172e-05,3.427616590556681e-08,4.3643538043400336e-18,3.948034191125771e-06,3.4825776567019504e-14,0.08626306802034378,1.7370971363561694e-06,0.7846892476081848,2.394075636402704e-06,0.12904369831085205,1.4692561478568678e-07,True
0,0,0.6409099698066711,0.9977256655693054,0.99770587682724,1.9788742065429688e-05,0.6409099698066711,7.917525181255769e-06,0.09285750240087509,6.583599088116898e-08,0.2265242636203766,4.983008693670854e-06,0.021144840866327286,8.603854695365953e-08,0.01856345497071743,5.308220352162607e-08,True
0,0,0.9350578188896179,0.28423553705215454,0.28423428535461426,1.2516975402832031e-06,0.9350578188896179,1.1938584520976292e-07,0.04848356917500496,3.343598464766728e-08,0.01458307821303606,2.18273914498468e-08,0.0008032068726606667,1.1035927727220951e-10,0.001072283717803657,1.6716523998372423e-10,True
0,0,0.8823771476745605,0.45945122838020325,0.45944806933403015,3.159046173095703e-06,0.8823771476745605,5.122589641359809e-07,0.07201454043388367,7.122103085066556e-08,0.0407789908349514,1.767647859196586e-07,0.0022898924071341753,9.656155874893102e-10,0.00253947451710701,1.0133693884029071e-09,True
0,0,0.9083544015884399,0.3826516270637512,0.38264918327331543,2.4437904357910156e-06,0.9083544015884399,3.5056282854384335e-07,0.05833376199007034,7.410114477579555e-08,0.028821129351854324,8.049576649682422e-08,0.0020022352691739798,6.702419175219632e-10,0.0024884622544050217,8.854699196092497e-10,True
0,0,0.9755190014839172,0.13113932311534882,0.13113902509212494,2.980232238769531e-07,0.9755190014839172,1.1762281815208553e-08,0.018848147243261337,4.924234353609336e-09,0.0047890860587358475,1.3363565809498823e-09,0.0003113604325335473,9.26814441165602e-12,0.0005324233206920326,2.3599219800551907e-11,True
0,0,0.9458168148994446,0.2385970950126648,0.238595113158226,1.9818544387817383e-06,0.9458168148994446,1.639503324213365e-07,0.04574473202228546,7.52882556298573e-08,0.007132034283131361,1.3259729314540891e-08,0.0005042579141445458,1.1374417380194402e-10,0.000802159309387207,2.4709501111885857e-10,True
0,0,0.9269108176231384,0.32945334911346436,0.32945090532302856,2.4437904357910156e-06,0.9269108176231384,2.6461614766049024e-07,0.03918503597378731,3.0734042866242817e-08,0.028979677706956863,9.479551721369717e-08,0.0021598085295408964,8.573904364261864e-10,0.002764695091173053,1.2025863638243095e-09,True
0,0,0.9309698343276978,0.30538520216941833,0.305382639169693,2.562999725341797e-06,0.9309698343276978,2.8526235951176204e-07,0.04698991775512695,6.848849665175294e-08,0.018956664949655533,5.799665814265609e-08,0.0013168933801352978,4.1464498501397884e-10,0.0017667555948719382,6.129656227038538e-10,True
1,2,0.767616868019104,0.7601367235183716,0.7601200342178345,1.6689300537109375e-05,0.016211429610848427,1.1453952453166494e-07,0.15756164491176605,3.220053940822254e-06,0.767616868019104,2.802842118398985e-06,0.04403524473309517,1.4862486352740234e-07,0.014574863016605377,1.1595543192299829e-08,False
0,0,0.9601936340332031,0.2016438990831375,0.2016432285308838,6.705522537231445e-07,0.9601936340332031,4.425532651453068e-08,0.02619948983192444,1.0794042104578239e-08,0.010820822790265083,8.368020942839394e-09,0.001063755014911294,1.3946399590736291e-10,0.001722335466183722,3.2169877872689767e-10,True
0,0,0.9799590110778809,0.10682905465364456,0.10682828724384308,7.674098014831543e-07,0.9799590110778809,2.769324325413436e-08,0.017666777595877647,1.7464396151467554e-08,0.001970805926248431,8.720937860751121e-10,0.00013403552293311805,5.902428719395392e-12,0.00026934396009892225,1.921129921811371e-11,True
0,0,0.7747501730918884,0.7118534445762634,0.711847722530365,5.7220458984375e-06,0.7747501730918884,1.3641987379742204e-06,0.14291468262672424,2.6020575205620844e-07,0.07477384805679321,5.370255848902161e-07,0.0038642261642962694,2.7133346680585646e-09,0.003697118954733014,2.142484856193505e-09,True
2,2,0.7835680246353149,0.7414649724960327,0.7414531111717224,1.1861324310302734e-05,0.008613431826233864,2.8451337286128364e-08,0.12745939195156097,2.0779882561328122e-06,0.7835680246353149,1.296348386858881e-06,0.061114486306905746,1.829866249636325e-07,0.019244661554694176,1.2367260993073614e-08,True
1,1,0.4235447943210602,1.1310875415802002,1.1310752630233765,1.2278556823730469e-05,0.21045957505702972,2.3954949028848205e-06,0.4235447943210602,1.2281880117370747e-06,0.3512113094329834,3.727969669853337e-06,0.009829591028392315,7.2389449989884724e-09,0.004954732954502106,1.5847330114837632e-09,True
0,0,0.9584633708000183,0.1972348690032959,0.197234109044075,7.599592208862305e-07,0.9584633708000183,4.4344901084514277e-08,0.033536411821842194,2.1918637571616273e-08,0.006839890033006668,4.4315138225670125e-09,0.00044753748807124794,2.974023805002446e-11,0.0007127385470084846,6.352036258094884e-11,True
0,0,0.9794788360595703,0.11116001754999161,0.11115963757038116,3.7997961044311523e-07,0.9794788360595703,1.1346160455616427e-08,0.017035147175192833,6.855268352978783e-09,0.0029901033267378807,7.03348213004773e-10,0.00017629849025979638,3.2884031869045982e-12,0.000319561455398798,8.691528399773496e-12,True
0,0,0.9667611122131348,0.16714051365852356,0.1671391874551773,1.3262033462524414e-06,0.9667611122131348,6.884607017809685e-08,0.025964124128222466,2.742800830901615e-08,0.0061628627590835094,7.594442408276336e-09,0.0004208992177154869,5.290967663995616e-11,0.0006909553776495159,1.1597485471970259e-10,True
1,2,0.5267055034637451,0.991264820098877,0.9912492632865906,1.5556812286376953e-05,0.0614413321018219,3.012407887581503e-07,0.38453802466392517,5.145453542354517e-06,0.5267055034637451,6.012290214130189e-06,0.019518747925758362,4.375585049842812e-08,0.0077964081428945065,6.432760102370594e-09,False
0,0,0.9348781704902649,0.2874988913536072,0.28749796748161316,9.238719940185547e-07,0.9348781704902649,9.824319135987025e-08,0.0466742105782032,3.5259517972008325e-08,0.016393302008509636,1.5765003524847998e-08,0.0008923874120227993,6.856154532997039e-11,0.0011619528522714972,9.485045388002433e-11,True
0,0,0.8388944864273071,0.5895976424217224,0.5895867347717285,1.0907649993896484e-05,0.8388944864273071,2.423149453534279e-06,0.08419688791036606,2.116044441891063e-07,0.06692864745855331,9.3101812126406e-07,0.004821572918444872,9.502744369171978e-09,0.005158481653779745,9.405054512967581e-09,True
0,0,0.9756771326065063,0.13056010007858276,0.13055908679962158,1.0132789611816406e-06,0.9756771326065063,4.548001442117311e-08,0.01850743778049946,1.861954679327482e-08,0.005052880384027958,4.813073495313347e-09,0.00028803281020373106,2.170974164328321e-11,0.0004745406622532755,4.779121889897375e-11,True
2,2,0.47441086173057556,1.2252676486968994,1.2252386808395386,2.8967857360839844e-05,0.26197585463523865,7.698585250182077e-06,0.2098131626844406,1.0386038411525078e-06,0.47441086173057556,9.11694769456517e-06,0.03334968909621239,1.7188519052524498e-07,0.020450443029403687,5.4156359396984044e-08,True
0,0,0.9592687487602234,0.1943628489971161,0.19436191022396088,9.387731552124023e-07,0.9592687487602234,6.075217839907054e-08,0.03262300789356232,2.657849584863925e-08,0.007080344017595053,6.501601479413921e-09,0.0004056853358633816,3.656011604569187e-11,0.0006222368101589382,7.402136542600246e-11,True
0,0,0.9556217193603516,0.21239975094795227,0.21239934861660004,4.023313522338867e-07,0.9556217193603516,2.7635918442570073e-08,0.03259456902742386,7.380537514478647e-09,0.010438250377774239,6.3859850740755064e-09,0.0005573973758146167,2.566099589762505e-11,0.0007880984921939671,4.161196387464372e-11,True
0,0,0.9463340640068054,0.24930065870285034,0.2492995262145996,1.1324882507324219e-06,0.9463340640068054,8.1416246189292e-08,0.03814937174320221,2.237894847212374e-08,0.013303357176482677,1.762586165909852e-08,0.0009102496551349759,1.3732567860635925e-10,0.00130293273832649,2.354008377114525e-10,True
0,0,0.8480697870254517,0.5278228521347046,0.5278207063674927,2.1457672119140625e-06,0.8480697870254517,4.915107751912728e-07,0.11199887096881866,1.9002686713065486e-07,0.03643706813454628,7.641455113116535e-08,0.001688221120275557,2.880252147896556e-10,0.0018061472801491618,2.8769869819811333e-10,True
0,0,0.917994499206543,0.35887256264686584,0.35886645317077637,6.109476089477539e-06,0.917994499206543,7.567991247015016e-07,0.04484238848090172,7.82277780331242e-08,0.03191005438566208,2.6195934310635494e-07,0.0023391731083393097,2.49788945083651e-09,0.0029139176476746798,3.3223583884023355e-09,True
0,0,0.9490143060684204,0.2377660572528839,0.2377656251192093,4.3213367462158203e-07,0.9490143060684204,3.596002784433949e-08,0.037706516683101654,1.6239473765722323e-08,0.011219482868909836,5.002869229997486e-09,0.0008255736902356148,4.603486689069847e-11,0.0012342293048277497,9.095293268535087e-11,True
0,0,0.930126965045929,0.301466166973114,0.3014638423919678,2.3245811462402344e-06,0.930126965045929,2.590598455753934e-07,0.0522279255092144,9.768420738964778e-08,0.015237155370414257,3.645509849548034e-08,0.0010134333278983831,2.264616272285025e-10,0.0013945776736363769,3.4332847675955236e-10,True
0,0,0.9434815645217896,0.2607715129852295,0.26077061891555786,8.940696716308594e-07,0.9434815645217896,7.626537978921988e-08,0.03844466805458069,1.8955644165430385e-08,0.015919633209705353,1.8252571010179963e-08,0.0009209284908138216,8.884407098896929e-11,0.0012331748148426414,1.3208412141807457e-10,True
0,2,0.4305592477321625,1.1857883930206299,1.1857620477676392,2.6345252990722656e-05,0.41144609451293945,1.1243397239013575e-05,0.07503345608711243,1.2035589236347732e-07,0.4305592477321625,7.875230949139223e-06,0.04714781790971756,2.5107866008511337e-07,0.035813357681035995,1.0852405551986521e-07,False
0,0,0.949441134929657,0.24170126020908356,0.2417004555463791,8.046627044677734e-07,0.949441134929657,7.105730048806436e-08,0.03250030800700188,2.0101230902014322e-08,0.015705440193414688,1.3381148633584417e-08,0.0009929193183779716,8.952832919462139e-11,0.0013602497056126595,1.4234619039044105e-10,True
0,0,0.9323872923851013,0.29484617710113525,0.2948448061943054,1.3709068298339844e-06,0.9323872923851013,1.3069379178887175e-07,0.050258468836545944,5.693211235779927e-08,0.014827447012066841,1.8633631526654426e-08,0.0010524536482989788,1.4972656448009047e-10,0.0014743355568498373,2.4641269580349956e-10,True
0,0,0.9150030016899109,0.3636983633041382,0.3636954426765442,2.9206275939941406e-06,0.9150030016899109,3.9456213585253863e-07,0.05205791816115379,7.962720616205843e-08,0.028471315279603004,9.927781974283789e-08,0.0019846416544169188,6.714058753409802e-10,0.0024830903857946396,8.371313642285827e-10,True
0,0,0.8761354684829712,0.46315842866897583,0.4631558358669281,2.592802047729492e-06,0.8761354684829712,4.2969358560185356e-07,0.08797013759613037,1.3078742711059022e-07,0.032342579215765,9.571884618253534e-08,0.0016721858410164714,4.5404915938185297e-10,0.001879701390862465,4.975576617383126e-10,True
3,2,0.4504903256893158,0.9534351825714111,0.9534215331077576,1.3649463653564453e-05,1.9446320948190987e-05,5.843040894876195e-13,0.0006864973693154752,3.355301869678584e-10,0.4504903256893158,6.6879424593935255e-06,0.44935664534568787,5.551084541366436e-06,0.09944713115692139,1.0256784577222788e-07,False
0,0,0.8832406997680664,0.47339534759521484,0.4733731746673584,2.2172927856445312e-05,0.8832406997680664,3.72069689547061e-06,0.060820139944553375,2.8117699457652634e-07,0.04638548940420151,1.3084901411275496e-06,0.004308503121137619,2.0469764550057334e-08,0.005245246458798647,2.593515979754102e-08,True
0,0,0.9700781106948853,0.15798920392990112,0.1579882800579071,9.238719940185547e-07,0.9700781106948853,5.276594450265293e-08,0.02027340792119503,1.8699262582799747e-08,0.008340132422745228,7.37229433056541e-09,0.0005149019998498261,3.5156249439394216e-11,0.0007934658788144588,6.49161627230832e-11,True
2,2,0.5234290957450867,0.9232829213142395,0.9232527613639832,3.0159950256347656e-05,2.8653599656536244e-05,2.4262837832605966e-12,0.001355285756289959,2.7960123105685852e-09,0.5234290957450867,1.4653087418992072e-05,0.39120617508888245,1.2081217391823884e-05,0.08398076891899109,2.0177307646918052e-07,True
0,0,0.9391863942146301,0.2760576605796814,0.2760559320449829,1.7285346984863281e-06,0.9391863942146301,1.5766306660225382e-07,0.04142772778868675,3.6956265603294014e-08,0.017026228830218315,3.681038052150143e-08,0.0010144738480448723,1.973024105206278e-10,0.0013451421400532126,2.8576496724497247e-10,True
0,0,0.9243461489677429,0.32126420736312866,0.32126277685165405,1.430511474609375e-06,0.9243461489677429,1.7532319418478437e-07,0.05511373281478882,5.932730928748242e-08,0.018157867714762688,2.6471139946693256e-08,0.0010383367771282792,1.519997877563739e-10,0.0013438529567793012,2.172853286186438e-10,True
0,0,0.9176809191703796,0.3409428596496582,0.3409411907196045,1.6689300537109375e-06,0.9176809191703796,2.2123784049199458e-07,0.06108184531331062,7.819222958005412e-08,0.01868591085076332,3.1964219715518993e-08,0.0011151324724778533,1.7784057559921962e-10,0.0014362024376168847,2.4954896482576316e-10,True
0,0,0.9651504755020142,0.16851842403411865,0.16851705312728882,1.3709068298339844e-06,0.9651504755020142,7.259188095076752e-08,0.029549216851592064,3.308838358861976e-08,0.004634034354239702,5.9699547527714e-09,0.0002532587095629424,3.192345693348031e-11,0.00041295672417618334,7.352923825365565e-11,True
0,0,0.9728708267211914,0.14058420062065125,0.1405833661556244,8.344650268554688e-07,0.9728708267211914,3.865883257958558e-08,0.021720116958022118,1.682713524076007e-08,0.004760461393743753,4.300328093620465e-09,0.0002474261273164302,1.733441168383365e-11,0.0004012272402178496,3.709667642515235e-11,True
0,0,0.9653510451316833,0.17620617151260376,0.17620567977428436,4.917383193969727e-07,0.9653510451316833,2.625381867460419e-08,0.024881085380911827,7.967915216511301e-09,0.008327122777700424,4.478485138292854e-09,0.0005631446838378906,3.686349489551155e-11,0.0008776143076829612,7.789634909327603e-11,True
0,0,0.9268742799758911,0.32873356342315674,0.3287322223186493,1.341104507446289e-06,0.9268742799758911,1.1814486100547583e-07,0.03826476261019707,1.3314440217016e-08,0.030371785163879395,5.943414294051763e-08,0.0020110905170440674,4.631830752277466e-10,0.002478100825101137,6.117917838999176e-10,True
0,0,0.9041935205459595,0.3811723291873932,0.3811682462692261,4.082918167114258e-06,0.9041935205459595,5.907274953642627e-07,0.07010834664106369,1.632122206274289e-07,0.023277398198843002,1.1522796228291554e-07,0.0011128609767183661,4.2502895647444916e-10,0.0013079176424071193,4.840570722031146e-10,True
0,0,0.964500367641449,0.17562003433704376,0.17561891674995422,1.1175870895385742e-06,0.964500367641449,6.509921490760462e-08,0.02803872898221016,2.8985114752799745e-08,0.006298545747995377,6.212780956360575e-09,0.0004400496545713395,4.668636657823022e-11,0.0007223088177852333,1.0474619782652184e-10,True
0,0,0.949070155620575,0.2323930859565735,0.23239222168922424,8.642673492431641e-07,0.949070155620575,6.590723700128365e-08,0.03994346782565117,2.5760886757097978e-08,0.009790386073291302,9.201189143936972e-09,0.0004973541363142431,3.9409753238572875e-11,0.0006986181251704693,6.588978668231604e-11,True
0,0,0.9875588417053223,0.07342942804098129,0.07342918962240219,2.384185791015625e-07,0.9875588417053223,6.674065300416032e-09,0.010504885576665401,3.9446304000989585e-09,0.0015976995928213,3.354257704923924e-10,0.00010924984235316515,2.157896474355714e-12,0.0002293703582836315,7.657853517972768e-12,True
0,2,0.4612055718898773,1.124744176864624,1.1247169971466064,2.7179718017578125e-05,0.15061844885349274,2.8631484383367933e-06,0.36109790205955505,4.116589934710646e-06,0.4612055718898773,1.0374552402936388e-05,0.018176039680838585,5.702914762650835e-08,0.008902005851268768,1.103258373547078e-08,False
0,0,0.9537405371665955,0.22737619280815125,0.22737418115139008,2.0116567611694336e-06,0.9537405371665955,1.519744046163396e-07,0.027993589639663696,3.12354764275824e-08,0.01576608419418335,3.9559058251370516e-08,0.0010454867733642459,2.9590116468192207e-10,0.0014543663710355759,4.937830699880408e-10,True
0,0,0.9542083144187927,0.21351338922977448,0.21351228654384613,1.1026859283447266e-06,0.9542083144187927,6.919506034819278e-08,0.036659952253103256,2.4004091159213203e-08,0.007791988085955381,9.425694891262992e-09,0.0005226327921263874,7.367662036017464e-11,0.0008170967339538038,1.556531986635079e-10,True
0,0,0.9671145677566528,0.16645032167434692,0.16644980013370514,5.21540641784668e-07,0.9671145677566528,2.988556246918961e-08,0.02522166445851326,9.100713072029976e-09,0.006531713996082544,4.688912813577417e-09,0.00043257520883344114,3.6473563752581484e-11,0.0006995619623921812,8.320993893917716e-11,True
0,0,0.8991681933403015,0.4108661115169525,0.41086480021476746,1.3113021850585938e-06,0.8991681933403015,2.2328840998397936e-07,0.06370215117931366,6.78009541843494e-08,0.03232593461871147,4.1327126609758125e-08,0.0021759921219199896,3.283192606673424e-10,0.002627788810059428,4.1826500596364724e-10,True
2,0,0.979138970375061,0.1108274757862091,0.11082696914672852,5.066394805908203e-07,0.979138970375061,1.6311005879288132e-08,0.018174761906266212,8.492778924562572e-09,0.0022617641370743513,1.0360494684391597e-09,0.00014489384193439037,6.2513583719281396e-12,0.00027958396822214127,1.912912883650364e-11,False
0,0,0.9209080934524536,0.3467239737510681,0.3467196524143219,4.32133674621582e-06,0.9209080934524536,5.182409950066358e-07,0.04343092069029808,5.945108227933815e-08,0.03149133548140526,1.8571360271835147e-07,0.0018980356398969889,1.1264461585724916e-09,0.0022715795785188675,1.357681411739975e-09,True
0,0,0.9276033639907837,0.32309389114379883,0.3230912685394287,2.6226043701171875e-06,0.9276033639907837,3.118595941487001e-07,0.04198771342635155,4.624144622766835e-08,0.026616180315613747,9.55165120331003e-08,0.0016900020418688655,5.818630022247362e-10,0.002102810190990567,7.342310648361661e-10,True
2,2,0.7836777567863464,0.7543694972991943,0.7543317675590515,3.7729740142822266e-05,0.006387653294950724,4.890062754725477e-08,0.10518964380025864,5.572137524723075e-06,0.7836777567863464,1.707279352558544e-06,0.07949669659137726,1.106550257645722e-06,0.025248194113373756,6.40123971606954e-08,True
1,0,0.9112785458564758,0.3549898564815521,0.354987770318985,2.086162567138672e-06,0.9112785458564758,2.7118286993754737e-07,0.0689457356929779,9.467180461797398e-08,0.017599020153284073,4.124035157815342e-08,0.0009582992061041296,2.1244977999046455e-10,0.0012184566585347056,2.977481872168397e-10,False
0,0,0.921333909034729,0.33016160130500793,0.33015933632850647,2.2649765014648438e-06,0.921333909034729,2.935530858394486e-07,0.05689395219087601,1.0569105057811612e-07,0.019703691825270653,4.8742695213377374e-08,0.0009290945017710328,1.6525700252678632e-10,0.00113943952601403,2.0520402044255093e-10,True
0,0,0.8887397646903992,0.44082188606262207,0.44081923365592957,2.652406692504883e-06,0.8887397646903992,4.553354244762886e-07,0.07182013988494873,1.0498938962655302e-07,0.034090545028448105,1.062565857523623e-07,0.0024240275379270315,6.727185475341457e-10,0.0029255133122205734,7.621646092026424e-10,True
0,0,0.8670671582221985,0.523540735244751,0.5235335230827332,7.212162017822266e-06,0.8670671582221985,1.3424811413642601e-06,0.06368004530668259,8.131930684385225e-08,0.05752533674240112,5.339137487681e-07,0.005401718895882368,8.449996258264036e-09,0.0063257175497710705,9.916456988889877e-09,True
2,2,0.7136110067367554,0.7842262983322144,0.7842190861701965,7.212162017822266e-06,0.0004844701907131821,1.221912848681228e-10,0.00844383891671896,2.2627109075301632e-08,0.7136110067367554,2.0765085082530277e-06,0.21835660934448242,1.6890394363144878e-06,0.05910409241914749,9.477607676444677e-08,True
0,0,0.9559559226036072,0.215681254863739,0.21568012237548828,1.1324882507324219e-06,0.9559559226036072,7.565530779629626e-08,0.030049359425902367,1.5869597191908724e-08,0.01179976761341095,1.6885453035797582e-08,0.0008779179188422859,1.6753336218311432e-10,0.0013170900056138635,3.2727334731141866e-10,True
0,0,0.9872212409973145,0.07383223623037338,0.07383210957050323,1.2665987014770508e-07,0.9872212409973145,4.568797340454012e-09,0.011312230490148067,2.953698174934516e-09,0.0011973241344094276,1.4727648267598425e-10,8.390441507799551e-05,1.3617551097161451e-12,0.00018535686831455678,5.886539953398051e-12,True
0,0,0.9825142025947571,0.09615717828273773,0.09615650773048401,6.705522537231445e-07,0.9825142025947571,1.786846226536909e-08,0.015103289857506752,8.962981468130238e-09,0.002076899167150259,1.3127410269930806e-09,0.00010639570973580703,5.562753382926111e-12,0.00019918932230211794,1.628124371433337e-11,True
0,0,0.9732944369316101,0.1458127796649933,0.14581115543842316,1.6242265701293945e-06,0.9732944369316101,7.045176175779488e-08,0.017407627776265144,1.5674650910568744e-08,0.007640257477760315,1.4121636304764706e-08,0.0006228336715139449,1.594433335361245e-10,0.001034849090501666,3.7525116347580934e-10,True
2,2,0.8023074269294739,0.7128238677978516,0.712793231010437,3.063678741455078e-05,0.004625513684004545,3.064257469986842e-08,0.06563854217529297,2.5455533432250377e-06,0.8023074269294739,3.680301290387433e-07,0.097093366086483,1.5030749409561395e-06,0.03033517114818096,9.565339098571712e-08,True
0,0,0.9176727533340454,0.33925700187683105,0.33925575017929077,1.2516975402832031e-06,0.9176727533340454,1.59119082354664e-07,0.06101929023861885,7.040088689791446e-08,0.01939142309129238,2.2148968881197106e-08,0.0008695662836544216,6.660391682622446e-11,0.001046947785653174,8.106502968896478e-11,True
2,2,0.8188003897666931,0.6616036295890808,0.6615987420082092,4.887580871582031e-06,0.012073040939867496,2.26297540706355e-08,0.10818705707788467,6.465963338087022e-07,0.8188003897666931,4.363717778232967e-07,0.0463925302028656,6.310651912144749e-08,0.014546940103173256,5.002840364198846e-09,True
1,0,0.5087288618087769,1.0770628452301025,1.0770530700683594,9.775161743164062e-06,0.5087288618087769,4.0970739974000026e-06,0.2924558222293854,8.254369276983198e-07,0.18708384037017822,1.6951041743595852e-06,0.006910886149853468,3.28489302425794e-09,0.0048206038773059845,1.2073564370496115e-09,False
1,0,0.9149758219718933,0.3536253571510315,0.3536240756511688,1.2814998626708984e-06,0.9149758219718933,1.6770100330631976e-07,0.060039978474378586,4.8508173478012395e-08,0.021970823407173157,3.122865166460542e-08,0.001332853571511805,2.0042115189689014e-10,0.001680490793660283,2.754065309140685e-10,False
0,0,0.9539768099784851,0.22464077174663544,0.22463920712471008,1.564621925354004e-06,0.9539768099784851,1.0608695788505429e-07,0.029605133458971977,1.508122693394398e-08,0.014194530434906483,3.38267724941943e-08,0.0009237079066224396,2.2481612405034213e-10,0.0012999235186725855,3.7172012690156464e-10,True
0,0,0.9600608944892883,0.1953200101852417,0.19531917572021484,8.344650268554688e-07,0.9600608944892883,4.839598588546323e-08,0.03011784516274929,1.3948915800199302e-08,0.0082823745906353,8.46298675583057e-09,0.0005971186910755932,7.947623809068105e-11,0.000941795704420656,1.7262329066181081e-10,True
0,0,0.9696407318115234,0.16250629723072052,0.16250517964363098,1.1175870895385742e-06,0.9696407318115234,5.494656107885021e-08,0.018858985975384712,1.0546708395509086e-08,0.009621871635317802,1.2314574249217003e-08,0.000730622501578182,1.3685405586549848e-10,0.0011477954685688019,3.033153173070957e-10,True
1,2,0.5939197540283203,0.8822337985038757,0.8821997046470642,3.409385681152344e-05,0.020521176978945732,1.5429101551944768e-07,0.3544262647628784,1.3127086276654154e-05,0.5939197540283203,1.2687734852079302e-05,0.023448098450899124,1.1378092068525802e-07,0.007684744894504547,9.251208687999224e-09,False
0,0,0.9021109938621521,0.39583003520965576,0.39582714438438416,2.8908252716064453e-06,0.9021109938621521,4.0378333210355777e-07,0.0671023353934288,8.256099448544774e-08,0.026856733486056328,9.861011562861677e-08,0.0017549953190609813,6.031519172999822e-10,0.0021749448496848345,7.475254859556912e-10,True
0,0,0.9320403337478638,0.29568806290626526,0.2956872582435608,8.046627044677734e-07,0.9320403337478638,7.936813517517294e-08,0.04932534322142601,2.6481629333829915e-08,0.016734512522816658,1.6782792044978123e-08,0.0008347641560249031,7.350414721329912e-11,0.0010650913463905454,1.0578443676578786e-10,True
0,0,0.9676710367202759,0.16296473145484924,0.16296358406543732,1.1473894119262695e-06,0.9676710367202759,6.864232204861764e-08,0.025673866271972656,3.316745278425515e-08,0.0055225626565515995,5.290075044683817e-09,0.0004169664462096989,5.2969500313748696e-11,0.0007156215724535286,1.3423241684851206e-10,True
1,2,0.6605752110481262,0.9480721950531006,0.9480305910110474,4.1604042053222656e-05,0.03053276240825653,4.1825478547252715e-07,0.2401818484067917,1.093660102924332e-05,0.6605752110481262,8.675382559886202e-06,0.049130965024232864,5.542881922337983e-07,0.019579250365495682,7.949009983576616e-08,False
0,0,0.9701066017150879,0.15339931845664978,0.15339834988117218,9.685754776000977e-07,0.9701066017150879,5.20571497020228e-08,0.023507893085479736,2.595443504560535e-08,0.005345612298697233,3.5785250318554063e-09,0.00038420953205786645,2.5080224355655822e-11,0.0006556438165716827,5.824114107655376e-11,True
0,0,0.9727601408958435,0.14391982555389404,0.14391911029815674,7.152557373046875e-07,0.9727601408958435,3.541599724599109e-08,0.020596619695425034,1.262640569876794e-08,0.005512306001037359,4.329098857169811e-09,0.00041517001227475703,3.97771433846561e-11,0.000715858128387481,1.0113773013520344e-10,True
3,3,0.7971848249435425,0.634955644607544,0.6349315643310547,2.4080276489257812e-05,2.1833159280504333e-08,4.452359204070775e-18,2.2475394416687777e-06,2.7607116150963652e-14,0.06993193179368973,2.9634775273734704e-06,0.7971848249435425,4.769477527588606e-06,0.13288100063800812,2.934289398126566e-07,True
0,0,0.9752610325813293,0.13331392407417297,0.13331280648708344,1.1175870895385742e-06,0.9752610325813293,4.935278141715571e-08,0.018202846869826317,1.6708499472883886e-08,0.005690659396350384,6.957486586856021e-09,0.0003238119825255126,3.3560220574768707e-11,0.0005216841818764806,7.059412776566631e-11,True
0,0,0.958608090877533,0.20258617401123047,0.20258453488349915,1.6391277313232422e-06,0.958608090877533,1.1372941344234277e-07,0.029976267367601395,3.736519360586499e-08,0.009748732671141624,1.69560703255911e-08,0.0006631439318880439,1.1227038049232974e-10,0.00100374361500144,2.06395414648064e-10,True
0,0,0.9405204057693481,0.2601613402366638,0.26016053557395935,8.046627044677734e-07,0.9405204057693481,8.767852932578535e-08,0.04753227159380913,4.3968370277980284e-08,0.010719365440309048,7.662677603548218e-09,0.0005193644319660962,2.968345014231488e-11,0.0007086590630933642,4.689420032844005e-11,True
0,0,0.9274751543998718,0.3228185772895813,0.32281720638275146,1.3709068298339844e-06,0.9274751543998718,1.6457660478863545e-07,0.042398300021886826,4.4831210743723204e-08,0.02653750777244568,3.756055022563487e-08,0.0016061620553955436,2.481305716450777e-10,0.0019828861113637686,3.2624311585571775e-10,True
0,0,0.9592733383178711,0.19330759346485138,0.19330687820911407,7.152557373046875e-07,0.9592733383178711,3.62685170784971e-08,0.033102136105298996,1.3913550311883682e-08,0.0067049055360257626,5.6117506197495e-09,0.0003642643860075623,3.2524899440389277e-11,0.0005553516675718129,6.827504533957196e-11,True
1,1,0.5509478449821472,0.9639022350311279,0.9638935327529907,8.702278137207031e-06,0.07981661707162857,4.019872221761034e-07,0.5509478449821472,2.067775540126604e-06,0.35580235719680786,3.0498031264869496e-06,0.009503389708697796,6.3712706221963344e-09,0.003929793834686279,9.76539293873202e-10,True
0,0,0.8728491067886353,0.503982424736023,0.5039785504341125,3.874301910400391e-06,0.8728491067886353,7.605304972457816e-07,0.05723756551742554,6.849286648957786e-08,0.05993925407528877,3.01996408325067e-07,0.004706341307610273,2.9279694224726427e-09,0.0052678282372653484,3.049592578463489e-09,True
2,2,0.7176190614700317,0.9604487419128418,0.9604250192642212,2.372264862060547e-05,0.0917445719242096,2.6061265998578165e-06,0.10308046638965607,1.0587282304186374e-06,0.7176190614700317,4.058108515891945e-06,0.058397818356752396,2.42487288915072e-07,0.02915814518928528,3.974822604391193e-08,True
0,0,0.9678637385368347,0.16285619139671326,0.16285547614097595,7.152557373046875e-07,0.9678637385368347,3.336085541150169e-08,0.024890391156077385,1.2633409873785695e-08,0.0062303743325173855,4.773458073259462e-09,0.0003892990935128182,3.0109550269719065e-11,0.0006261788657866418,6.761832066493056e-11,True
1,2,0.7364652752876282,0.7661299109458923,0.7661164999008179,1.341104507446289e-05,0.0007402708870358765,6.934176011164084e-10,0.01370260026305914,1.0761524293911862e-07,0.7364652752876282,2.619583710838924e-06,0.19487489759922028,2.7308874450682197e-06,0.05421699211001396,1.0297148378413112e-07,False
3,0,0.9591474533081055,0.2003406435251236,0.20033998787403107,6.556510925292969e-07,0.9591474533081055,4.1354550006644786e-08,0.029101431369781494,1.4715215712612917e-08,0.0103719187900424,7.047743277865948e-09,0.0005668913945555687,3.92593735298874e-11,0.0008122815634123981,7.070023039235096e-11,False
0,0,0.9262619018554688,0.31102225184440613,0.3110208213329315,1.430511474609375e-06,0.9262619018554688,1.5886971027612162e-07,0.055934496223926544,5.065576047513787e-08,0.01600467413663864,2.6048795120914292e-08,0.0007901476928964257,9.287783736544597e-11,0.0010087453993037343,1.2335044097255832e-10,True
2,2,0.5444075465202332,1.1727337837219238,1.1727104187011719,2.3365020751953125e-05,0.2836190164089203,7.790025847498327e-06,0.07847803831100464,2.3739498544728121e-07,0.5444075465202332,5.965898708382156e-06,0.0558646097779274,2.7102871058559685e-07,0.03763085603713989,9.662107203212145e-08,True
0,0,0.9395164847373962,0.27617788314819336,0.27617692947387695,9.5367431640625e-07,0.9395164847373962,8.583577226772832e-08,0.04019523784518242,1.9675843176969465e-08,0.01778324693441391,2.1579861453346894e-08,0.0010790920350700617,1.5491845306581098e-10,0.001425972324796021,2.4420221400589526e-10,True
0,0,0.8989171981811523,0.419918954372406,0.4199126362800598,6.318092346191406e-06,0.8989171981811523,8.373315836252004e-07,0.054522182792425156,5.993742746568387e-08,0.040294941514730453,3.5602587900029903e-07,0.002871860284358263,3.5533098685647246e-09,0.0033938162960112095,4.416720322808487e-09,True
0,0,0.9541478157043457,0.22402970492839813,0.22402842342853546,1.2814998626708984e-06,0.9541478157043457,7.565416382249168e-08,0.029553696513175964,1.1398186394728782e-08,0.014046112075448036,2.4140987875398423e-08,0.0009335209615528584,1.9426077413342568e-10,0.0013188509037718177,3.427435557590286e-10,True
0,0,0.7286342978477478,0.7449007034301758,0.744884729385376,1.5974044799804688e-05,0.7286342978477478,4.65232278656913e-06,0.21362769603729248,1.378488605041639e-06,0.05294811725616455,9.570799193170387e-07,0.0024397019296884537,3.7701606281359545e-09,0.002350237686187029,2.9839628545857977e-09,True
0,0,0.9698063135147095,0.15298040211200714,0.15297941863536835,9.834766387939453e-07,0.9698063135147095,5.568172056769072e-08,0.024498239159584045,2.7028670857021098e-08,0.00485219806432724,4.1474508272187904e-09,0.0003127674281131476,2.601524551337775e-11,0.000530571152921766,6.145174646920992e-11,True
2,2,0.7951493263244629,0.6977787017822266,0.6977629065513611,1.5795230865478516e-05,0.0017045334680005908,3.001394910384647e-09,0.03379863500595093,5.233614501776174e-07,0.7951493263244629,7.662765142413264e-07,0.13193336129188538,1.666058892624278e-06,0.03741420432925224,9.145581003622283e-08,True
2,3,0.7670814394950867,0.7035465240478516,0.7035261392593384,2.0384788513183594e-05,5.6933483705279286e-08,2.0188170029969193e-17,5.982657057757024e-06,1.2147243931212581e-13,0.10714568197727203,3.699362650877447e-06,0.7670814394950867,5.214897555561038e-06,0.12576685845851898,1.9785092320034892e-07,False
1,0,0.8754945993423462,0.47434401512145996,0.47434139251708984,2.6226043701171875e-06,0.8754945993423462,4.311369536935672e-07,0.08272209018468857,8.3496743741307e-08,0.03665659949183464,1.2271813432107592e-07,0.002371793380007148,7.999413353942941e-10,0.002755021210759878,8.912125482041233e-10,False
0,0,0.8677628636360168,0.5069479942321777,0.5069440007209778,3.993511199951172e-06,0.8677628636360168,7.965935537868063e-07,0.07146378606557846,9.858431582188132e-08,0.05429750680923462,2.904355937971559e-07,0.0031368823256343603,1.4959806726722036e-09,0.003338986774906516,1.3713238322665688e-09,True
0,0,0.9705244898796082,0.15593783557415009,0.1559373289346695,5.066394805908203e-07,0.9705244898796082,2.131777954161862e-08,0.02068960666656494,6.246625439132458e-09,0.0072601246647536755,4.088433591675766e-09,0.000574274396058172,4.57163300271457e-11,0.0009514979901723564,1.1078279960052839e-10,True
0,0,0.9780336618423462,0.11699192225933075,0.11699135601520538,5.662441253662109e-07,0.9780336618423462,1.760627732494413e-08,0.01841374672949314,7.600696960707864e-09,0.0030905702151358128,1.7024538445653548e-09,0.00016754705575294793,8.65126286581086e-12,0.00029440521029755473,2.3107135996291994e-11,True
0,0,0.894425094127655,0.43857598304748535,0.43856850266456604,7.4803829193115234e-06,0.894425094127655,1.0795487241921364e-06,0.05051901564002037,8.300054332721629e-08,0.047058314085006714,4.6080555193839245e-07,0.003672861261293292,5.4686730699415875e-09,0.004324683919548988,6.668506191687129e-09,True
0,0,0.9068026542663574,0.3862025737762451,0.38620010018348694,2.473592758178711e-06,0.9068026542663574,3.329286641928775e-07,0.05961119011044502,5.872374586601836e-08,0.029437704011797905,9.585085791741221e-08,0.0018677780171856284,6.221633208625121e-10,0.0022806997876614332,7.711493665851776e-10,True
0,0,0.9570383429527283,0.20866841077804565,0.2086675614118576,8.493661880493164e-07,0.9570383429527283,5.7871709202572674e-08,0.030994147062301636,1.79696648672234e-08,0.010279065929353237,9.458033467524274e-09,0.0006792253698222339,6.37477778897555e-11,0.0010092242155224085,1.1463573840186925e-10,True
1,0,0.5623427033424377,1.0614820718765259,1.0614680051803589,1.4066696166992188e-05,0.5623427033424377,6.431036581489025e-06,0.07759393006563187,2.0809729051052273e-08,0.3131225109100342,4.385814918350661e-06,0.02605941891670227,6.812368269493163e-08,0.02088148333132267,3.45757591446727e-08,False
2,2,0.6926146149635315,0.8220328688621521,0.8220121264457703,2.0742416381835938e-05,0.0005390574806369841,4.561094002486499e-10,0.010307309217751026,8.377713811569265e-08,0.6926146149635315,5.973889983579284e-06,0.23151981830596924,5.144095212017419e-06,0.06501924246549606,2.5148585791612277e-07,True
2,2,0.7049077749252319,0.9981862306594849,0.9981674551963806,1.8775463104248047e-05,0.07058491557836533,1.28272927213402e-06,0.10913653671741486,1.2958993238498806e-06,0.7049077749252319,2.120420731444028e-06,0.07658302038908005,3.759302273920184e-07,0.038787778466939926,6.743088221128346e-08,True
3,3,0.8378869891166687,0.5345377326011658,0.5345244407653809,1.329183578491211e-05,2.540172960863174e-09,5.4165870617374974e-20,4.0798803979669174e-07,8.16949036885347e-16,0.04072282835841179,9.079460596694844e-07,0.8378869891166687,2.1951639155304292e-06,0.12138974666595459,3.678925111216813e-07,True
1,2,0.7961450815200806,0.7332024574279785,0.7331743240356445,2.8133392333984375e-05,0.006488476879894733,3.064176823386333e-08,0.07969450950622559,2.7849328034790233e-06,0.7961450815200806,2.3392081516249164e-07,0.08874818682670593,1.3536258620661101e-06,0.02892376482486725,1.1462669391448799e-07,False
2,3,0.4869604706764221,0.9646953344345093,0.9646639227867126,3.141164779663086e-05,1.578956471348647e-05,8.078253235614674e-13,0.0005528738838620484,5.4508425550992e-10,0.40179920196533203,1.5232252735586371e-05,0.4869604706764221,1.2530419553513639e-05,0.11067163944244385,1.8721070205174328e-07,False
0,0,0.8258724212646484,0.6121599078178406,0.612153947353363,5.9604644775390625e-06,0.8258724212646484,1.3118716424287413e-06,0.10625439882278442,1.5587529844651726e-07,0.0586504228413105,4.494893346418394e-07,0.004408202599734068,4.349612670040415e-09,0.004814561456441879,4.352065374746417e-09,True
0,0,0.979448139667511,0.1076856255531311,0.10768534988164902,2.7567148208618164e-07,0.979448139667511,1.133513283235743e-08,0.018580524250864983,7.3850312531931195e-09,0.0016801342135295272,3.3635733087677977e-10,9.764953574631363e-05,2.0955366348412996e-12,0.00019359988800715655,7.296159336422914e-12,True
0,0,0.9691808819770813,0.16231302917003632,0.16231225430965424,7.748603820800781e-07,0.9691808819770813,3.673116921731889e-08,0.020817527547478676,7.378588406936615e-09,0.00846751220524311,9.190951111293089e-09,0.00059619260719046,7.892451969748748e-11,0.0009380061528645456,1.70149061506919e-10,True
0,0,0.9708768725395203,0.1521952748298645,0.15219463407993317,6.407499313354492e-07,0.9708768725395203,2.459557535416934e-08,0.021678276360034943,7.906685084435594e-09,0.006297559943050146,4.2603702787857856e-09,0.0004332941898610443,3.2588223786156334e-11,0.0007139471708796918,7.413053504379263e-11,True
0,0,0.9788246154785156,0.1115596741437912,0.1115591749548912,4.991888999938965e-07,0.9788246154785156,1.942902372320532e-08,0.018714986741542816,1.2171947894046298e-08,0.002048875205218792,6.799918961242213e-10,0.00013743533054366708,4.549685714977381e-12,0.00027410287293605506,1.4679684551266448e-11,True
0,0,0.9736008048057556,0.1440599262714386,0.1440589725971222,9.5367431640625e-07,0.9736008048057556,4.3012139627762735e-08,0.01725018210709095,1.219815448649797e-08,0.007669818587601185,7.422286785185861e-09,0.0005644444609060884,6.579235073411738e-11,0.0009147356613539159,1.470966820571462e-10,True
1,2,0.6429634094238281,1.069779872894287,1.0697269439697266,5.2928924560546875e-05,0.05954688787460327,1.9671635982376756e-06,0.19448933005332947,8.98969574336661e-06,0.6429634094238281,9.49135392147582e-06,0.06911265105009079,8.969078635345795e-07,0.03388768061995506,1.4737516096374748e-07,False
2,3,0.6888771653175354,0.8287107944488525,0.8286935091018677,1.728534698486328e-05,3.9431097320630215e-07,4.104716368438419e-16,3.441131048020907e-05,1.9207415605931866e-12,0.18903708457946777,5.354938821255928e-06,0.6888771653175354,5.180912467039889e-06,0.12205099314451218,5.57792247946054e-08,False
0,0,0.822786271572113,0.6342496275901794,0.6342428922653198,6.735324859619141e-06,0.822786271572113,1.590090164427238e-06,0.07621221989393234,1.0400930960940968e-07,0.08867553621530533,8.141025205077312e-07,0.006133949849754572,6.108380468106134e-09,0.006192073225975037,5.063029107077455e-09,True
2,2,0.8070686459541321,0.6949427127838135,0.6949138045310974,2.8908252716064453e-05,0.004251499194651842,2.1931510829631407e-08,0.08813697844743729,3.484402895992389e-06,0.8070686459541321,7.879015129219624e-07,0.07784605771303177,1.0107414709636942e-06,0.02269689552485943,5.466355901262432e-08,True
0,2,0.6252819895744324,0.8677884340286255,0.8677675127983093,2.092123031616211e-05,0.00012213230365887284,2.1784612308506368e-11,0.004244269337505102,1.3519420249963332e-08,0.6252819895744324,8.820293260214385e-06,0.298623651266098,6.77494290357572e-06,0.07172798365354538,2.7027050464312197e-07,False
4,2,0.8142547607421875,0.6015018224716187,0.6014959216117859,5.900859832763672e-06,0.0003340149705763906,8.788213906596454e-11,0.008936155587434769,2.3955207595349748e-08,0.8142547607421875,1.0734744364526705e-06,0.1446717232465744,1.0451892649143701e-06,0.03180333971977234,3.156625183464712e-08,False
0,0,0.7465183138847351,0.7483230829238892,0.7483121752738953,1.0907649993896484e-05,0.7465183138847351,3.067179932259023e-06,0.17800824344158173,6.811077355450834e-07,0.06858104467391968,9.01705334399594e-07,0.0035237320698797703,3.879514931526273e-09,0.0033686363603919744,2.9437543513921582e-09,True
0,0,0.9704767465591431,0.15070004761219025,0.1506989598274231,1.087784767150879e-06,0.9704767465591431,5.272144676382595e-08,0.02378537505865097,2.428452283709248e-08,0.004840103443711996,4.55905668772516e-09,0.0003310113097541034,3.2861626614311135e-11,0.0005667391233146191,7.997124490399798e-11,True
0,0,0.886020839214325,0.4611896872520447,0.46118631958961487,3.3676624298095703e-06,0.886020839214325,5.166452865523752e-07,0.055173445492982864,3.703890882889027e-08,0.051359690725803375,2.2314679881674238e-07,0.0035011412110179663,2.152581668468656e-09,0.0039447820745408535,2.458992121034953e-09,True
0,0,0.9756865501403809,0.12415287643671036,0.12415220588445663,6.705522537231445e-07,0.9756865501403809,2.8283073660873015e-08,0.021633625030517578,1.6619361886682782e-08,0.0023018773645162582,1.2130613180616479e-09,0.00013165485870558769,5.870018013331979e-12,0.00024633132852613926,1.680155493899438e-11,True
0,0,0.7114773392677307,0.8692681789398193,0.8692560195922852,1.2159347534179688e-05,0.7114773392677307,3.975846539105987e-06,0.13540993630886078,2.0538554679205845e-07,0.13470111787319183,2.0225274965923745e-06,0.009627842344343662,1.9591215760783598e-08,0.008783789351582527,1.3719374969412002e-08,True
0,0,0.763634979724884,0.7844038605690002,0.784359872341156,4.398822784423828e-05,0.763634979724884,1.3498154658009298e-05,0.08128957450389862,1.577127903829023e-07,0.13024389743804932,7.011657999100862e-06,0.012386505492031574,1.3167645818157325e-07,0.012445035390555859,1.1345576922394685e-07,True
0,0,0.933475911617279,0.29050326347351074,0.2905019521713257,1.3113021850585938e-06,0.933475911617279,1.3385863439907553e-07,0.04983646422624588,4.976244127874452e-08,0.014296846464276314,1.7650920725031938e-08,0.0009935771813616157,1.2051955267100567e-10,0.0013971560401841998,1.9126990269402455e-10,True
2,2,0.7293891310691833,0.7561769485473633,0.75616854429245,8.404254913330078e-06,0.000328748399624601,1.0237503206278475e-10,0.009073586203157902,3.243900792426757e-08,0.7293891310691833,2.1732080313086044e-06,0.20943355560302734,1.993831574509386e-06,0.0517750084400177,7.068226182127546e-08,True
0,0,0.9093851447105408,0.3890697956085205,0.3890661597251892,3.635883331298828e-06,0.9093851447105408,4.878646109318652e-07,0.04372451826930046,3.076900867426957e-08,0.040781352669000626,2.1045384812623524e-07,0.0028080821502953768,1.7727579404436256e-09,0.0033009217586368322,2.096271378704273e-09,True
2,3,0.5148079991340637,0.9633039236068726,0.9632633328437805,4.0590763092041016e-05,1.1497880223032553e-05,5.980567061546205e-13,0.00044953596079722047,5.226473143160604e-10,0.36861488223075867,1.883373988675885e-05,0.5148079991340637,1.6134419638547115e-05,0.11611610651016235,1.8484308839106234e-07,False
0,0,0.9500702023506165,0.2421698272228241,0.24216893315315247,8.940696716308594e-07,0.9500702023506165,6.677189645643011e-08,0.029674334451556206,9.978004200661417e-09,0.017413867637515068,2.0342344697610315e-08,0.001194008975289762,1.5654119667196653e-10,0.0016475504962727427,2.537690890758171e-10,True
1,2,0.7539774179458618,0.7450344562530518,0.7450265288352966,7.927417755126953e-06,0.01656012050807476,3.376596779958163e-08,0.19019675254821777,1.9787585188169032e-06,0.7539774179458618,1.7297179510933347e-06,0.03002961352467537,4.9350404651704594e-08,0.00923611968755722,4.940648778983814e-09,False
1,0,0.9748684167861938,0.13273364305496216,0.13273291289806366,7.301568984985352e-07,0.9748684167861938,3.0457236732672754e-08,0.019985154271125793,1.226941304111051e-08,0.004407229833304882,3.4088736278192755e-09,0.0002722802455537021,1.9948227097943416e-11,0.00046695416676811874,4.854974061663242e-11,False
0,0,0.8469093441963196,0.5523501634597778,0.5523457527160645,4.410743713378906e-06,0.8469093441963196,7.989169148459041e-07,0.09925331920385361,1.211241880128e-07,0.04706866294145584,2.6790308993440703e-07,0.003201897954568267,2.5463848807305567e-09,0.003566782921552658,2.8283539954543357e-09,True
1,0,0.5744925737380981,1.0486947298049927,1.0486853122711182,9.417533874511719e-06,0.5744925737380981,3.915474735549651e-06,0.24161945283412933,7.444524499078398e-07,0.16436374187469482,1.387110728501284e-06,0.010709521360695362,1.1020431678332443e-08,0.008814713917672634,6.1261493655706545e-09,False
0,0,0.9518246054649353,0.23139771819114685,0.23139658570289612,1.1324882507324219e-06,0.9518246054649353,8.501643833369599e-08,0.031573083251714706,1.8091913744910926e-08,0.014679658226668835,2.210832583671163e-08,0.0008173918467946351,1.0135552119816538e-10,0.001105277449823916,1.5017524723770492e-10,True
0,0,0.8116393089294434,0.6462712287902832,0.6462689638137817,2.2649765014648438e-06,0.8116393089294434,4.6210220716602635e-07,0.1070888563990593,5.585522799833598e-08,0.07258599251508713,2.2115193587524118e-07,0.004345718305557966,1.509883884587282e-09,0.004340112209320068,1.3215931682353244e-09,True
0,0,0.791650116443634,0.7377095818519592,0.7376872897148132,2.2292137145996094e-05,0.791650116443634,6.212428161234129e-06,0.07720836251974106,1.7759212767032295e-07,0.10252290219068527,2.568679065007018e-06,0.013464453630149364,8.205760337887114e-08,0.015154141001403332,8.716115473816899e-08,True
3,3,0.5676438212394714,0.9337348937988281,0.9337205290794373,1.436471939086914e-05,3.3970752610912314e-06,2.1510975983861196e-14,0.00019578779756557196,3.4678773741525504e-11,0.31944164633750916,6.235991804715013e-06,0.5676438212394714,5.550036348722642e-06,0.11271531879901886,1.0759820412431509e-07,True
0,0,0.982891857624054,0.09953387081623077,0.09953346103429794,4.0978193283081055e-07,0.982891857624054,1.3941209076051564e-08,0.01219444815069437,5.272143166479282e-09,0.004109376110136509,1.6620403942013695e-09,0.00028743254370056093,1.022666847039222e-11,0.0005169350188225508,2.5865800820645823e-11,True
0,0,0.7949907183647156,0.678462028503418,0.678458034992218,3.993511199951172e-06,0.7949907183647156,9.867751487036003e-07,0.12925253808498383,1.4242985457713075e-07,0.06588578969240189,3.213035881799442e-07,0.004805535078048706,2.8337576729597913e-09,0.005065381061285734,2.6057591639983002e-09,True
0,0,0.9748216867446899,0.1303630769252777,0.13036265969276428,4.172325134277344e-07,0.9748216867446899,1.476919919696229e-08,0.021154318004846573,7.953608438526771e-09,0.0035614785738289356,1.1848815262283097e-09,0.00017301480693276972,5.219471990031144e-12,0.00028947144164703786,1.2788757032533571e-11,True
0,0,0.9517642259597778,0.21692365407943726,0.21692240238189697,1.2516975402832031e-06,0.9517642259597778,9.079378315846043e-08,0.041134100407361984,4.811419884731549e-08,0.006131428759545088,6.728058110638813e-09,0.00037631872692145407,4.2682829493045915e-11,0.0005939141265116632,9.040656417935722e-11,True
3,3,0.6806604266166687,0.8428049683570862,0.8427796363830566,2.5331974029541016e-05,6.316548137874634e-07,2.1246114710485407e-15,3.803236540989019e-05,4.137972516721211e-12,0.18860089778900146,7.569743047497468e-06,0.6806604266166687,8.318358595715836e-06,0.13070006668567657,9.758063157505603e-08,True
0,0,0.9238719344139099,0.3439897298812866,0.343986839056015,2.8908252716064453e-06,0.9238719344139099,2.8893791181872075e-07,0.03942645341157913,4.1543810169741846e-08,0.029979785904288292,1.0294649399611444e-07,0.002866682130843401,1.8157111369987433e-09,0.0038551546167582273,2.9169873183576556e-09,True
0,0,0.899185836315155,0.40054601430892944,0.4005446434020996,1.3709068298339844e-06,0.899185836315155,1.9965882813721691e-07,0.07092759013175964,5.169591332787604e-08,0.026678746566176414,4.71711985028378e-08,0.0014651528326794505,1.9963090902574976e-10,0.0017427158309146762,2.236230367547165e-10,True
0,0,0.9659428000450134,0.1800866276025772,0.18008573353290558,8.940696716308594e-07,0.9659428000450134,5.0052648248311016e-08,0.019852813333272934,8.800945749953826e-09,0.011661583557724953,1.2959591622063726e-08,0.0009940228192135692,1.7160083076728228e-10,0.0015488304197788239,3.643789714402601e-10,True
2,2,0.7588515281677246,0.8540325164794922,0.8540173768997192,1.5139579772949219e-05,0.030459603294730186,3.0822053531665006e-07,0.10511213541030884,1.434941964362224e-06,0.7588515281677246,1.127354039454076e-06,0.0743345096707344,3.6700001260214776e-07,0.03124222718179226,5.4638899626979764e-08,True
0,0,0.9607874751091003,0.19026032090187073,0.19025996327400208,3.5762786865234375e-07,0.9607874751091003,2.2631700957731482e-08,0.03052961267530918,1.0998342681034501e-08,0.007561159320175648,2.5867841202398267e-09,0.00044431499554775655,1.3692681537225138e-11,0.0006774359499104321,2.7178119130222278e-11,True
0,0,0.6941127777099609,0.8737357258796692,0.8737308382987976,4.887580871582031e-06,0.6941127777099609,1.6185804270207882e-06,0.16914162039756775,2.2946726119243976e-07,0.1251637041568756,7.001497692726844e-07,0.006258138921111822,2.777581720181388e-09,0.0053237671963870525,1.6229941834922101e-09,True
0,0,0.9247143864631653,0.3265904188156128,0.3265891671180725,1.2516975402832031e-06,0.9247143864631653,1.4036321260846307e-07,0.050742007791996,2.9728802530826215e-08,0.021238377317786217,3.364876732803168e-08,0.0014310447731986642,2.689986289272639e-10,0.0018742092652246356,4.054536706377121e-10,True
0,0,0.9442578554153442,0.26756247878074646,0.26756107807159424,1.4007091522216797e-06,0.9442578554153442,1.2768673229857086e-07,0.029231181368231773,1.4758587241203713e-08,0.02254117652773857,4.192658664692317e-08,0.00169541931245476,4.044941326331042e-10,0.0022743872832506895,6.178302869308538e-10,True
0,0,0.962090015411377,0.181916743516922,0.1819162666797638,4.76837158203125e-07,0.962090015411377,3.3526525555771514e-08,0.03137231990695,1.8742635887747383e-08,0.005627532489597797,2.1861732424355296e-09,0.00034721745760180056,1.223288744606199e-11,0.0005629406659863889,2.6711350145647295e-11,True
0,0,0.9782928824424744,0.1187906563282013,0.11879018694162369,4.6938657760620117e-07,0.9782928824424744,1.5200761538380902e-08,0.016822906211018562,6.27221075077955e-09,0.004125174134969711,1.8417398717218703e-09,0.00027455485542304814,1.2879079747118993e-11,0.00048447572044096887,3.352092561859088e-11,True
0,0,0.9672450423240662,0.17189037799835205,0.17188918590545654,1.1920928955078125e-06,0.9672450423240662,6.696452459209468e-08,0.02101968601346016,1.3743416182876445e-08,0.009895999915897846,1.4705036299744734e-08,0.0007234201184473932,1.1407372962901619e-10,0.0011158864945173264,2.2089820250759118e-10,True
2,2,0.5339685082435608,0.9552685022354126,0.955256462097168,1.2040138244628906e-05,0.00018814875511452556,5.0176255511624746e-11,0.0026112464256584644,4.595780644933711e-09,0.5339685082435608,5.312667781254277e-06,0.3592849671840668,4.401177648105659e-06,0.10394712537527084,1.0848416565067964e-07,True
0,0,0.9737921953201294,0.1412828266620636,0.141281396150589,1.430511474609375e-06,0.9737921953201294,6.364872717767867e-08,0.01876780204474926,2.1683870699007457e-08,0.0061205727979540825,8.652978777945464e-09,0.00048570576473139226,8.824635466808672e-11,0.0008337661856785417,2.1817707362981054e-10,True
0,2,0.47116532921791077,1.1247962713241577,1.124772310256958,2.396106719970703e-05,0.1282571405172348,2.539495199016528e-06,0.3657835125923157,3.517369123073877e-06,0.47116532921791077,8.258980415121187e-06,0.02326907217502594,6.083508452547903e-08,0.011524965055286884,1.18320437891839e-08,False
2,2,0.603191614151001,0.8788073062896729,0.8787961006164551,1.1205673217773438e-05,9.321486868429929e-05,9.78321590405784e-12,0.002017953200265765,2.2975967794991448e-09,0.603191614151001,5.045839770900784e-06,0.31855377554893494,3.97711528421496e-06,0.07614348083734512,1.167585708117258e-07,True
0,0,0.9419679641723633,0.25480958819389343,0.2548082768917084,1.3113021850585938e-06,0.9419679641723633,1.3117212915858545e-07,0.046783771365880966,6.666677876410176e-08,0.010004627518355846,9.791257582492108e-09,0.0005187257775105536,4.4592395748166425e-11,0.0007249121554195881,7.43503314470928e-11,True
0,0,0.8524095416069031,0.5643969774246216,0.5643765330314636,2.0444393157958984e-05,0.8524095416069031,4.3328554966137744e-06,0.06173408031463623,1.5004748377123178e-07,0.07282707840204239,2.00261342797603e-06,0.0061980620957911015,2.5904865808001887e-08,0.006831206381320953,2.634607554341528e-08,True
0,0,0.5681857466697693,1.1047300100326538,1.1047043800354004,2.562999725341797e-05,0.5681857466697693,9.989732461690437e-06,0.1222308874130249,7.562761084045633e-08,0.26283708214759827,6.4918622229015455e-06,0.025394106283783913,1.616038929341812e-07,0.021352246403694153,9.959835978179399e-08,True
0,0,0.9359485507011414,0.2678065001964569,0.26780471205711365,1.7881393432617188e-06,0.9359485507011414,1.6856185425240255e-07,0.05487872287631035,9.032755343696408e-08,0.008283456787467003,1.4203235032539396e-08,0.00037253936170600355,5.197071592522029e-11,0.0005167920025996864,8.754066915805936e-11,True
2,2,0.5028037428855896,1.2247803211212158,1.2247625589370728,1.7762184143066406e-05,0.3009684085845947,6.1765631471644156e-06,0.10391516983509064,1.7429576359972998e-07,0.5028037428855896,4.848124717682367e-06,0.05451933294534683,1.91633176882533e-07,0.03779333829879761,7.294466541907241e-08,True
2,2,0.784031093120575,0.7475789189338684,0.7475706934928894,8.225440979003906e-06,0.004245858173817396,8.661952932698114e-09,0.04794716462492943,4.1150738638862094e-07,0.784031093120575,2.1549570305978705e-07,0.12321896851062775,6.372941925292253e-07,0.04055697098374367,5.2333618327793374e-08,True
0,0,0.9571723937988281,0.2067403942346573,0.2067396193742752,7.748603820800781e-07,0.9571723937988281,5.301879468788684e-08,0.032098788768053055,1.694167117705092e-08,0.00903849583119154,7.3225190355685754e-09,0.0006603835499845445,6.618516845691147e-11,0.0010299491696059704,1.3922325792226076e-10,True
0,0,0.9750416874885559,0.12709614634513855,0.12709546089172363,6.854534149169922e-07,0.9750416874885559,2.815169786174465e-08,0.022165270522236824,1.7715416689156882e-08,0.0023104159627109766,9.870951833690356e-10,0.00016359068104065955,7.9940914998744e-12,0.0003190117422491312,2.5245808915608237e-11,True
0,2,0.5791428089141846,1.1557711362838745,1.1557592153549194,1.1920928955078125e-05,0.23926208913326263,3.5524369650374865e-06,0.08943038433790207,1.8221358288883494e-07,0.5791428089141846,3.048888629564317e-06,0.05629910156130791,1.1489744622394937e-07,0.03586564585566521,3.533195425120539e-08,False
2,3,0.5688402652740479,0.9159609079360962,0.9159416556358337,1.9252300262451172e-05,1.6404000007241848e-06,5.698584829792177e-15,0.0001504861720604822,2.5808931380932876e-11,0.3330933749675751,8.724234248802532e-06,0.5688402652740479,7.652449312445242e-06,0.09791424125432968,6.664822649327107e-08,False
0,0,0.963773250579834,0.1840190440416336,0.1840173602104187,1.6838312149047852e-06,0.963773250579834,9.910903742138544e-08,0.02512325346469879,2.3719831432345018e-08,0.00938652828335762,1.928086668101514e-08,0.0006746313883922994,1.3916220953369418e-10,0.0010423279600217938,2.6725172075359183e-10,True
0,0,0.9658369421958923,0.17384964227676392,0.17384833097457886,1.3113021850585938e-06,0.9658369421958923,7.052390316175661e-08,0.02488093450665474,2.0049800042443167e-08,0.007853766903281212,1.121038462059687e-08,0.0005513228825293481,9.603645656497406e-11,0.0008770196582190692,2.0877791162554615e-10,True
0,0,0.8869420886039734,0.45830678939819336,0.45830413699150085,2.652406692504883e-06,0.8869420886039734,3.842002058718208e-07,0.060662705451250076,3.3415457068031174e-08,0.04461132362484932,1.5991869872777897e-07,0.0035520605742931366,1.6007735137435475e-09,0.004231802653521299,1.895648749083989e-09,True
0,0,0.9636680483818054,0.18271562457084656,0.1827145665884018,1.0579824447631836e-06,0.9636680483818054,6.327439194819817e-08,0.026213599368929863,2.164325962894509e-08,0.00867328979074955,9.34282873288339e-09,0.0005691929836757481,6.694825249731196e-11,0.000875890429597348,1.3473161475374695e-10,True
2,3,0.43290987610816956,1.0259068012237549,1.025875449180603,3.135204315185547e-05,0.00023982948914635926,1.7030581112020826e-10,0.0015596525045111775,3.990697994282755e-09,0.4134409427642822,1.447006161470199e-05,0.43290987610816956,1.0708862646424677e-05,0.15184973180294037,4.718557988780958e-07,False
0,0,0.40508490800857544,1.1376149654388428,1.1376066207885742,8.344650268554688e-06,0.40508490800857544,2.6136192445846973e-06,0.34191253781318665,3.839593318843981e-07,0.24083106219768524,2.214672804257134e-06,0.007522211410105228,5.178115713988518e-09,0.004649314563721418,1.690194317838234e-09,True
0,0,0.9805707931518555,0.10976002365350723,0.1097591295838356,8.940696716308594e-07,0.9805707931518555,2.9784544608446595e-08,0.01433540042489767,9.031677628001944e-09,0.004278688225895166,4.462013869499515e-09,0.0002936501114163548,3.453786215357191e-11,0.000521508336532861,9.163750314122865e-11,True
1,2,0.42573925852775574,1.2644641399383545,1.2643941640853882,6.99758529663086e-05,0.31354424357414246,1.988219446502626e-05,0.1976781040430069,2.2008644009474665e-06,0.42573925852775574,2.0543184291454963e-05,0.03747642785310745,5.902364250687242e-07,0.025562016293406487,2.2832266211025853e-07,False
0,0,0.9642184376716614,0.18210411071777344,0.18210256099700928,1.5497207641601562e-06,0.9642184376716614,8.726402711545234e-08,0.024939382448792458,2.3091962120247445e-08,0.009137243032455444,1.6581086725864225e-08,0.0006662192172370851,1.3803160003877935e-10,0.0010387481888756156,2.76227096751569e-10,True
0,0,0.960098922252655,0.19766071438789368,0.1976594626903534,1.2516975402832031e-06,0.960098922252655,7.70256249893464e-08,0.028321946039795876,2.4824096556130826e-08,0.009868639521300793,1.3308818047619297e-08,0.0006790875922888517,9.892937857802764e-11,0.0010313836392015219,1.9118871763534884e-10,True
3,3,0.8613855242729187,0.4822355806827545,0.4822253882884979,1.0192394256591797e-05,5.889383980495211e-10,2.634447668307609e-21,1.954226718225982e-07,1.560310789458776e-16,0.03638453409075737,5.866224341843918e-07,0.8613855242729187,1.6749413589423057e-06,0.10222978889942169,3.3561889267730294e-07,True
2,2,0.7557008862495422,0.7188183069229126,0.7188071608543396,1.1146068572998047e-05,0.0004454727459233254,1.445187441939666e-10,0.01024977583438158,4.269077535923316e-08,0.7557008862495422,2.7952962682320504e-06,0.186762735247612,2.3970421807462117e-06,0.04684114456176758,1.1696920410031453e-07,True
4,3,0.8709548115730286,0.45288100838661194,0.45287442207336426,6.586313247680664e-06,2.784086572393818e-10,4.020723059715629e-22,1.0496478353161365e-07,3.7391740060949055e-17,0.028641477227211,3.3468774063294404e-07,0.8709548115730286,7.891167115303688e-07,0.10040359944105148,1.2205177313262539e-07,False
0,0,0.5382089018821716,1.1523101329803467,1.1522337198257446,7.641315460205078e-05,0.5382089018821716,2.9602191716548987e-05,0.16928358376026154,4.27491613663733e-07,0.24665644764900208,1.8585846191854216e-05,0.024860963225364685,4.106443611817667e-07,0.020990153774619102,2.374603980115353e-07,True
0,0,0.9721916317939758,0.14759831130504608,0.14759770035743713,6.109476089477539e-07,0.9721916317939758,2.4303002277292762e-08,0.020004604011774063,7.168770466137175e-09,0.00664278119802475,4.782878093578802e-09,0.00044243349111638963,3.346045315821833e-11,0.0007185327704064548,7.442763072518233e-11,True
2,2,0.5374443531036377,1.065112829208374,1.0650771856307983,3.5643577575683594e-05,0.10063827037811279,2.5222136628144654e-06,0.3283957839012146,6.496034075098578e-06,0.5374443531036377,1.260748194908956e-05,0.023065567016601562,1.1436956981469848e-07,0.01045601349323988,1.9970908482491723e-08,True
0,0,0.7847174406051636,0.7394331693649292,0.7394132614135742,1.990795135498047e-05,0.7847174406051636,5.803398380521685e-06,0.07776172459125519,9.996245609045218e-08,0.11464514583349228,2.8297754397499375e-06,0.011233269236981869,5.210415565670701e-08,0.011642447672784328,4.698447853002108e-08,True
0,0,0.9152064323425293,0.3651396930217743,0.3651382625102997,1.430511474609375e-06,0.9152064323425293,1.8547063973528566e-07,0.04893722012639046,3.807155124491146e-08,0.03119785524904728,5.201594177606239e-08,0.002096033189445734,4.0801903522513783e-10,0.0025624644476920366,5.303557593094865e-10,True
0,0,0.9113861322402954,0.3713756501674652,0.37137362360954285,2.0265579223632812e-06,0.9113861322402954,2.5480989052084624e-07,0.05691871792078018,3.875675247400068e-08,0.027881769463419914,7.633071419377302e-08,0.0017168382182717323,5.316289630741267e-10,0.002096597570925951,6.871324065294004e-10,True
0,2,0.4692068099975586,1.1326290369033813,1.1326112747192383,1.7762184143066406e-05,0.14641627669334412,2.3484897155867657e-06,0.35296401381492615,2.062237854261184e-06,0.4692068099975586,6.0035176829842385e-06,0.020953994244337082,4.0235985210301806e-08,0.010458949021995068,8.15753509186834e-09,False
0,0,0.9256914258003235,0.33301714062690735,0.3330136835575104,3.4570693969726562e-06,0.9256914258003235,3.903508343228168e-07,0.04029862955212593,5.13907991717133e-08,0.029211673885583878,1.3370946305713005e-07,0.0021187150850892067,1.1643734865174338e-09,0.002679601777344942,1.565221285915186e-09,True
0,0,0.970620334148407,0.14853402972221375,0.14853349328041077,5.364418029785156e-07,0.970620334148407,2.396375720081778e-08,0.024387409910559654,1.3353332661836248e-08,0.004259053152054548,1.7039536448493209e-09,0.00026930728927254677,1.048666188607772e-11,0.0004638438986148685,2.6369354616528895e-11,True
0,0,0.9677659273147583,0.16507869958877563,0.1650775521993637,1.1473894119262695e-06,0.9677659273147583,6.411285369267716e-08,0.02387728914618492,1.950943051554077e-08,0.007169997785240412,1.0159617147564859e-08,0.00046038851724006236,6.543771080558258e-11,0.0007264867890626192,1.3538906107335436e-10,True
0,0,0.9490459561347961,0.23108553886413574,0.2310849279165268,6.109476089477539e-07,0.9490459561347961,5.5449969948995204e-08,0.0410994254052639,2.710913804548909e-08,0.008544106967747211,5.2548081441727845e-09,0.0005250773392617702,3.261416137156914e-11,0.0007855428266339004,6.187707984883772e-11,True
0,0,0.9376662373542786,0.2656799554824829,0.2656780779361725,1.8775463104248047e-06,0.9376662373542786,1.9305569765037944e-07,0.05211150646209717,1.0392133020786787e-07,0.009017206728458405,1.3152488875789459e-08,0.00049468909855932,6.599878282775862e-11,0.0007103756070137024,1.1517795744930837e-10,True
0,0,0.9741590619087219,0.14007094502449036,0.14006994664669037,9.98377799987793e-07,0.9741590619087219,4.152875021645741e-08,0.017981085926294327,1.031641350124346e-08,0.006631541531533003,8.191693545711587e-09,0.0004652496427297592,6.590648166104884e-11,0.0007631382904946804,1.4931697545073064e-10,True
3,3,0.839617908000946,0.5338939428329468,0.5338755249977112,1.8417835235595703e-05,2.3290880335480324e-09,5.642617718409307e-20,4.072431352142303e-07,1.0263083175736203e-15,0.04334449768066406,1.4183567600412061e-06,0.839617908000946,2.8491392640717095e-06,0.11703723669052124,2.899372759657126e-07,True
2,2,0.7324272394180298,0.7494333982467651,0.7494015097618103,3.1888484954833984e-05,0.0002636903082020581,2.3190308007237093e-10,0.009348807856440544,1.335708788019474e-07,0.7324272394180298,8.043420166359283e-06,0.20856240391731262,7.781753993185703e-06,0.04939793422818184,1.8946998636693024e-07,True
1,1,0.46560749411582947,1.1179648637771606,1.1179389953613281,2.586841583251953e-05,0.28867003321647644,5.03575211041607e-06,0.46560749411582947,1.3653692576554022e-06,0.2329888790845871,7.059869403747143e-06,0.007982962764799595,2.0261365918372576e-08,0.004750633146613836,6.0302065563178076e-09,True
0,0,0.9174157977104187,0.34316426515579224,0.3431626260280609,1.6391277313232422e-06,0.9174157977104187,1.928003712237114e-07,0.060840219259262085,6.014234088524972e-08,0.018844636157155037,3.483789257074932e-08,0.0012505820486694574,2.3168403306961238e-10,0.0016487212851643562,3.302718376563263e-10,True
0,0,0.9228954315185547,0.33117908239364624,0.3311770558357239,2.0265579223632812e-06,0.9228954315185547,2.484387380263797e-07,0.05284843593835831,7.521997957837812e-08,0.02110576443374157,4.4319200753761834e-08,0.0013727684272453189,3.069484666440303e-10,0.0017775901360437274,4.303398748461973e-10,True
0,0,0.8380045890808105,0.5585520267486572,0.5585476756095886,4.351139068603516e-06,0.8380045890808105,7.898663625383051e-07,0.11471909284591675,1.4919406510216504e-07,0.04284503683447838,2.493103465894819e-07,0.00215684762224555,1.0713069320544832e-09,0.002274435944855213,9.95593163466424e-10,True
0,0,0.9773416519165039,0.12248427420854568,0.12248369306325912,5.811452865600586e-07,0.9773416519165039,2.2722346670889237e-08,0.017830362543463707,1.0529020322280758e-08,0.0040951985865831375,1.817222816669073e-09,0.0002653018163982779,1.0758637036811791e-11,0.0004674527735915035,2.6488805940361182e-11,True
0,0,0.6593268513679504,0.9923501014709473,0.992322564125061,2.753734588623047e-05,0.6593268513679504,1.0215355359832756e-05,0.07855886220932007,4.299960210119025e-08,0.20997193455696106,5.307405899657169e-06,0.026562217622995377,2.3629571899164148e-07,0.025580143555998802,1.9739896117698663e-07,True
0,0,0.9319239854812622,0.2989054024219513,0.29890501499176025,3.8743019104003906e-07,0.9319239854812622,3.121515490533966e-08,0.04855722188949585,1.638076696508506e-08,0.0168997123837471,6.613217085060796e-09,0.0011132770450785756,4.8294781368474204e-11,0.0015058231074362993,7.860911921397928e-11,True
0,0,0.9278494119644165,0.30885446071624756,0.30885249376296997,1.9669532775878906e-06,0.9278494119644165,2.347629362020598e-07,0.05421418696641922,8.706158638460693e-08,0.015321108512580395,3.006977422614909e-08,0.0010903306538239121,2.0568637071338713e-10,0.0015249386196956038,3.109993096384045e-10,True
0,0,0.7678866386413574,0.7640213966369629,0.7640019059181213,1.9490718841552734e-05,0.7678866386413574,5.335173682396999e-06,0.10591302067041397,1.969758471886962e-07,0.10898791998624802,2.8021381694998126e-06,0.008666460402309895,3.155588501613238e-08,0.008546005003154278,2.565288959033296e-08,True
0,0,0.9549415707588196,0.21582120656967163,0.21582022309303284,9.834766387939453e-07,0.9549415707588196,6.360587434528497e-08,0.03335991129279137,1.9685296948068753e-08,0.009861585684120655,1.0580279763416911e-08,0.000726564961951226,9.053188754215569e-11,0.0011103329015895724,1.7842859134642453e-10,True
0,0,0.9392625093460083,0.2772362232208252,0.27723428606987,1.9371509552001953e-06,0.9392625093460083,1.961267628303176e-07,0.04084273800253868,4.653951535260603e-08,0.017158299684524536,3.825658012601707e-08,0.0011577096302062273,2.798365428269278e-10,0.0015787665033712983,4.330467096025359e-10,True
1,1,0.4874686896800995,1.1250349283218384,1.1250219345092773,1.2993812561035156e-05,0.2119225710630417,2.0740505988214863e-06,0.4874686896800995,1.374408839183161e-06,0.2812061607837677,3.450753411016194e-06,0.012342571280896664,2.0680291257235695e-08,0.0070600020699203014,6.0668416956843885e-09,True
0,0,0.44051027297973633,1.0310982465744019,1.0310872793197632,1.0967254638671875e-05,0.44051027297973633,4.023474957648432e-06,0.4166909158229828,1.2629898265004158e-06,0.13723252713680267,1.4029761814526864e-06,0.0033697281032800674,1.6455006246474113e-09,0.0021965233609080315,5.876711894892139e-10,True
2,3,0.47205716371536255,0.9860073328018188,0.9859899878501892,1.7344951629638672e-05,3.840709905489348e-05,2.1866542864595884e-12,0.00046390105853788555,1.793562798280135e-10,0.4011770188808441,8.361401341971941e-06,0.47205716371536255,6.301366283878451e-06,0.12626352906227112,2.0297181890782667e-07,False
0,0,0.8888419270515442,0.42627614736557007,0.4262728691101074,3.2782554626464844e-06,0.8888419270515442,5.025923996981874e-07,0.08186893910169601,1.3934335640897189e-07,0.02574501372873783,9.953640756066306e-08,0.0015936148120090365,6.354984316558898e-10,0.0019505299860611558,8.031101894623305e-10,True
0,0,0.9604982733726501,0.19193890690803528,0.1919381469488144,7.599592208862305e-07,0.9604982733726501,4.9749392161402284e-08,0.030582154169678688,2.122913400626203e-08,0.007657401263713837,5.427148952463767e-09,0.0004941981751471758,4.598122230192736e-11,0.0007680043927393854,1.0210097350915603e-10,True
0,0,0.9581039547920227,0.19648781418800354,0.19648699462413788,8.195638656616211e-07,0.9581039547920227,6.267496388545624e-08,0.03450178727507591,2.8439098187504896e-08,0.006606690585613251,5.856045870444859e-09,0.00031689374009147286,2.0642191081443606e-11,0.0004707672633230686,3.7419685405826186e-11,True
2,2,0.8306307792663574,0.6293573379516602,0.629342257976532,1.5079975128173828e-05,0.0021649636328220367,3.907867807129151e-09,0.051721300929784775,1.042144845087023e-06,0.8306307792663574,8.850582844388555e-08,0.09115345776081085,7.656559546376229e-07,0.024329522624611855,3.2370099489753557e-08,True
2,0,0.7799885272979736,0.71198570728302,0.7119794487953186,6.258487701416016e-06,0.7799885272979736,1.5216560314001981e-06,0.13412390649318695,2.1212487411048642e-07,0.0758640393614769,5.877855642211216e-07,0.005007091443985701,5.150369020157086e-09,0.00501645402982831,4.541251374945432e-09,False
1,1,0.5867010951042175,0.9858458042144775,0.9858388900756836,6.9141387939453125e-06,0.2582339346408844,1.6130834410432726e-06,0.5867010951042175,1.2632561947611975e-06,0.14774517714977264,8.634546588837111e-07,0.004555448889732361,1.5142095355358265e-09,0.0027643765788525343,4.950042598039772e-10,True
0,0,0.9327470660209656,0.2991849184036255,0.2991838753223419,1.043081283569336e-06,0.9327470660209656,9.085395902275195e-08,0.04498813673853874,1.864769139103828e-08,0.019589325413107872,2.5587397090021113e-08,0.0011680234456434846,1.579343461566296e-10,0.001507437787950039,2.2598825588637794e-10,True
0,0,0.9504064917564392,0.23515157401561737,0.2351503223180771,1.2516975402832031e-06,0.9504064917564392,8.072326806995989e-08,0.03485381603240967,2.0054445215578198e-08,0.012556204572319984,1.8341102858698832e-08,0.0008891482139006257,1.714067776603656e-10,0.0012943026376888156,3.2495625634787473e-10,True
0,0,0.947179913520813,0.23846590518951416,0.2384643852710724,1.519918441772461e-06,0.947179913520813,1.2107925329019054e-07,0.0415460430085659,4.0904382103690295e-08,0.010177805088460445,1.8412977809134645e-08,0.0004642043204512447,6.497592741627756e-11,0.000632047769613564,1.0288967594584975e-10,True
0,0,0.8307914137840271,0.6268095970153809,0.6267934441566467,1.615285873413086e-05,0.8307914137840271,3.7889567465754226e-06,0.06018678471446037,7.961961046021315e-08,0.09070160239934921,1.8974718614117592e-06,0.008757087402045727,3.271565063300841e-08,0.009563115425407887,3.307971496724349e-08,True
0,0,0.9151899218559265,0.3595663607120514,0.3595641553401947,2.205371856689453e-06,0.9151899218559265,2.5930958713615837e-07,0.05448465421795845,4.8152010378998966e-08,0.02658247947692871,7.839454241320709e-08,0.001676715910434723,4.826063992879881e-10,0.002066263696178794,6.013836650886617e-10,True
0,0,0.9550178647041321,0.21817785501480103,0.2181767225265503,1.1324882507324219e-06,0.9550178647041321,8.160482423136273e-08,0.03149617835879326,2.395810305699797e-08,0.011388572864234447,1.3518696384551276e-08,0.0008414455805905163,1.0329457428293054e-10,0.0012559142196550965,1.854955911095857e-10,True
0,0,0.9230399131774902,0.3299970030784607,0.32999369502067566,3.3080577850341797e-06,0.9230399131774902,3.707550604303833e-07,0.052077312022447586,7.313969518918384e-08,0.022225644439458847,9.771056852514448e-08,0.0011901089455932379,4.5476519772158497e-10,0.001467025955207646,5.764032029453858e-10,True
0,0,0.9657644629478455,0.17618447542190552,0.1761833280324936,1.1473894119262695e-06,0.9657644629478455,6.438782662598896e-08,0.023172864690423012,1.6886424702988734e-08,0.009533226490020752,1.2747932487400249e-08,0.0006088746595196426,8.232946269171038e-11,0.0009205776150338352,1.5716083989758545e-10,True
0,0,0.9729880690574646,0.13916100561618805,0.13916073739528656,2.682209014892578e-07,0.9729880690574646,1.453473963408669e-08,0.022194556891918182,7.1989543215522644e-09,0.004181625787168741,1.1951458711578766e-09,0.00023657600104343146,6.334043099048836e-12,0.00039920146809890866,1.5640771663938402e-11,True
0,0,0.9665762186050415,0.16559526324272156,0.16559453308582306,7.301568984985352e-07,0.9665762186050415,3.868667519668634e-08,0.026949262246489525,1.4560111338823845e-08,0.005764110013842583,5.119927148911074e-09,0.0002800228539854288,1.9305189391527477e-11,0.0004304151516407728,3.923284266904581e-11,True
1,1,0.4577331244945526,1.1120685338974,1.1120491027832031,1.9431114196777344e-05,0.17157864570617676,2.946326958408463e-06,0.4577331244945526,1.8064014284391305e-06,0.3525310456752777,6.204827968758764e-06,0.012072947807610035,1.641991964618228e-08,0.006084180902689695,3.0753737334521247e-09,True
0,0,0.9695248007774353,0.1585647463798523,0.1585637629032135,9.834766387939453e-07,0.9695248007774353,4.9391655210229146e-08,0.0218487661331892,1.3966952927546572e-08,0.007531605660915375,8.848820343132502e-09,0.0004322419117670506,4.1498880720691744e-11,0.0006626007379963994,7.833676068935702e-11,True
0,0,0.9272047281265259,0.32236599922180176,0.3223636746406555,2.3245811462402344e-06,0.9272047281265259,2.6557086130196694e-07,0.043820254504680634,3.900153089375635e-08,0.025646498426795006,8.541438489828579e-08,0.0014933896018192172,4.697398581221535e-10,0.0018352493643760681,5.859870366720088e-10,True
0,0,0.9544956088066101,0.2192944884300232,0.2192935198545456,9.685754776000977e-07,0.9544956088066101,6.411922015558957e-08,0.03125377744436264,1.4735383579989048e-08,0.0127035453915596,1.5485156268368883e-08,0.0006555819418281317,7.278776886776583e-11,0.0008914672071114182,1.1736438210174782e-10,True
1,0,0.8120219111442566,0.65180504322052,0.6518033742904663,1.6689300537109375e-06,0.8120219111442566,3.0252607530201203e-07,0.10283686220645905,6.984838307744212e-08,0.07464586198329926,1.3690984701497655e-07,0.005167103838175535,1.3811870536173387e-09,0.005328330677002668,1.3601736403856535e-09,False
0,0,0.9717994928359985,0.14256155490875244,0.1425609588623047,5.960464477539062e-07,0.9717994928359985,3.2920876691378e-08,0.0242766123265028,1.8144007185583177e-08,0.0029853249434381723,1.396901816441698e-09,0.00031044683419167995,2.402224599795666e-11,0.0006282304530031979,8.202193091388921e-11,True
0,0,0.9497503638267517,0.23456604778766632,0.23456549644470215,5.513429641723633e-07,0.9497503638267517,4.300801847989533e-08,0.037229396402835846,1.551116568521138e-08,0.011171955615282059,8.313508104151879e-09,0.0007495232275687158,7.364569371004492e-11,0.0010988813592121005,1.4329844255644986e-10,True
0,0,0.9747512936592102,0.13430774211883545,0.1343073546886444,3.8743019104003906e-07,0.9747512936592102,2.0002616452075017e-08,0.01946677640080452,6.857593159992348e-09,0.004961015190929174,2.680253130549204e-09,0.0003073049883823842,1.5994783622574893e-11,0.0005137049593031406,3.7360364801841683e-11,True
2,2,0.7126156687736511,0.7422792911529541,0.7422704100608826,8.881092071533203e-06,6.575504085049033e-05,4.167274164634804e-12,0.002553396625444293,3.387079505756674e-09,0.7126156687736511,3.313994284326327e-06,0.2379453480243683,2.7455746476334753e-06,0.04681980609893799,5.661071966756026e-08,True
1,2,0.5941582918167114,1.1681737899780273,1.1681333780288696,4.0411949157714844e-05,0.12271641939878464,5.021596734877676e-06,0.18702809512615204,3.1636602670914726e-06,0.5941582918167114,8.630957381683402e-06,0.06156475469470024,5.507495188794564e-07,0.034532397985458374,1.1728962334700554e-07,False
0,0,0.9691774249076843,0.1612238734960556,0.1612221598625183,1.7136335372924805e-06,0.9691774249076843,8.108454352395711e-08,0.021438775584101677,2.1007330985867156e-08,0.008065478876233101,1.4911448076304623e-08,0.000516846776008606,1.0528960342481852e-10,0.0008014041814021766,2.1667166671957006e-10,True
0,0,0.9635339975357056,0.18157300353050232,0.18157222867012024,7.748603820800781e-07,0.9635339975357056,3.6435039874049835e-08,0.027510110288858414,1.2770330570788246e-08,0.0076051028445363045,6.096704474600756e-09,0.0005225802888162434,4.714208190481628e-11,0.0008281709742732346,9.991023286470835e-11,True
2,3,0.706584632396698,0.7944074869155884,0.7943896651268005,1.7821788787841797e-05,1.1158063273342123e-07,3.518768754029946e-17,1.2663658708333969e-05,2.5546166744494503e-13,0.19210682809352875,5.585578037425876e-06,0.706584632396698,5.538000095839379e-06,0.10129576176404953,5.173089689947119e-08,False
0,0,0.9727851748466492,0.14664502441883087,0.14664267003536224,2.3543834686279297e-06,0.9727851748466492,9.992167093741955e-08,0.018941020593047142,2.3753097266876466e-08,0.006726498249918222,1.729496545976872e-08,0.0005717517924495041,2.1256053861495872e-10,0.0009754967759363353,5.296136862398271e-10,True
0,0,0.9632682800292969,0.17954900860786438,0.17954835295677185,6.556510925292969e-07,0.9632682800292969,4.11077962780837e-08,0.029218191280961037,1.7453828604629962e-08,0.006549246609210968,4.130590980366833e-09,0.0003765315923374146,2.1555065024547737e-11,0.000587760005146265,4.38626322762925e-11,True
0,0,0.9445798993110657,0.25815972685813904,0.2581579387187958,1.7881393432617188e-06,0.9445798993110657,1.367205015867512e-07,0.036697011440992355,2.0399932409986832e-08,0.016425753012299538,4.1397022698674846e-08,0.0009826688328757882,2.349302974380407e-10,0.0013146455166861415,3.5306260692813396e-10,True
3,3,0.5402580499649048,0.969305694103241,0.9692743420600891,3.135204315185547e-05,1.3348350876185577e-05,6.123780410711988e-13,0.00034171208972111344,2.2692535350810061e-10,0.3263580799102783,1.3931701687397435e-05,0.5402580499649048,1.1584783351281658e-05,0.13302884995937347,1.651315386652641e-07,True
0,0,0.9513038992881775,0.23069511353969574,0.23069413006305695,9.834766387939453e-07,0.9513038992881775,7.690624670431134e-08,0.0345427505671978,2.1484721557385456e-08,0.01232514251023531,1.393748760847302e-08,0.0007572703761979938,8.791588984591314e-11,0.001070951926521957,1.4883105858842782e-10,True
0,0,0.9346643686294556,0.2928444743156433,0.2928425371646881,1.9371509552001953e-06,0.9346643686294556,2.064941639901008e-07,0.04430488124489784,5.079881404412845e-08,0.01813981495797634,4.344067505712701e-08,0.001233903574757278,2.740287163849331e-10,0.001657053828239441,3.888666610940561e-10,True
1,2,0.5850542187690735,1.1915217638015747,1.1914947032928467,2.7060508728027344e-05,0.1824033260345459,5.669061920343665e-06,0.12929169833660126,9.741788744577207e-07,0.5850542187690735,5.9242361203359906e-06,0.0639302060008049,3.686337208819168e-07,0.03932058438658714,9.610132423176765e-08,False
2,0,0.5678505897521973,1.0643833875656128,1.0643519163131714,3.147125244140625e-05,0.5678505897521973,1.3594912161352113e-05,0.08563623577356339,4.5130622794431474e-08,0.30127784609794617,9.813441465666983e-06,0.025098932906985283,1.424629800794719e-07,0.020136414095759392,7.165380111473496e-08,False
0,0,0.9545688033103943,0.22502464056015015,0.22502386569976807,7.748603820800781e-07,0.9545688033103943,4.899365535493416e-08,0.02714841440320015,1.456877374295118e-08,0.015548208728432655,1.375820790627813e-08,0.0011286585358902812,1.0488360874250091e-10,0.0016059421468526125,1.7688399356341478e-10,True
0,0,0.948826253414154,0.23748581111431122,0.2374841272830963,1.6838312149047852e-06,0.948826253414154,1.3215884564488078e-07,0.03790167346596718,4.213211113324178e-08,0.011569656431674957,2.221245942735095e-08,0.0007019978365860879,1.267294463813684e-10,0.0010004312498494983,2.14139109222522e-10,True
0,0,0.9748846888542175,0.13130082190036774,0.13130010664463043,7.152557373046875e-07,0.9748846888542175,2.7313541650642037e-08,0.020598405972123146,1.2316039743609508e-08,0.003927065059542656,2.5224116129152208e-09,0.0002177193819079548,1.523867490527131e-11,0.0003720850800164044,3.969600689823771e-11,True
0,0,0.967367947101593,0.16941389441490173,0.16941256821155548,1.3262033462524414e-06,0.967367947101593,6.757439052762493e-08,0.022308601066470146,1.581440045583804e-08,0.008827917277812958,1.3960004707769258e-08,0.0005877615767531097,9.407628842605931e-11,0.0009077402646653354,1.8333053131147636e-10,True
0,2,0.7326861619949341,0.8801463842391968,0.8801167607307434,2.962350845336914e-05,0.00960151944309473,1.047429591949367e-07,0.05976644903421402,1.7647146250965307e-06,0.7326861619949341,5.59370619157562e-07,0.14115406572818756,2.3612851691723336e-06,0.05679180845618248,2.5441877937737445e-07,False
0,0,0.9475242495536804,0.2547145187854767,0.2547125518321991,1.9669532775878906e-06,0.9475242495536804,1.7120146367233247e-07,0.028037432581186295,2.225206152672854e-08,0.020815720781683922,5.1711307236246284e-08,0.0015336385695263743,4.511640228077596e-10,0.0020889202132821083,6.92895185672171e-10,True
0,0,0.9605488777160645,0.19210748374462128,0.19210682809352875,6.556510925292969e-07,0.9605488777160645,3.521700264741412e-08,0.030221357941627502,1.1345534289830539e-08,0.007999235764145851,6.178662914635424e-09,0.00048641656758263707,3.8149317038715935e-11,0.0007441062480211258,7.63626245570137e-11,True
0,0,0.7262752652168274,0.8173885345458984,0.8173789381980896,9.59634780883789e-06,0.7262752652168274,2.9203711164882407e-06,0.1601695865392685,3.8493595866384567e-07,0.10221965610980988,1.2062932910339441e-06,0.005916716530919075,6.948372544002268e-09,0.005418780259788036,4.863580649328014e-09,True
0,0,0.8465480208396912,0.5607826113700867,0.5607752203941345,7.3909759521484375e-06,0.8465480208396912,1.607709009476821e-06,0.09044671058654785,1.953525696762881e-07,0.05548892542719841,5.388404247241851e-07,0.003615566762164235,3.578223273237313e-09,0.003900752170011401,3.347792709718078e-09,True
0,0,0.9446077346801758,0.25604361295700073,0.25604248046875,1.1324882507324219e-06,0.9446077346801758,8.649254823467345e-08,0.03872113674879074,2.2417193434876026e-08,0.014445063658058643,1.991218567809483e-08,0.0009294113260693848,1.3408106569468003e-10,0.0012966610956937075,2.2044424619060976e-10,True
0,0,0.9708012938499451,0.1478484869003296,0.14784781634807587,6.705522537231445e-07,0.9708012938499451,3.6715611884119426e-08,0.024185700342059135,1.9236994219795633e-08,0.0043023559264838696,2.26671925673827e-09,0.0002620037703309208,1.2038298309591244e-11,0.00044863848597742617,2.8920565595114134e-11,True
0,0,0.9633485674858093,0.1781790554523468,0.17817790806293488,1.1473894119262695e-06,0.9633485674858093,5.9322768919400914e-08,0.029734214767813683,2.4037609236415847e-08,0.006017396692186594,6.911129002418193e-09,0.00034814205719158053,3.812589827179025e-11,0.0005516057717613876,8.13337591720753e-11,True
0,0,0.589052140712738,1.0624184608459473,1.062394618988037,2.384185791015625e-05,0.589052140712738,9.748355296324007e-06,0.09138373285531998,6.206416713894214e-08,0.2719101905822754,6.5566800913074985e-06,0.025828687474131584,1.3593457026672695e-07,0.021825222298502922,8.053204680891213e-08,True
0,0,0.8979283571243286,0.41971179842948914,0.41970786452293396,3.933906555175781e-06,0.8979283571243286,5.607091679848963e-07,0.06062166020274162,6.997513679607437e-08,0.035493575036525726,1.840961374455219e-07,0.0026821685023605824,1.848311614871534e-09,0.003274265443906188,2.337856130907312e-09,True
2,2,0.623630940914154,0.8800207376480103,0.8800151944160461,5.543231964111328e-06,0.0003370052727404982,6.347146419560801e-11,0.0027332226745784283,1.868252219594524e-09,0.623630940914154,2.3438594780600397e-06,0.2894290089607239,1.7462303958382108e-06,0.0838698148727417,8.800974882205992e-08,True
0,0,0.9381720423698425,0.27014708518981934,0.2701455056667328,1.5795230865478516e-06,0.9381720423698425,1.3077962535135157e-07,0.048687469214200974,4.660314445459335e-08,0.011447497643530369,1.948822614394885e-08,0.0007000151090323925,1.2834931728544774e-10,0.0009929382940754294,2.2328412729866187e-10,True
0,0,0.939856231212616,0.28295156359672546,0.28295010328292847,1.4603137969970703e-06,0.939856231212616,1.38128882554156e-07,0.03183203563094139,1.648341907412032e-08,0.024418193846940994,4.8042874567499894e-08,0.0016949906712397933,3.618213229028555e-10,0.0021985224448144436,5.049198281703582e-10,True
1,0,0.9727703332901001,0.1376808136701584,0.13767997920513153,8.344650268554688e-07,0.9727703332901001,4.412456533486875e-08,0.023549750447273254,2.6574511480248475e-08,0.0031259339302778244,1.8026761194889218e-09,0.00019703948055393994,1.3493836256706082e-11,0.0003570496628526598,3.941025283893396e-11,False
0,0,0.9464389085769653,0.2437346875667572,0.24373336136341095,1.3262033462524414e-06,0.9464389085769653,1.0703132602429832e-07,0.04114428907632828,3.848002094741787e-08,0.010813160799443722,1.504897717552467e-08,0.0006569497054442763,8.59523771601367e-11,0.0009466789779253304,1.4801004866171752e-10,True
0,0,0.6342563629150391,0.9443492889404297,0.9443389177322388,1.0371208190917969e-05,0.6342563629150391,3.6897342852171278e-06,0.2270931750535965,8.034194820538687e-07,0.12796983122825623,1.4063865592106595e-06,0.00589318573474884,5.713840067755882e-09,0.004787366837263107,3.1873848005403715e-09,True
0,0,0.960461437702179,0.1950124204158783,0.19501149654388428,9.238719940185547e-07,0.960461437702179,5.3585907267006405e-08,0.028550351038575172,1.2787609193765093e-08,0.00957438163459301,1.1811228439739807e-08,0.0005707616801373661,6.376148220521571e-11,0.0008430772577412426,1.1525701920644948e-10,True
0,0,0.9739622473716736,0.13660089671611786,0.13660071790218353,1.7881393432617188e-07,0.9739622473716736,8.653152860915725e-09,0.020741386339068413,4.228414951512605e-09,0.0045014796778559685,1.009914707417181e-09,0.00029213816742412746,5.028569140946848e-12,0.000502769195009023,1.1874187397231672e-11,True
0,0,0.9034358263015747,0.3879210352897644,0.38791903853416443,1.996755599975586e-06,0.9034358263015747,2.944489949641138e-07,0.06876086443662643,9.409049539499392e-08,0.024470044299960136,5.1783075605271733e-08,0.0014913876075297594,2.728079984137821e-10,0.001841916935518384,3.360805522767407e-10,True
0,0,0.9802809953689575,0.10820115357637405,0.10820086300373077,2.905726432800293e-07,0.9802809953689575,1.2518110104053903e-08,0.016056379303336143,5.821606752220987e-09,0.0031604785472154617,1.0923376647653527e-09,0.000181028270162642,6.205265901809698e-12,0.00032121510594151914,1.6671322308758896e-11,True
0,0,0.9806264042854309,0.10700824856758118,0.1070079356431961,3.129243850708008e-07,0.9806264042854309,1.064449595133965e-08,0.015643009915947914,5.473852038306859e-09,0.0031772900838404894,7.219330133700907e-10,0.0001962257083505392,4.611384624847448e-12,0.0003570581029634923,1.2944119734403792e-11,True
0,0,0.9476724863052368,0.24749568104743958,0.24749398231506348,1.6987323760986328e-06,0.9476724863052368,1.5182631329935248e-07,0.034090396016836166,4.395284136649025e-08,0.01598532311618328,2.7963880100401184e-08,0.0009567802771925926,1.5712625645036837e-10,0.0012950546806678176,2.4507632034875826e-10,True
0,0,0.9704875946044922,0.15046077966690063,0.15046028792858124,4.917383193969727e-07,0.9704875946044922,2.304420299026333e-08,0.023898346349596977,1.0397244842863529e-08,0.004715710412710905,2.0806816269924866e-09,0.0003285864077042788,1.6173675246311525e-11,0.0005697485757991672,4.069225512104424e-11,True
1,2,0.6459638476371765,0.924220085144043,0.9241794943809509,4.0590763092041016e-05,0.028025997802615166,4.699306543898274e-07,0.27275335788726807,1.1471785910543986e-05,0.6459638476371765,1.1763974725909065e-05,0.03873436525464058,2.5208487386407796e-07,0.014522403478622437,2.5211887688669776e-08,False
1,0,0.8429693579673767,0.5601726770401001,0.5601649880409241,7.68899917602539e-06,0.8429693579673767,1.790477654139977e-06,0.10137782245874405,3.9303264998125087e-07,0.049586761742830276,4.3816942252306035e-07,0.0029272136744111776,2.439307866808349e-09,0.003138897707685828,2.2893851259198073e-09,False
0,0,0.5215227603912354,1.1475729942321777,1.1475638151168823,9.179115295410156e-06,0.5215227603912354,3.0947810500947526e-06,0.2151554673910141,1.7333316293388634e-07,0.2287607043981552,2.1138976080692373e-06,0.019128063693642616,3.884395027853316e-08,0.015432960353791714,2.2365338026020254e-08,True
0,0,0.9231724143028259,0.3280329406261444,0.3280300199985504,2.9206275939941406e-06,0.9231724143028259,3.5358979744160024e-07,0.05362304672598839,9.700669068024581e-08,0.020570380613207817,6.864370760695238e-08,0.001164839486591518,3.495980172019131e-10,0.0014692879049107432,4.617564941522545e-10,True
2,0,0.7104489207267761,0.8772104978561401,0.8771988153457642,1.1682510375976562e-05,0.7104489207267761,4.182012162345927e-06,0.09330152720212936,5.562398541769653e-08,0.17074225842952728,2.5578012810001383e-06,0.013387754559516907,2.6784624296283255e-08,0.012119638733565807,1.7438084753962357e-08,False
0,0,0.9473720788955688,0.24699465930461884,0.24699337780475616,1.2814998626708984e-06,0.9473720788955688,1.0995349697395795e-07,0.03606002405285835,2.7814133218839743e-08,0.014349197037518024,2.334295956529786e-08,0.0009253468597307801,1.4480584786813466e-10,0.0012934182304888964,2.3014722072556282e-10,True
0,0,0.9708074927330017,0.153793603181839,0.15379269421100616,9.08970832824707e-07,0.9708074927330017,4.749933424363917e-08,0.020928610116243362,1.4978471796212034e-08,0.00695704435929656,7.615981623132484e-09,0.0004955611657351255,5.3183655396304985e-11,0.0008113658404909074,1.1425251716934426e-10,True
0,0,0.8787183165550232,0.4639442563056946,0.46394142508506775,2.8312206268310547e-06,0.8787183165550232,4.6989086399662483e-07,0.0824982300400734,1.0328557920047388e-07,0.03373991325497627,1.214416300854282e-07,0.002302970504388213,7.838173443630581e-10,0.0027406010776758194,8.723013422695658e-10,True
0,0,0.9644039273262024,0.18645259737968445,0.18645060062408447,1.996755599975586e-06,0.9644039273262024,1.2050382736106258e-07,0.02069275826215744,1.637960522771209e-08,0.012338126078248024,3.186460162396543e-08,0.0010140695376321673,3.6968017536054276e-10,0.0015511835226789117,7.406794066966427e-10,True
1,0,0.8469845056533813,0.5801682472229004,0.5801456570625305,2.2590160369873047e-05,0.8469845056533813,4.7763123802724294e-06,0.06437867134809494,1.4125362213235348e-07,0.07473072409629822,2.3126233372749994e-06,0.006612683180719614,3.040740992332758e-08,0.007293415255844593,3.043773588728982e-08,False
0,0,0.9153322577476501,0.365379273891449,0.3653733730316162,5.900859832763672e-06,0.9153322577476501,7.655809213247267e-07,0.04900132864713669,9.07265871319396e-08,0.030734330415725708,2.441532274133351e-07,0.002200803253799677,2.0840966730162336e-09,0.002731340704485774,2.686732836210126e-09,True
0,0,0.9733055233955383,0.13324084877967834,0.13324038684368134,4.6193599700927734e-07,0.9733055233955383,2.2927011400497577e-08,0.023922115564346313,1.4774072631951185e-08,0.0024214040022343397,8.448943211725179e-10,0.00012493322719819844,3.592767793339502e-12,0.00022607385471928865,9.963382549549316e-12,True
0,0,0.9839856028556824,0.09022115170955658,0.090220607817173,5.438923835754395e-07,0.9839856028556824,1.3594761760771235e-08,0.013478434644639492,6.9237646727060564e-09,0.0022307541221380234,1.0647313031242334e-09,0.00010780473530758172,4.181344073067583e-12,0.0001974267652258277,1.1964916904472211e-11,True
0,0,0.8847746849060059,0.4695836901664734,0.46957945823669434,4.231929779052734e-06,0.8847746849060059,6.823734111094382e-07,0.04985862597823143,4.787924012816802e-08,0.05594811588525772,2.91471820901279e-07,0.004401801154017448,3.868394937711628e-09,0.0050166998989880085,4.577774159741921e-09,True
2,0,0.9719675183296204,0.14228715002536774,0.1422867476940155,4.023313522338867e-07,0.9719675183296204,2.1287322127250263e-08,0.023651376366615295,1.0193722310702924e-08,0.0037158734630793333,1.5796430830050667e-09,0.00023983317078091204,1.0453547749644798e-11,0.00042547471821308136,2.8123284950831717e-11,False
0,0,0.9865110516548157,0.07613790780305862,0.07613759487867355,3.129243850708008e-07,0.9865110516548157,5.488969723188575e-09,0.012316788546741009,3.7985854461908275e-09,0.0009643387165851891,1.3984979840842016e-10,6.363153079291806e-05,1.1915065288581328e-12,0.00014412040764000267,5.4850095819458655e-12,True
0,0,0.9419069290161133,0.26063838601112366,0.26063722372055054,1.1622905731201172e-06,0.9419069290161133,9.479252582877962e-08,0.04391391947865486,2.6429967547869637e-08,0.01236051507294178,1.8532597678699858e-08,0.0007554343319498003,1.1386213499831044e-10,0.0010632281191647053,1.9021112462880296e-10,True
0,0,0.9744974970817566,0.13175740838050842,0.13175685703754425,5.513429641723633e-07,0.9744974970817566,2.3337914711873964e-08,0.021623199805617332,1.1868297455919219e-08,0.003244160208851099,1.4256887892472037e-09,0.00022374997206497937,1.2706560630071362e-11,0.00041139544919133186,3.837511558524298e-11,True
2,2,0.8216602206230164,0.6614757776260376,0.6614656448364258,1.0132789611816406e-05,0.005793560761958361,1.5575654543908968e-08,0.03905157372355461,3.6418737181520555e-07,0.8216602206230164,2.1780893177947291e-07,0.10038323700428009,7.340639172070951e-07,0.03311137855052948,6.330946433763529e-08,True
2,2,0.7711831331253052,0.831788957118988,0.8317753672599792,1.3589859008789062e-05,0.02691311575472355,2.779848671252694e-07,0.06942906230688095,7.995257078619034e-07,0.7711831331253052,3.837407405171689e-07,0.09247589111328125,4.5721824903921515e-07,0.03999880701303482,5.5355066308493406e-08,True
4,3,0.6374087929725647,0.8956960439682007,0.8956758379936218,2.0205974578857422e-05,1.98755969904596e-06,1.2616750566930672e-14,8.648740913486108e-05,1.2906216893815436e-11,0.22627149522304535,6.959974143683212e-06,0.6374087929725647,6.857059361209394e-06,0.13623125851154327,7.894082187931417e-08,False
2,0,0.8423857688903809,0.5359845161437988,0.5359827280044556,1.7881393432617188e-06,0.8423857688903809,4.103146125089552e-07,0.12035930156707764,1.7727815304624528e-07,0.0337313748896122,5.506274192157434e-08,0.0016787162749096751,2.042011004732558e-10,0.0018448646878823638,2.074263399931553e-10,False
0,0,0.9773680567741394,0.11940854787826538,0.11940789222717285,6.556510925292969e-07,0.9773680567741394,2.5514390600278603e-08,0.019206533208489418,1.4470747267125716e-08,0.002955269766971469,1.3389900299642932e-09,0.00016837990551721305,6.612981429815479e-12,0.0003017094568349421,1.7702341328917903e-11,True
0,0,0.9532255530357361,0.23035964369773865,0.23035883903503418,8.046627044677734e-07,0.9532255530357361,7.023994186283744e-08,0.028366759419441223,1.647077674249431e-08,0.015455893240869045,1.573324404091636e-08,0.0012045687763020396,1.232292740072083e-10,0.0017473077168688178,2.0244496357069153e-10,True
2,2,0.8275452852249146,0.6518716812133789,0.6518658399581909,5.841255187988281e-06,0.007570750545710325,2.1077676493064246e-08,0.038268208503723145,1.9527217887116421e-07,0.8275452852249146,1.1825274270904629e-07,0.09448964148759842,3.15533043249161e-07,0.03212614730000496,2.8812552343993048e-08,True
0,0,0.9373742938041687,0.28331735730171204,0.2833152413368225,2.115964889526367e-06,0.9373742938041687,2.1243620551558706e-07,0.04211512207984924,4.518093277283697e-08,0.017908111214637756,4.843266054876949e-08,0.0011184412287548184,2.6817151277391815e-10,0.0014840360963717103,3.7852082579448165e-10,True
0,0,0.9200364351272583,0.33755093812942505,0.3375500738620758,8.642673492431641e-07,0.9200364351272583,1.0855605836468385e-07,0.05681455135345459,3.327567554833877e-08,0.020235158503055573,1.9349162272419562e-08,0.0012688057031482458,1.2584959463435297e-10,0.001645066193304956,1.805724458847635e-10,True
2,2,0.5706766843795776,0.9459589719772339,0.9459466934204102,1.2278556823730469e-05,0.00044899224303662777,1.8988415007026305e-10,0.004348841030150652,9.358346986232391e-09,0.5706766843795776,5.236866854829714e-06,0.3217109143733978,3.833851224044338e-06,0.10281460732221603,2.20375781623261e-07,True
0,0,0.9750895500183105,0.12883234024047852,0.12883181869983673,5.21540641784668e-07,0.9750895500183105,2.2038202374119464e-08,0.02115979604423046,1.1349894357692847e-08,0.00329044321551919,1.619760325866082e-09,0.000169442588230595,7.371221688590168e-12,0.00029082034598104656,1.8665007039952997e-11,True
0,0,0.9323962330818176,0.29347294569015503,0.2934715449810028,1.4007091522216797e-06,0.9323962330818176,1.2617185518593033e-07,0.05011282116174698,3.795788572347192e-08,0.015548949129879475,2.3411033112097357e-08,0.0008391017327085137,1.2749634681341604e-10,0.0011028613662347198,1.9558074604297815e-10,True
0,0,0.971942126750946,0.14504483342170715,0.14504410326480865,7.301568984985352e-07,0.971942126750946,3.2502583735549706e-08,0.022213619202375412,1.2605602783821723e-08,0.0050844163633883,3.990191288494316e-09,0.00028911742265336215,1.965496168598868e-11,0.0004707228799816221,4.296841008000207e-11,True
0,0,0.950978696346283,0.23627756536006927,0.2362760603427887,1.5050172805786133e-06,0.950978696346283,1.1727255611049259e-07,0.0310076717287302,2.124930631453026e-08,0.015725014731287956,3.218742961053067e-08,0.0009684877586551011,1.846275493599947e-10,0.0013202005065977573,2.7928762080797753e-10,True
0,0,0.975251317024231,0.12672366201877594,0.12672306597232819,5.960464477539062e-07,0.975251317024231,2.3723782049955844e-08,0.021635523065924644,1.4318101371202374e-08,0.002743709832429886,1.2337768584558262e-09,0.0001348054938716814,4.530781999578792e-12,0.00023461277305614203,1.142502325385264e-11,True
2,3,0.8224941492080688,0.5741954445838928,0.5741825699806213,1.2874603271484375e-05,6.2479665885462055e-09,3.0056496776272755e-19,8.117173138089129e-07,2.835554387524571e-15,0.05115338787436485,1.0824297760336776e-06,0.8224941492080688,2.5553920295351418e-06,0.12635158002376556,3.378891904048942e-07,False
0,0,0.9727449417114258,0.13860657811164856,0.13860586285591125,7.152557373046875e-07,0.9727449417114258,2.4890001171229414e-08,0.023265479132533073,1.146006578522929e-08,0.003341560484841466,2.2534392130069136e-09,0.00022950959100853652,1.9408738505255485e-11,0.00041849614353850484,5.607875622204439e-11,True
1,1,0.6605427265167236,0.9000579714775085,0.9000528454780579,5.125999450683594e-06,0.12308281660079956,3.362336542522826e-07,0.6605427265167236,1.0553937954682624e-06,0.20893196761608124,1.2424027318047592e-06,0.005037979688495398,2.4270629950251532e-09,0.0024044974707067013,5.921521606389035e-10,True
0,0,0.982443630695343,0.0979357361793518,0.09793546050786972,2.7567148208618164e-07,0.982443630695343,6.387500306459515e-09,0.01458443608134985,3.354021949064645e-09,0.0025096433237195015,4.540227360738669e-10,0.0001593428460182622,2.841116664847876e-12,0.00030290428549051285,8.641808622866787e-12,True
2,2,0.8244132995605469,0.6320375800132751,0.6320306062698364,6.973743438720703e-06,0.0024729338474571705,3.177090812656047e-09,0.028349274769425392,1.9644816973141133e-07,0.8244132995605469,2.5959289473576064e-07,0.11216109246015549,6.052575258763682e-07,0.032603513449430466,3.300182171983579e-08,True
0,0,0.9665648341178894,0.1704990565776825,0.17049837112426758,6.854534149169922e-07,0.9665648341178894,3.821414651383748e-08,0.02435867302119732,1.3065750259499964e-08,0.007831905968487263,5.503774325177346e-09,0.0004886683309450746,3.3266358417938235e-11,0.0007559163495898247,6.709776484425944e-11,True
0,0,0.9796856045722961,0.11143921315670013,0.11143869161605835,5.21540641784668e-07,0.9796856045722961,1.8033682991358546e-08,0.016306281089782715,9.492151065160215e-09,0.0034051649272441864,1.3478469451655428e-09,0.00021529691002797335,8.549955014813815e-12,0.0003876276023220271,2.352501179969657e-11,True
0,0,0.9596894383430481,0.20309805870056152,0.20309682190418243,1.2367963790893555e-06,0.9596894383430481,8.94276368512692e-08,0.025229578837752342,2.3462638054638774e-08,0.012976817786693573,1.7487639780711106e-08,0.000862090673763305,1.1934932209189952e-10,0.00124210468493402,2.0790165422557294e-10,True
0,0,0.8480951189994812,0.5573795437812805,0.5573763847351074,3.159046173095703e-06,0.8480951189994812,6.178905209708319e-07,0.08905015885829926,6.025825882716163e-08,0.05528509244322777,2.410873207736586e-07,0.0036341212689876556,1.5629235683434217e-09,0.003935560118407011,1.4628311895137358e-09,True
0,0,0.9510291218757629,0.22152136266231537,0.22151942551136017,1.9371509552001953e-06,0.9510291218757629,1.6420922577253805e-07,0.04039148613810539,8.300536080696475e-08,0.007737667765468359,1.2141807559373774e-08,0.0003474692930467427,3.843591764307597e-11,0.0004942449741065502,6.446929795567158e-11,True
0,0,0.9369131326675415,0.28925463557243347,0.28925010561943054,4.5299530029296875e-06,0.9369131326675415,4.287113313239388e-07,0.03897823020815849,6.179792677585283e-08,0.020794305950403214,1.2812549243790272e-07,0.0014247497310861945,1.0263538907651082e-09,0.0018896873807534575,1.5383390117307272e-09,True
0,0,0.9692455530166626,0.16266049444675446,0.16265864670276642,1.8477439880371094e-06,0.9692455530166626,9.600815786825478e-08,0.02036488987505436,2.085511319194211e-08,0.00874532200396061,1.996306764340261e-08,0.000636512937489897,1.5963383392936237e-10,0.0010077650658786297,3.2879052258572017e-10,True
0,0,0.9786009192466736,0.11961233615875244,0.11961176246404648,5.736947059631348e-07,0.9786009192466736,2.5097746103597274e-08,0.015500384382903576,8.346526136904231e-09,0.004787810146808624,3.2287914564221865e-09,0.00039514407399110496,2.7690221643394963e-11,0.000715823785867542,7.036436711072014e-11,True
0,0,0.9717468619346619,0.14704982936382294,0.1470489799976349,8.493661880493164e-07,0.9717468619346619,3.639923917830856e-08,0.021754369139671326,1.2191581966192189e-08,0.0056048245169222355,5.439704242604648e-09,0.0003401416470296681,2.9922814226424066e-11,0.0005537791876122355,6.460770807237282e-11,True
0,0,0.9249452948570251,0.338958740234375,0.3389551341533661,3.606081008911133e-06,0.9249452948570251,4.4535522647493053e-07,0.03581991419196129,3.66389123485078e-08,0.03340446576476097,1.6741151398491638e-07,0.0025722633581608534,1.4947126869557792e-09,0.003258144948631525,1.949023831215868e-09,True
3,2,0.5418654084205627,0.9443137049674988,0.9442907571792603,2.294778823852539e-05,0.0001500174985267222,4.705746556310508e-11,0.0024797942023724318,6.740032088004e-09,0.5418654084205627,1.0585773452476133e-05,0.35694000124931335,8.20211698737694e-06,0.09856473654508591,2.667182172899629e-07,False
0,0,0.9504205584526062,0.24219757318496704,0.24219612777233124,1.4454126358032227e-06,0.9504205584526062,9.356921282233088e-08,0.029035497456789017,1.622962031433417e-08,0.0172454621642828,2.8283375641535713e-08,0.001362898969091475,3.235463008621764e-10,0.001935494365170598,5.689948512355159e-10,True
0,0,0.957697331905365,0.20480377972126007,0.20480303466320038,7.450580596923828e-07,0.957697331905365,5.102561928538307e-08,0.03154761716723442,1.8176123717239534e-08,0.009142487309873104,7.87381893019301e-09,0.0006346162408590317,5.60801925730825e-11,0.0009779698448255658,1.0886522239239582e-10,True
0,0,0.9733083844184875,0.14533570408821106,0.145334854722023,8.493661880493164e-07,0.9733083844184875,3.564318262760935e-08,0.017789600417017937,8.813663576745512e-09,0.007280305027961731,6.5174070584816945e-09,0.0006039946456439793,6.739009350553715e-11,0.0010176763171330094,1.5885341653198992e-10,True
0,0,0.9727562069892883,0.14110714197158813,0.1411065310239792,6.109476089477539e-07,0.9727562069892883,3.438950457734791e-08,0.022053249180316925,1.7390338058476118e-08,0.00436606677249074,2.2221062767613375e-09,0.00030024704756215215,1.5931650096390193e-11,0.0005242967163212597,4.021677088572595e-11,True
0,0,0.9448497891426086,0.25245964527130127,0.2524583637714386,1.2814998626708984e-06,0.9448497891426086,1.2140132810145587e-07,0.04064036160707474,4.817978904725351e-08,0.012471215799450874,1.3704410939396894e-08,0.0008361775544472039,7.851331390584804e-11,0.0012024345342069864,1.2631036494514802e-10,True
0,0,0.9779955148696899,0.12064988911151886,0.120649054646492,8.344650268554688e-07,0.9779955148696899,3.426224637337327e-08,0.01683017984032631,1.3659452235970093e-08,0.004306162241846323,3.5151417332457413e-09,0.00031105411471799016,2.4978881810189257e-11,0.0005571292713284492,6.29717181177547e-11,True
1,2,0.6535714268684387,0.8652060031890869,0.8651853799819946,2.0623207092285156e-05,0.017315272241830826,6.145332065443654e-08,0.2862694263458252,7.185887170635397e-06,0.6535714268684387,5.886628969165031e-06,0.032245900481939316,1.372897884266422e-07,0.010597980581223965,1.635016388945587e-08,False
2,2,0.8408786654472351,0.6256582140922546,0.6256513595581055,6.854534149169922e-06,0.009488542564213276,4.2713292458529395e-08,0.0523720383644104,3.599203068915813e-07,0.8408786654472351,1.9140823326324607e-07,0.073016457259655,1.705077750102646e-07,0.02424428053200245,1.1280474332409085e-08,True
2,2,0.6936856508255005,0.8671301603317261,0.8671030402183533,2.7120113372802734e-05,0.018101034685969353,1.0729901589456858e-07,0.22795382142066956,7.773759534757119e-06,0.6936856508255005,5.9544818213908e-06,0.04464507848024368,2.925059163771948e-07,0.015614445321261883,2.9318117711341074e-08,True
3,3,0.8025115132331848,0.6305015683174133,0.6304864287376404,1.5139579772949219e-05,1.3786727315334701e-08,1.0619230966621543e-18,2.282772356920759e-06,1.6589506190208686e-14,0.08070188760757446,2.13238968171936e-06,0.8025115132331848,3.2192497201322112e-06,0.11678435653448105,1.7473234947829042e-07,True
0,0,0.9410958290100098,0.2756320834159851,0.2756301760673523,1.9073486328125e-06,0.9410958290100098,1.7012810360483854e-07,0.034877847880125046,2.2979479652462942e-08,0.02072698250412941,5.3738798300173585e-08,0.0014181184815242887,4.469571379672743e-10,0.0018812100170180202,6.774841798673492e-10,True
0,0,0.9528394937515259,0.22287210822105408,0.22287113964557648,9.685754776000977e-07,0.9528394937515259,7.286437408993152e-08,0.03537009283900261,2.5226137623235445e-08,0.009975074790418148,1.0170029263179003e-08,0.0007206536247394979,7.491165326944937e-11,0.001094664679840207,1.3899274786677296e-10,True
0,0,0.936209499835968,0.2891157269477844,0.2891138195991516,1.9073486328125e-06,0.936209499835968,2.0559946278808638e-07,0.04127257689833641,5.109878742359797e-08,0.019697919487953186,4.5058264674935344e-08,0.0012268893187865615,2.8697719200998506e-10,0.0015931585803627968,4.0655800948030674e-10,True
0,0,0.9588748812675476,0.20645301043987274,0.20645132660865784,1.6838312149047852e-06,0.9588748812675476,9.431523295688748e-08,0.02510748617351055,1.2891669953773999e-08,0.01399195846170187,3.18329327342326e-08,0.0008460969547741115,2.1410055672799189e-10,0.001179519109427929,3.65319663409025e-10,True
1,2,0.7911925315856934,0.7465122938156128,0.7464972734451294,1.5020370483398438e-05,0.006633410695940256,2.44755078426806e-08,0.06589771807193756,1.1472484402474947e-06,0.7911925315856934,1.4663574177120609e-07,0.10177333652973175,8.432760409959883e-07,0.034502994269132614,7.087256648219409e-08,False
0,0,0.9853801727294922,0.0834837406873703,0.08348332345485687,4.172325134277344e-07,0.9853801727294922,9.204638828919087e-09,0.012558436952531338,5.329206853588175e-09,0.001668513985350728,4.5719286689838157e-10,0.00012606149539351463,3.793862359685596e-12,0.00026674263062886894,1.4009225203504005e-11,True
0,0,0.9539271593093872,0.2144467830657959,0.21444621682167053,5.662441253662109e-07,0.9539271593093872,3.407938820032541e-08,0.03671173006296158,1.3856383596078103e-08,0.008156201802194118,4.898064176472872e-09,0.00048090817290358245,3.093622580330191e-11,0.0007240217528305948,6.28537985547517e-11,True
0,0,0.7882489562034607,0.6799765229225159,0.6799685955047607,7.927417755126953e-06,0.7882489562034607,2.1821740574523574e-06,0.1396867334842682,3.798448915404151e-07,0.0650295838713646,6.285536073846743e-07,0.0035394092556089163,3.1731006711055443e-09,0.0034953602589666843,2.5527111535694758e-09,True
2,2,0.737920343875885,0.8345119953155518,0.8345060348510742,5.9604644775390625e-06,0.006285722833126783,1.4374058388000321e-08,0.032626163214445114,1.4143756743578706e-07,0.737920343875885,5.220990146881377e-07,0.16103021800518036,6.084346750867553e-07,0.06213754415512085,8.450171407048401e-08,True
0,0,0.9570060968399048,0.20972344279289246,0.20972204208374023,1.4007091522216797e-06,0.9570060968399048,9.595462557854262e-08,0.0303227249532938,2.7398055379990183e-08,0.0109045235440135,1.770808033541016e-08,0.0007144634728319943,1.033136839967419e-10,0.0010522117372602224,1.7723218725951284e-10,True
0,0,0.9741576313972473,0.1340140402317047,0.13401341438293457,6.258487701416016e-07,0.9741576313972473,2.8223688275375025e-08,0.02137170173227787,1.3559477096691808e-08,0.003880975069478154,2.2289132761699193e-09,0.00021786066645290703,1.1205384710388788e-11,0.000371891277609393,2.7453480461181456e-11,True
0,0,0.9808255434036255,0.10963378846645355,0.10963346064090729,3.2782554626464844e-07,0.9808255434036255,8.566049203295734e-09,0.013549039140343666,2.880342409028458e-09,0.00465413136407733,1.5283034837665355e-09,0.00034811216755770147,1.4430332796744327e-11,0.0006231475854292512,4.0429569414524025e-11,True
0,0,0.9668117761611938,0.17217621207237244,0.17217539250850677,8.195638656616211e-07,0.9668117761611938,4.2370547959080795e-08,0.022278590127825737,1.036045649271955e-08,0.009358313865959644,8.92639651084437e-09,0.0006155846640467644,6.633692900548382e-11,0.0009357414091937244,1.310408032084709e-10,True
0,0,0.9755515456199646,0.13331741094589233,0.13331711292266846,2.980232238769531e-07,0.9755515456199646,1.4336459130959156e-08,0.017332708463072777,4.4824339795468404e-09,0.006058040540665388,2.4088639971608927e-09,0.0003997801977675408,1.8771276200091336e-11,0.0006579942419193685,4.435647335543358e-11,True
0,0,0.8642988204956055,0.5158590078353882,0.5158571600914001,1.8477439880371094e-06,0.8642988204956055,3.43826513926615e-07,0.08008970320224762,6.972467048171893e-08,0.04820702597498894,1.0290170138205212e-07,0.003470437368378043,9.172031467663544e-10,0.003934009000658989,1.014021089318362e-09,True
0,0,0.9644924998283386,0.175754114985466,0.17575298249721527,1.1324882507324219e-06,0.9644924998283386,6.101973326622101e-08,0.02763768471777439,2.2611052585830294e-08,0.006904008332639933,8.075438096000198e-09,0.0003812469949480146,4.190009103566261e-11,0.0005845125997439027,8.361852182892093e-11,True
0,0,0.9080026745796204,0.39711993932724,0.39711686968803406,3.069639205932617e-06,0.9080026745796204,4.006663516520348e-07,0.04267723113298416,3.340647225513749e-08,0.04170631244778633,1.7230237858711916e-07,0.0034251082688570023,1.7171574162588854e-09,0.00418862933292985,2.130062792815579e-09,True
0,0,0.8590494394302368,0.5404058694839478,0.5404009222984314,4.947185516357422e-06,0.8590494394302368,9.7662291409506e-07,0.062065817415714264,6.386302686678391e-08,0.06884290277957916,4.33358621876323e-07,0.004854066763073206,4.6735397774000376e-09,0.005187728442251682,4.848602408458191e-09,True
2,0,0.8289821743965149,0.6178396940231323,0.6178324222564697,7.271766662597656e-06,0.8289821743965149,1.6070871424744837e-06,0.09301650524139404,1.2615456057574193e-07,0.06571705639362335,6.249238140298985e-07,0.005788424517959356,7.700722726156073e-09,0.006495893932878971,7.908634636066836e-09,False
0,0,0.9585770964622498,0.19905859231948853,0.19905760884284973,9.834766387939453e-07,0.9585770964622498,6.024509957569535e-08,0.0321224145591259,2.547296595878379e-08,0.008031481876969337,7.63414753635061e-09,0.0005023095873184502,4.699929681550863e-11,0.0007666783058084548,9.364522352006688e-11,True
0,0,0.9503217935562134,0.24227944016456604,0.2422756403684616,3.7997961044311523e-06,0.9503217935562134,3.063051678964257e-07,0.029107099398970604,4.4063416027029234e-08,0.017391815781593323,8.591710098926342e-08,0.00132335617672652,7.724192951918951e-10,0.0018559808377176523,1.2464455023675214e-09,True
0,0,0.9474619030952454,0.23223693668842316,0.23223470151424408,2.2351741790771484e-06,0.9474619030952454,1.8990253636275156e-07,0.04441751539707184,9.354639729508563e-08,0.007123363204300404,1.3939980725297119e-08,0.00039766720146872103,6.757041454141799e-11,0.0005995074170641601,1.2696252382760065e-10,True
0,0,0.9063291549682617,0.39309757947921753,0.3930900990962982,7.4803829193115234e-06,0.9063291549682617,1.0133607020179625e-06,0.056597501039505005,1.2201768129216362e-07,0.031603336334228516,3.0346126322911005e-07,0.002430034102872014,3.389338587567181e-09,0.0030400000978261232,4.6250252516699675e-09,True
0,0,0.9759021997451782,0.1313013732433319,0.13130028545856476,1.087784767150879e-06,0.9759021997451782,4.940135767128595e-08,0.017300955951213837,1.659309134538489e-08,0.005846576299518347,6.602736135619125e-09,0.0003609172999858856,4.007099860259267e-11,0.0005893941852264106,8.909132459544722e-11,True
0,0,0.9582989811897278,0.2067868709564209,0.20678631961345673,5.513429641723633e-07,0.9582989811897278,3.913121560117361e-08,0.027875104919075966,9.037516512933053e-09,0.011859724298119545,8.864580181011661e-09,0.0007988407160155475,6.818935693875261e-11,0.0011673943372443318,1.2395889870120413e-10,True
0,0,0.9543533325195312,0.2240273356437683,0.22402551770210266,1.817941665649414e-06,0.9543533325195312,1.22650718026307e-07,0.029253551736474037,2.123535658427045e-08,0.013875745236873627,3.182544716651137e-08,0.001027198857627809,2.947767308025817e-10,0.0014901506947353482,5.284754855949814e-10,True
0,0,0.9204595685005188,0.34019601345062256,0.34019362926483154,2.384185791015625e-06,0.9204595685005188,3.0275043627625564e-07,0.05360357090830803,7.907956245389869e-08,0.02256561815738678,5.963732974123559e-08,0.0014753317227587104,3.7744196657030216e-10,0.0018959001172333956,4.997501856784936e-10,True
2,0,0.9663284420967102,0.16391921043395996,0.16391830146312714,9.08970832824707e-07,0.9663284420967102,5.0539160412199635e-08,0.028528515249490738,2.2721165393591036e-08,0.004545824136584997,4.377974871516699e-09,0.0002290815900778398,1.9148529983858964e-11,0.00036818100488744676,4.2545088979606405e-11,False
0,0,0.95693439245224,0.20406775176525116,0.20406679809093475,9.5367431640625e-07,0.95693439245224,6.171281796696348e-08,0.03401488810777664,2.4431768608224047e-08,0.007846913300454617,8.113035576684524e-09,0.00047784275375306606,5.340847208934463e-11,0.0007260057027451694,1.0664663596671176e-10,True
1,2,0.6031830310821533,0.953799307346344,0.9537836313247681,1.5676021575927734e-05,0.0634453222155571,6.344845928651921e-07,0.30701977014541626,3.691745860123774e-06,0.6031830310821533,5.7071679293585476e-06,0.01905178837478161,2.565064427528796e-08,0.007300097029656172,3.301632967023238e-09,False
0,0,0.893953263759613,0.43270963430404663,0.43270570039749146,3.933906555175781e-06,0.893953263759613,6.312104119388096e-07,0.058306481689214706,7.667374291031592e-08,0.041979286819696426,2.2897836515767267e-07,0.0026866255793720484,1.3401679765934205e-09,0.003074416657909751,1.4010077542536692e-09,True
1,0,0.8023979067802429,0.6962287425994873,0.6962162852287292,1.245737075805664e-05,0.8023979067802429,3.2454684060212458e-06,0.05680105835199356,5.882634468434844e-08,0.11692478507757187,1.8385958355793264e-06,0.011633368209004402,3.307360429971595e-08,0.012242880649864674,3.106778123651566e-08,False
0,0,0.9686474204063416,0.16229647397994995,0.16229529678821564,1.1771917343139648e-06,0.9686474204063416,6.481234038346884e-08,0.02286916971206665,2.457807291023073e-08,0.00714882044121623,7.72164199247527e-09,0.0005084591684862971,4.863656699605201e-11,0.0008261292241513729,9.825355806736269e-11,True
2,2,0.7756051421165466,0.7865254878997803,0.7865164875984192,9.000301361083984e-06,0.008078341372311115,2.599359127941625e-08,0.06334500014781952,5.669601250701817e-07,0.7756051421165466,2.1919976234130445e-07,0.11236138641834259,5.546331749428646e-07,0.04061013460159302,6.154623832799189e-08,True
0,0,0.9682567715644836,0.15510714054107666,0.1551063358783722,8.046627044677734e-07,0.9682567715644836,4.584733304113797e-08,0.027583738788962364,2.7501267041429855e-08,0.003592606633901596,2.219075145859506e-09,0.00020776540623046458,1.0714249799870235e-11,0.00035918341018259525,2.5811967147015835e-11,True
0,0,0.9807371497154236,0.1069282814860344,0.10692787170410156,4.0978193283081055e-07,0.9807371497154236,1.3427985834368883e-08,0.015298554673790932,4.9865760409772975e-09,0.003404715796932578,1.766142787573699e-09,0.00020214670803397894,1.204105131574762e-11,0.0003574735892470926,3.376484508654798e-11,True
0,0,0.9804439544677734,0.10721663385629654,0.10721608251333237,5.513429641723633e-07,0.9804439544677734,1.612077227264308e-08,0.016066793352365494,7.841410187836573e-09,0.002997562987729907,1.152860251707466e-09,0.0001754286204231903,8.001262846724089e-12,0.00031619591754861176,2.317789883632404e-11,True
2,2,0.5718449950218201,0.8794127702713013,0.8794049620628357,7.808208465576172e-06,2.3342212443822064e-05,3.775681752925947e-13,0.00046184263192117214,7.888376757358984e-11,0.5718449950218201,3.902693151758285e-06,0.3563517928123474,3.0877890822011977e-06,0.07131806761026382,5.88178714622245e-08,True
0,2,0.412541925907135,1.223769187927246,1.2237333059310913,3.5881996154785156e-05,0.39215975999832153,1.3441243027045857e-05,0.1273656189441681,4.798471309186425e-07,0.412541925907135,1.085327039618278e-05,0.03927791118621826,2.6985813406099624e-07,0.028654813766479492,1.1354843820754468e-07,False
0,0,0.9499088525772095,0.23913967609405518,0.23913894593715668,7.301568984985352e-07,0.9499088525772095,5.769172162217728e-08,0.03282501921057701,1.4064973186123098e-08,0.015062856487929821,1.5063614355881327e-08,0.0009280266240239143,1.0750894618993811e-10,0.0012752999318763614,1.794843162983284e-10,True
0,0,0.9422805905342102,0.2633174955844879,0.26331648230552673,1.0132789611816406e-06,0.9422805905342102,9.213059826151948e-08,0.04136794060468674,2.7045967243566338e-08,0.014024334028363228,1.6629840615678404e-08,0.0009628712432458997,1.2718309738701805e-10,0.001364338444545865,2.1337107081187412e-10,True
0,0,0.9542030692100525,0.21787790954113007,0.21787695586681366,9.5367431640625e-07,0.9542030692100525,6.276185615661234e-08,0.034204769879579544,1.9817743890371275e-08,0.00987368542701006,1.1154664747436982e-08,0.0006847422337159514,9.230354675038299e-11,0.001033774227835238,1.8307055871247258e-10,True
0,0,0.9290189146995544,0.3008233308792114,0.30082210898399353,1.2218952178955078e-06,0.9290189146995544,1.2170383456577838e-07,0.05560149624943733,4.473818648875749e-08,0.013280252926051617,1.8304932680734964e-08,0.000872044067364186,1.2625643586172686e-10,0.0012273184256628156,2.0859194926892144e-10,True
1,0,0.9209185838699341,0.3440439701080322,0.3440420627593994,1.9073486328125e-06,0.9209185838699341,2.274108226174576e-07,0.04861330986022949,4.1270197925769025e-08,0.02638343907892704,6.704735966422959e-08,0.0018038618145510554,4.813470178000046e-10,0.0022808394860476255,6.328593205040534e-10,False
0,0,0.6512181162834167,0.9256035089492798,0.9255947470664978,8.761882781982422e-06,0.6512181162834167,3.2191903756029205e-06,0.21471662819385529,4.802852799912216e-07,0.12275991588830948,1.2193896736789611e-06,0.006145836785435677,4.588667668059543e-09,0.005159544292837381,2.5202151476833023e-09,True
0,0,0.9765985608100891,0.12674453854560852,0.12674389779567719,6.407499313354492e-07,0.9765985608100891,2.3246576219548842e-08,0.017755908891558647,7.567996895829765e-09,0.0048512425273656845,3.485213229126316e-09,0.00029641095898114145,2.350574249132542e-11,0.0004978757933713496,5.7717327445194755e-11,True
1,2,0.6073709726333618,1.0420680046081543,1.0420483350753784,1.9669532775878906e-05,0.10075914859771729,1.412182541571383e-06,0.24895398318767548,3.2474654290126637e-06,0.6073709726333618,6.582064088433981e-06,0.029459113255143166,8.001705253946056e-08,0.013456788845360279,1.2924457948315649e-08,False
0,2,0.4606455862522125,1.2218893766403198,1.2218576669692993,3.170967102050781e-05,0.34675756096839905,1.18546377052553e-05,0.1169537901878357,3.029019524092291e-07,0.4606455862522125,9.65836807154119e-06,0.044348496943712234,2.717431186738395e-07,0.0312945656478405,1.0101067005052755e-07,False
0,0,0.979669988155365,0.11485400795936584,0.11485350131988525,5.066394805908203e-07,0.979669988155365,1.6150639936540756e-08,0.014455978758633137,4.1956278451493745e-09,0.004884698893874884,3.0622748781183873e-09,0.0003583584330044687,2.6387033183472575e-11,0.0006309988093562424,6.8272804076841e-11,True
1,1,0.6396012306213379,0.9128797054290771,0.9128690958023071,1.0609626770019531e-05,0.1154692992568016,5.491439765137329e-07,0.6396012306213379,2.009209538300638e-06,0.2386152744293213,3.1392146411235444e-06,0.004401763901114464,3.4720439856528174e-09,0.0019123951205983758,6.125863705186418e-10,True
0,0,0.9636909365653992,0.17154020071029663,0.17153941094875336,7.897615432739258e-07,0.9636909365653992,4.8424649179423795e-08,0.03191473335027695,2.980269186991791e-08,0.0038085938431322575,2.3898847345549257e-09,0.00021748033759649843,1.4337016816801107e-11,0.0003683410759549588,3.609715304442318e-11,True
0,0,0.9647032022476196,0.17596621811389923,0.1759655773639679,6.407499313354492e-07,0.9647032022476196,3.576674245664435e-08,0.027186542749404907,1.4606293063934572e-08,0.006891449447721243,4.584956414532826e-09,0.00046711089089512825,3.341737303541592e-11,0.0007517104968428612,7.222161757525214e-11,True
0,0,0.9739574790000916,0.13470545411109924,0.1347048431634903,6.109476089477539e-07,0.9739574790000916,2.840582347118925e-08,0.021584657952189445,1.2988642161815278e-08,0.0038879893254488707,2.5548438919997807e-09,0.00021187351376283914,1.2919428547808476e-11,0.0003580435295589268,3.1517916748713404e-11,True
0,0,0.9690237045288086,0.15981075167655945,0.15981034934520721,4.023313522338867e-07,0.9690237045288086,2.15674589298942e-08,0.023040035739541054,7.830006865106043e-09,0.006780467461794615,3.127909931066597e-09,0.00044372357660904527,2.4091336564557864e-11,0.0007121217786334455,5.4064436955103545e-11,True
0,0,0.9823562502861023,0.09651742875576019,0.0965171679854393,2.60770320892334e-07,0.9823562502861023,7.821140179942176e-09,0.015427333302795887,5.40492717249208e-09,0.0018933512037619948,2.4942040099951157e-10,0.00010927851690212265,9.664747301074694e-13,0.00021375618234742433,2.920686262286587e-12,True
2,2,0.7369899749755859,0.804306149482727,0.8042812347412109,2.491474151611328e-05,0.016440559178590775,1.1787697218323956e-07,0.18886388838291168,5.985490133753046e-06,0.7369899749755859,4.709604581876192e-06,0.043262120336294174,2.411167656646285e-07,0.01444344874471426,2.220587980161781e-08,True
0,0,0.8551241755485535,0.5213001370429993,0.5212967991828918,3.337860107421875e-06,0.8551241755485535,6.954289233362942e-07,0.09941696375608444,1.8387071065717464e-07,0.04107391834259033,1.4972795270296047e-07,0.0021135013084858656,7.016587311170497e-10,0.0022714254446327686,6.947241115717873e-10,True
1,0,0.9794324040412903,0.11286348849534988,0.112862728536129,7.599592208862305e-07,0.9794324040412903,2.830843826018281e-08,0.016193827614188194,1.3560075728946686e-08,0.0038376699667423964,2.387529507430486e-09,0.0001991849858313799,8.30539543389408e-12,0.00033691313001327217,1.8815221949908256e-11,False
0,0,0.9576708078384399,0.19621804356575012,0.1962173879146576,6.556510925292969e-07,0.9576708078384399,4.56744650989549e-08,0.035775963217020035,2.4886304572646623e-08,0.005853101145476103,3.5532898845502814e-09,0.00027929095085710287,1.3219608567538454e-11,0.00042087226756848395,2.584616201617429e-11,True
0,2,0.423797607421875,1.3068575859069824,1.3067846298217773,7.295608520507812e-05,0.31286007165908813,2.334927376068663e-05,0.17503619194030762,1.3035593156018876e-06,0.423797607421875,1.9454615539871156e-05,0.05106168985366821,8.51977972615714e-07,0.037244487553834915,3.34357167730559e-07,False
0,0,0.8714513182640076,0.49536457657814026,0.495361864566803,2.7120113372802734e-06,0.8714513182640076,5.083882683720731e-07,0.07652000337839127,6.648978256862392e-08,0.04518204927444458,1.6682791681432718e-07,0.003189828246831894,1.2219100176125153e-09,0.0036568772047758102,1.257795201325962e-09,True
0,0,0.9462527632713318,0.2558131814002991,0.2558118402957916,1.341104507446289e-06,0.9462527632713318,1.2935767301769374e-07,0.031697288155555725,2.989610692338829e-08,0.01935710199177265,2.9928994393912944e-08,0.0011606378247961402,1.5830697863705723e-10,0.0015322569524869323,2.253735392754308e-10,True
0,0,0.9470382928848267,0.2534352242946625,0.2534325420856476,2.682209014892578e-06,0.9470382928848267,2.1664831706402765e-07,0.0316837802529335,2.7723549678171366e-08,0.018314436078071594,6.888982539976496e-08,0.0012569025857374072,5.049028972692327e-10,0.001706613227725029,7.677233848646381e-10,True
2,2,0.637678861618042,0.8823536038398743,0.8823380470275879,1.5556812286376953e-05,0.0004560379311442375,2.5214086374347744e-10,0.006842190865427256,3.007417248568345e-08,0.637678861618042,5.603824774880195e-06,0.2744138836860657,4.43524595539202e-06,0.0806090235710144,2.30775825116325e-07,True
1,1,0.39623257517814636,1.1533565521240234,1.153340458869934,1.609325408935547e-05,0.302229642868042,3.77532023776439e-06,0.39623257517814636,8.114687943816534e-07,0.2881845235824585,4.999801603844389e-06,0.008545647375285625,1.1208780570370891e-08,0.004807641729712486,3.0183375798742418e-09,True
0,0,0.9635424613952637,0.173012375831604,0.17301154136657715,8.344650268554688e-07,0.9635424613952637,5.604414710091987e-08,0.031571634113788605,3.1470591466131737e-08,0.00431866804137826,3.02956770781293e-09,0.00021646067034453154,1.1901511894063521e-11,0.0003508592490106821,2.6091790186755226e-11,True
0,0,0.9582281112670898,0.2141081839799881,0.21410326659679413,4.9173831939697266e-06,0.9582281112670898,3.1412631074090314e-07,0.021577730774879456,2.6096167005107418e-08,0.01670876517891884,1.085404477407792e-07,0.00141369819175452,1.4267552694846586e-09,0.002071660477668047,2.684544808673195e-09,True
0,0,0.42983752489089966,1.1651039123535156,1.1650892496109009,1.4662742614746094e-05,0.42983752489089966,4.888705916528124e-06,0.2719665467739105,6.448204317166528e-07,0.27806025743484497,4.0007585084822495e-06,0.01215550396591425,2.080037297957915e-08,0.00798018928617239,8.272960982935729e-09,True
0,0,0.9655939340591431,0.1689813733100891,0.1689804643392563,9.08970832824707e-07,0.9655939340591431,5.2154010887761615e-08,0.02807018533349037,2.4492191386116247e-08,0.0055847205221652985,5.157681837175687e-09,0.00029198857373557985,2.5826290758756976e-11,0.0004592259938362986,5.656797946729242e-11,True
4,3,0.8449039459228516,0.5190337896347046,0.5190243124961853,9.47713851928711e-06,1.6590370188751535e-09,1.6995485510061787e-20,3.365533700616652e-07,4.189933706283714e-16,0.03910837322473526,6.358794166771986e-07,0.8449039459228516,1.4870848872305942e-06,0.11598733812570572,2.1263471694510372e-07,False
0,0,0.947012722492218,0.25197502970695496,0.25197431445121765,7.152557373046875e-07,0.947012722492218,6.688955522804463e-08,0.03351878002285957,2.3322829889593777e-08,0.016671769320964813,1.0151700813310072e-08,0.00117058539763093,6.098457155934156e-11,0.0016261533601209521,9.48159467606402e-11,True
0,0,0.9474700093269348,0.24505563080310822,0.2450544834136963,1.1473894119262695e-06,0.9474700093269348,8.732610012884834e-08,0.037259217351675034,2.0173521519950555e-08,0.013189065270125866,1.9862524069935716e-08,0.0008609766373410821,1.410805777757318e-10,0.0012207749532535672,2.419259514940819e-10,True
2,2,0.6867709755897522,1.0467545986175537,1.046743631362915,1.0967254638671875e-05,0.08937922865152359,1.2069525610058918e-06,0.0602748766541481,2.0959028290690185e-07,0.6867709755897522,8.575502192798012e-07,0.1037585511803627,3.5229203376729856e-07,0.0598163977265358,9.872032080693316e-08,True
0,0,0.9715167880058289,0.1451777219772339,0.1451767086982727,1.0132789611816406e-06,0.9715167880058289,5.046527107310794e-08,0.02364514209330082,2.6354451065913054e-08,0.004002876579761505,3.0703359854555856e-09,0.00029775864095427096,2.3914212624043252e-11,0.0005374226020649076,6.246340250593008e-11,True
0,0,0.9740002751350403,0.13560514152050018,0.1356048732995987,2.682209014892578e-07,0.9740002751350403,9.935418709972055e-09,0.02123652771115303,6.229540439051107e-09,0.003964498173445463,5.687798565467972e-10,0.00028601541998796165,4.685323743564007e-12,0.0005126334144733846,1.3282460201158308e-11,True
3,3,0.677791178226471,0.8459300994873047,0.8459070324897766,2.3066997528076172e-05,6.505864007522177e-07,1.667326017275848e-15,4.1499119106447324e-05,3.9174414580289696e-12,0.1928967386484146,7.120275768102147e-06,0.677791178226471,7.260808160935994e-06,0.12926997244358063,9.693044944469875e-08,True
2,2,0.8037406802177429,0.702434778213501,0.7024307250976562,4.0531158447265625e-06,0.004642946179956198,3.644720081297237e-09,0.04373421147465706,1.6648958478526765e-07,0.8037406802177429,1.6311511785715993e-07,0.11162514984607697,3.16845159886725e-07,0.036256998777389526,3.366893608358623e-08,True
0,2,0.568523108959198,1.0901520252227783,1.0901262760162354,2.574920654296875e-05,0.13241882622241974,2.7605606192082632e-06,0.2600434720516205,3.4261208838870516e-06,0.568523108959198,8.692455594427884e-06,0.026383092626929283,9.217417584750365e-08,0.012631485238671303,1.743993927050269e-08,False
0,0,0.9937878847122192,0.03987672179937363,0.039876539260149,1.825392246246338e-07,0.9937878847122192,1.7114785144656253e-09,0.0056755575351417065,1.2258951631594073e-09,0.0004486589750740677,3.798832429180443e-11,2.5182971512549557e-05,1.7726392456760692e-13,6.270643643802032e-05,9.101200695860179e-13,True
0,0,0.9628826379776001,0.1867154836654663,0.186714768409729,7.152557373046875e-07,0.9628826379776001,4.717883683724722e-08,0.026256171986460686,1.387528847374142e-08,0.009264050982892513,7.466944396128383e-09,0.0006300784880295396,5.935894831221589e-11,0.000967100088018924,1.187447501438399e-10,True
0,0,0.9500110745429993,0.23053868114948273,0.2305373251438141,1.3560056686401367e-06,0.9500110745429993,1.1270613953229258e-07,0.03844452276825905,4.081699600533284e-08,0.01020894106477499,1.508857927490226e-08,0.0005529986810870469,7.259402801107484e-11,0.0007824950153008103,1.2303627561216501e-10,True
0,0,0.9604501724243164,0.18555106222629547,0.18555018305778503,8.791685104370117e-07,0.9604501724243164,5.593704699435875e-08,0.03382393717765808,2.856958936092724e-08,0.00499033322557807,3.6726697238975703e-09,0.00028119274065829813,1.8715459737528306e-11,0.00045435052015818655,4.058570146625584e-11,True
0,0,0.9747482538223267,0.13733088970184326,0.13733002543449402,8.642673492431641e-07,0.9747482538223267,4.132094844067069e-08,0.017692063003778458,1.353749468080423e-08,0.006364926230162382,6.481991832174572e-09,0.000449829560238868,5.241126976862631e-11,0.0007450336706824601,1.215334916038202e-10,True
2,2,0.6869264245033264,0.8218874931335449,0.8218650221824646,2.2470951080322266e-05,0.00036820050445385277,2.233756513092544e-10,0.009196222759783268,7.356923248380554e-08,0.6869264245033264,6.982463673921302e-06,0.23975889384746552,5.961554506939137e-06,0.06375021487474442,2.499150468793232e-07,True
2,1,0.3656754195690155,1.1651114225387573,1.1651026010513306,8.821487426757812e-06,0.3249748647212982,2.508202214812627e-06,0.3656754195690155,6.221172839104838e-07,0.2945882976055145,2.4871401365089696e-06,0.009358356706798077,5.701974448157898e-09,0.005403043236583471,1.6008555592250673e-09,False
1,0,0.6528642177581787,0.855809211730957,0.8558040857315063,5.125999450683594e-06,0.6528642177581787,2.099568519042805e-06,0.2690466344356537,9.547403578835656e-07,0.0721561387181282,2.5261340397264576e-07,0.0031511548440903425,7.537233059906612e-10,0.0027818214148283005,4.726506963592669e-10,False
0,0,0.9739452600479126,0.13457176089286804,0.13457095623016357,8.046627044677734e-07,0.9739452600479126,3.2221038281932124e-08,0.02155402861535549,1.3530687681395648e-08,0.004025941248983145,3.4860019315630097e-09,0.00018173786520492285,1.1897485600875779e-11,0.0002930646587628871,2.6253643356510814e-11,True
0,0,0.9577915072441101,0.19985421001911163,0.19985328614711761,9.238719940185547e-07,0.9577915072441101,6.545355546450082e-08,0.03400152549147606,2.735476201110032e-08,0.007029187865555286,6.510484595878552e-09,0.0004570234741549939,4.3148797035375e-11,0.000720767886377871,9.027465580624394e-11,True
0,0,0.9644754528999329,0.17456264793872833,0.17456190288066864,7.450580596923828e-07,0.9644754528999329,3.82197562487363e-08,0.028590543195605278,1.366787127921043e-08,0.00591322872787714,5.2622781687716724e-09,0.0003878983261529356,3.950810859021381e-11,0.0006329025491140783,9.070073164751946e-11,True
0,0,0.9757976531982422,0.1366811990737915,0.13668039441108704,8.046627044677734e-07,0.9757976531982422,2.7218112208515777e-08,0.014278617687523365,4.307270540238051e-09,0.007912063971161842,6.95420210305997e-09,0.000743995129596442,1.0348816248395565e-10,0.0012675963807851076,2.565860857117741e-10,True
2,2,0.8574047088623047,0.5636255741119385,0.5636196136474609,5.9604644775390625e-06,0.0048100631684064865,7.959521930445135e-09,0.033764954656362534,1.9804670614576025e-07,0.8574047088623047,9.781834364730457e-08,0.07998913526535034,3.242249135837483e-07,0.02403116039931774,2.2278408451370524e-08,True
0,0,0.8746568560600281,0.47925782203674316,0.47925445437431335,3.3676624298095703e-06,0.8746568560600281,5.591085709966137e-07,0.08061283081769943,1.283180495192937e-07,0.03935260698199272,1.5160860300511558e-07,0.0025100314524024725,9.559744107434653e-10,0.0028675757348537445,1.0596943322838115e-09,True
2,2,0.8029543161392212,0.7006713151931763,0.7006614804267883,9.834766387939453e-06,0.002626270754262805,3.005550697210424e-09,0.055814314633607864,6.481356535914529e-07,0.8029543161392212,1.6978566463876632e-07,0.10743051022291183,6.953230808903754e-07,0.031174704432487488,4.48734098768e-08,True
0,0,0.9761011004447937,0.12339328974485397,0.12339257448911667,7.152557373046875e-07,0.9761011004447937,2.7229113186422182e-08,0.02080930583178997,1.629158319360613e-08,0.0027309057768434286,1.3105178053862687e-09,0.00013091920118313283,5.428351344816118e-12,0.00022770199575461447,1.4288226851677521e-11,True
0,0,0.9499843716621399,0.23168542981147766,0.23168455064296722,8.791685104370117e-07,0.9499843716621399,6.990728707023663e-08,0.03839707374572754,2.701003332106211e-08,0.009905124083161354,8.664766681931724e-09,0.0006867251358926296,5.6860609970454945e-11,0.0010267068864777684,1.0101711134247182e-10,True
0,0,0.9638779759407043,0.17837068438529968,0.17836983501911163,8.493661880493164e-07,0.9638779759407043,5.253942703120629e-08,0.028176695108413696,1.890397527404275e-08,0.006848633289337158,6.374154093435891e-09,0.000426455691922456,4.2777253961290285e-11,0.0006702725659124553,8.991254268897464e-11,True
0,0,0.8733318448066711,0.49710917472839355,0.49710556864738464,3.606081008911133e-06,0.8733318448066711,6.526859692712605e-07,0.06476885080337524,7.275221491909178e-08,0.053907956928014755,2.4895328465390776e-07,0.0037763535510748625,2.1168955477435247e-09,0.004215009044855833,2.239855190211415e-09,True
0,0,0.9529039263725281,0.22111013531684875,0.2211092710494995,8.642673492431641e-07,0.9529039263725281,7.090059028769247e-08,0.035094477236270905,2.7256092494098993e-08,0.01087543461471796,9.164212499968016e-09,0.0004807807563338429,2.7110929820550744e-11,0.0006453845999203622,4.080312823728782e-11,True
0,0,0.9768676161766052,0.12630943953990936,0.12630732357501984,2.115964889526367e-06,0.9768676161766052,8.324614952925913e-08,0.01700577698647976,2.5825206861895822e-08,0.00531052378937602,1.3065433179804131e-08,0.00030900188721716404,6.491496229443783e-11,0.0005071279010735452,1.4269574410974428e-10,True
0,0,0.9639382362365723,0.17937487363815308,0.17937467992305756,1.9371509552001953e-07,0.9639382362365723,1.4009919446777985e-08,0.02745078317821026,6.092152116110583e-09,0.007389394100755453,1.8824788394766756e-09,0.00047495323815383017,1.1538677131828212e-11,0.0007467344403266907,2.4276943302870002e-11,True
2,2,0.6405478715896606,0.8786199688911438,0.8786008954048157,1.9073486328125e-05,0.00047212428762577474,4.0990685845621044e-10,0.006589996162801981,3.8181127592906705e-08,0.6405478715896606,6.682259481749497e-06,0.27216050028800964,5.612031600321643e-06,0.08022956550121307,2.059476997828824e-07,True
2,2,0.7554947733879089,0.7970530986785889,0.797034740447998,1.8358230590820312e-05,0.012271004728972912,5.7107286011159886e-08,0.1542959213256836,3.818079221673543e-06,0.7554947733879089,2.3450454591511516e-06,0.05831431970000267,2.8942829999323294e-07,0.019623983651399612,2.3630917667105678e-08,True
2,2,0.7770241498947144,0.8290651440620422,0.8290601968765259,4.947185516357422e-06,0.06313461065292358,3.4504648738220567e-07,0.07002385705709457,1.688024156010215e-07,0.7770241498947144,4.053017619298771e-07,0.06149871274828911,8.949707819283503e-08,0.02831866778433323,1.7228449777917376e-08,True
0,0,0.8286222815513611,0.6369377970695496,0.6368729472160339,6.4849853515625e-05,0.8286222815513611,1.5553263438050635e-05,0.051823824644088745,1.0616722789791311e-07,0.09684049338102341,7.579230441479012e-06,0.0107625313103199,1.992467559830402e-07,0.011950834654271603,2.1576639142040221e-07,True
0,0,0.9747768640518188,0.13038086891174316,0.13038040697574615,4.6193599700927734e-07,0.9747768640518188,2.0973770276100367e-08,0.021381953731179237,1.130314597475035e-08,0.0033080652356147766,1.3402542409224338e-09,0.00019241763220634311,6.201237440217611e-12,0.0003407303593121469,1.5457161592347113e-11,True
0,0,0.9741935133934021,0.13727840781211853,0.1372780203819275,3.8743019104003906e-07,0.9741935133934021,1.2786332881375984e-08,0.019440706819295883,4.0734344786130805e-09,0.005537046119570732,2.4109652052572983e-09,0.00031745416345074773,1.0986397555590166e-11,0.0005112579674459994,2.2871675040003758e-11,True
0,0,0.9192501902580261,0.3419806659221649,0.3419787287712097,1.9371509552001953e-06,0.9192501902580261,2.4181363755815255e-07,0.05626189336180687,5.7462681724018694e-08,0.02122901752591133,4.901163208614889e-08,0.0014190523652359843,3.2354141588086804e-10,0.0018398339161649346,4.3712486408331586e-10,True
1,0,0.7423936128616333,0.7507789731025696,0.7507761716842651,2.8014183044433594e-06,0.7423936128616333,7.623596616213035e-07,0.18002721667289734,2.149082405367153e-07,0.07239223271608353,2.343749940791895e-07,0.002750070532783866,6.413642394953456e-10,0.0024368930608034134,4.440641188097061e-10,False
0,0,0.9750553369522095,0.13068126142024994,0.13068079948425293,4.6193599700927734e-07,0.9750553369522095,1.703384810980424e-08,0.020377391949295998,7.493356157795006e-09,0.003994772210717201,1.7222001602590353e-09,0.0002137795090675354,8.896089594145895e-12,0.0003587162063922733,2.203998268612839e-11,True
0,0,0.9775126576423645,0.11573389917612076,0.11573357880115509,3.203749656677246e-07,0.9775126576423645,1.39624276584982e-08,0.020309796556830406,9.03465302570794e-09,0.001898623420856893,4.90180118717376e-10,9.658027556724846e-05,1.9114586215923657e-12,0.0001823871280066669,5.592312203595018e-12,True
1,0,0.7770691514015198,0.6278195381164551,0.6278171539306641,2.384185791015625e-06,0.7770691514015198,7.898475473666622e-07,0.19433441758155823,5.173928343538137e-07,0.025543225929141045,3.1862388283343535e-08,0.001421009423211217,1.3071878302017836e-10,0.0016322259325534105,1.3841090773514253e-10,False
0,0,0.9417263865470886,0.26200541853904724,0.26200446486473083,9.5367431640625e-07,0.9417263865470886,8.534228612688821e-08,0.04388346150517464,3.1964955127250505e-08,0.01235495787113905,1.2320112041663833e-08,0.0008354163146577775,9.58859242006227e-11,0.0011998051777482033,1.6984472162029363e-10,True
0,0,0.974836528301239,0.1338426023721695,0.1338420957326889,5.066394805908203e-07,0.974836528301239,2.0433096992178434e-08,0.019362516701221466,7.960078818314287e-09,0.0050430940464138985,2.3419945982539048e-09,0.0002872494515031576,1.2265288611146286e-11,0.00047058393829502165,2.7899208984716317e-11,True
0,0,0.9181391596794128,0.34340012073516846,0.3433983027935028,1.817941665649414e-06,0.9181391596794128,2.1301565311659942e-07,0.05839193984866142,5.506337075189549e-08,0.020454907789826393,4.367616313061262e-08,0.0013126526027917862,2.9734295581285153e-10,0.001701281638815999,4.1684480867054674e-10,True
0,0,0.8231201171875,0.6163468360900879,0.6163423657417297,4.470348358154297e-06,0.8231201171875,1.044461555466114e-06,0.10766375064849854,1.4857543817470287e-07,0.06084490567445755,3.314367518214567e-07,0.004063656087964773,2.8027293819121724e-09,0.004307595547288656,2.714625413346994e-09,True
1,0,0.9335635304450989,0.2941373884677887,0.2941358685493469,1.519918441772461e-06,0.9335635304450989,1.6549343229144142e-07,0.04665045067667961,4.656847707451561e-08,0.01723160780966282,3.038423557200076e-08,0.0010918659390881658,2.0414876733543252e-10,0.001462612533941865,3.16975112824025e-10,False
2,2,0.7592194080352783,0.7677187323570251,0.7676987051963806,2.002716064453125e-05,0.010370330885052681,3.483851074292943e-08,0.1653011292219162,4.643785359803587e-06,0.7592194080352783,2.9027335131104337e-06,0.04954993724822998,2.7349170750312624e-07,0.015559199266135693,2.3518619940432473e-08,True
1,0,0.9729642868041992,0.13492734730243683,0.134926900267601,4.470348358154297e-07,0.9729642868041992,2.1659024795894766e-08,0.024095183238387108,1.4164818651352107e-08,0.0025734149385243654,8.800344897252899e-10,0.00013223719724919647,3.606873480443973e-12,0.00023490251624025404,9.389781487068039e-12,False
0,0,0.9618534445762634,0.17861154675483704,0.17861047387123108,1.0728836059570312e-06,0.9618534445762634,7.499698284618717e-08,0.03339308500289917,4.5861003883373996e-08,0.0041301134042441845,3.3426859058494074e-09,0.00023318022431340069,1.7978446856248276e-11,0.00039025882142595947,4.306575582257999e-11,True
3,3,0.8006154894828796,0.629142165184021,0.629123330116272,1.8835067749023438e-05,1.799368476440577e-08,2.5142750288590314e-18,2.0684838091256097e-06,1.8656478339745992e-14,0.07056789100170135,2.2873216494190274e-06,0.8006154894828796,3.8413545553339645e-06,0.12881453335285187,3.2465302979289845e-07,True
2,1,0.4655766189098358,1.0006812810897827,1.0006719827651978,9.298324584960938e-06,0.4176771640777588,3.0679541396239074e-06,0.4655766189098358,8.398862973990617e-07,0.11028619855642319,1.026576114782074e-06,0.0037649457808583975,2.363541584671225e-09,0.0026950642932206392,9.957976665475599e-10,False
0,0,0.9745680093765259,0.13140639662742615,0.13140539824962616,9.98377799987793e-07,0.9745680093765259,4.2386631093904725e-08,0.021426154300570488,1.9975098908275868e-08,0.0035030145663768053,3.3683114075699905e-09,0.00018560209718998522,1.6058361237969443e-11,0.0003172378346789628,3.99542898765759e-11,True
1,1,0.5232707858085632,1.00491464138031,1.004899024963379,1.5616416931152344e-05,0.08859312534332275,9.533401907901862e-07,0.5232707858085632,2.849462134690839e-06,0.37012946605682373,5.419585704657948e-06,0.012500399723649025,1.766062673880242e-08,0.0055061765015125275,2.655944797425036e-09,True
0,0,0.9796680808067322,0.11397675424814224,0.11397548019886017,1.2740492820739746e-06,0.9796680808067322,4.5656907587954265e-08,0.014877292327582836,1.3369032103582867e-08,0.004644937813282013,7.690001524451873e-09,0.00029839863418601453,4.876877721105011e-11,0.0005114456871524453,1.1837336666431497e-10,True
0,0,0.8722234964370728,0.46703463792800903,0.46703311800956726,1.519918441772461e-06,0.8722234964370728,2.9220316832834214e-07,0.09449964016675949,1.083894360931481e-07,0.03045453503727913,4.932000052804142e-08,0.0013435977743938565,1.4489287547547747e-10,0.0014787897234782577,1.4798974545815469e-10,True
0,0,0.9421535730361938,0.2606657147407532,0.26066356897354126,2.1457672119140625e-06,0.9421535730361938,1.9013096164144372e-07,0.04326063022017479,5.7238434436612806e-08,0.012659341096878052,3.2806262595386215e-08,0.0007992653409019113,1.808382610324344e-10,0.0011272330302745104,2.844057211959239e-10,True
1,0,0.7741265296936035,0.728736400604248,0.7287306189537048,5.781650543212891e-06,0.7741265296936035,1.799942310753977e-06,0.1265365481376648,3.90918415860142e-07,0.08926504850387573,5.191870400267362e-07,0.005176570266485214,2.3374313595780905e-09,0.004895274061709642,1.6129991786684172e-09,False
0,0,0.954570472240448,0.22175151109695435,0.2217494696378708,2.041459083557129e-06,0.954570472240448,1.5156413724071172e-07,0.029861798509955406,4.170501455291742e-08,0.013413406908512115,2.988188541053205e-08,0.0008881110697984695,2.228522921754461e-10,0.0012662007939070463,3.924837954638605e-10,True
0,0,0.9656994938850403,0.16956016421318054,0.16955959796905518,5.662441253662109e-07,0.9656994938850403,2.931827403074294e-08,0.02748054638504982,1.3551836097747127e-08,0.005995773710310459,3.0136733109031866e-09,0.00032118638046085835,1.636024475615283e-11,0.000502967566717416,3.61772764523316e-11,True
2,0,0.9578664898872375,0.2074655443429947,0.20746462047100067,9.238719940185547e-07,0.9578664898872375,5.283471793404715e-08,0.028457647189497948,9.506912590495631e-09,0.011992461048066616,1.4766520450848475e-08,0.0006975039141252637,8.193797029765193e-11,0.0009858662961050868,1.3800938170049903e-10,False
0,0,0.9609101414680481,0.19122692942619324,0.19122619926929474,7.301568984985352e-07,0.9609101414680481,5.2824134399998e-08,0.02961890771985054,2.147999822454949e-08,0.008218000642955303,5.76556091758107e-09,0.000496213324368,2.9068364035267358e-11,0.0007567834109067917,5.463781510561816e-11,True
0,0,0.8774000406265259,0.4843149781227112,0.4843105375766754,4.4405460357666016e-06,0.8774000406265259,7.627909894836193e-07,0.06659867614507675,6.936915042388136e-08,0.04830947518348694,2.908943201873626e-07,0.003577612806111574,2.6746536097022044e-09,0.004114198032766581,2.950504951471089e-09,True
2,2,0.6962780952453613,0.7685812711715698,0.7685719132423401,9.357929229736328e-06,8.994529343908653e-05,6.291107825656672e-12,0.002429219428449869,2.3794066716931184e-09,0.6962780952453613,3.752601287487778e-06,0.2485235035419464,2.9156797154428205e-06,0.05267926678061485,8.850688004713447e-08,True
2,1,0.3528062403202057,1.2171177864074707,1.2171062231063843,1.1563301086425781e-05,0.3496275842189789,3.415143055462977e-06,0.3528062403202057,1.1351123703207122e-06,0.26621243357658386,2.438952151351259e-06,0.01841849461197853,2.318997793793187e-08,0.012935264967381954,9.85851400514548e-09,False
0,0,0.9300863146781921,0.31840062141418457,0.3183966875076294,3.933906555175781e-06,0.9300863146781921,4.036706968690851e-07,0.03686485067009926,3.196151254769575e-08,0.028393134474754333,1.5853254353714874e-07,0.0020467136055231094,1.3563756784407133e-09,0.0026089472230523825,1.8520582845127365e-09,True
0,0,0.9772209525108337,0.12675157189369202,0.1267506331205368,9.387731552124023e-07,0.9772209525108337,3.82026961176507e-08,0.0159162487834692,1.2967542595276882e-08,0.005580222699791193,4.8831574339658346e-09,0.00046543162898160517,4.8880191561018194e-11,0.0008171867812052369,1.239829905408385e-10,True
0,0,0.9665296673774719,0.16719548404216766,0.16719450056552887,9.834766387939453e-07,0.9665296673774719,5.5537785925707794e-08,0.026330789551138878,2.2732956850290975e-08,0.006264200899749994,5.858689533511097e-09,0.00034167245030403137,2.2374097366495427e-11,0.0005336281028576195,4.216730783990208e-11,True
0,0,0.962141215801239,0.1857050210237503,0.18570438027381897,6.407499313354492e-07,0.962141215801239,4.1268069850275424e-08,0.028955915942788124,1.769966395670508e-08,0.007837980054318905,4.953104593141688e-09,0.00042697228491306305,2.18231197002261e-11,0.0006379286060109735,4.024646241274077e-11,True
1,0,0.8917441368103027,0.4197006821632385,0.41969895362854004,1.7285346984863281e-06,0.8917441368103027,3.072695164973993e-07,0.07666593790054321,9.920122323592295e-08,0.02875903621315956,5.433797056753065e-08,0.0013318192213773727,1.4696270589364957e-10,0.0014991610078141093,1.4519832558512746e-10,False
0,0,0.9592830538749695,0.19495239853858948,0.19495122134685516,1.1771917343139648e-06,0.9592830538749695,7.695862080936422e-08,0.03198056295514107,2.7582279571447543e-08,0.007815299555659294,1.1070914851529778e-08,0.00037584491656161845,3.862663661147181e-11,0.0005452902987599373,6.699753946071141e-11,True
0,0,0.9179582595825195,0.3495173454284668,0.3495153486728668,1.996755599975586e-06,0.9179582595825195,2.0779567933004728e-07,0.05417513847351074,4.5937753156977124e-08,0.02425837144255638,6.035831745521136e-08,0.00159453006926924,3.8018060921629626e-10,0.0020136300008744,4.917978801977085e-10,True
0,0,0.9797579646110535,0.1083448976278305,0.10834435373544693,5.438923835754395e-07,0.9797579646110535,1.7542843622209148e-08,0.017487281933426857,1.0291688390395848e-08,0.0023901050444692373,8.793042960419939e-10,0.00012823796714656055,3.765548636791571e-12,0.000236377542023547,1.046870749810136e-11,True
0,0,0.5961329340934753,1.0620802640914917,1.062057375907898,2.288818359375e-05,0.5961329340934753,9.008124834508635e-06,0.11847257614135742,7.168340232510673e-08,0.24543242156505585,5.995694209559588e-06,0.02166893146932125,1.0477528888941379e-07,0.018293166533112526,6.206323632795829e-08,True
0,0,0.7660133242607117,0.7800147533416748,0.7800000309944153,1.4722347259521484e-05,0.7660133242607117,4.340710802352987e-06,0.09143512696027756,1.1635911079110883e-07,0.11934871971607208,2.1726962131651817e-06,0.01146705448627472,3.6369371514410886e-08,0.011735807172954082,3.1662288790812454e-08,True
3,2,0.5893620252609253,0.9102920293807983,0.910282552242279,9.47713851928711e-06,0.00019542335940059274,3.6574084039120436e-11,0.0034984603989869356,5.719364093437207e-09,0.5893620252609253,4.042306500195991e-06,0.3198046386241913,3.266645308031002e-06,0.08713948726654053,9.812035273171205e-08,False
0,0,0.9152361154556274,0.34910887479782104,0.34910762310028076,1.2516975402832031e-06,0.9152361154556274,1.4461802777532284e-07,0.062167178839445114,4.564768829595778e-08,0.02004951983690262,3.035518858496289e-08,0.0011272942647337914,2.1946049144627722e-10,0.001419974840246141,3.231301892725469e-10,True
3,3,0.7697169184684753,0.699302613735199,0.6992781758308411,2.4437904357910156e-05,4.068705194981703e-08,9.553456310232189e-18,6.5393733166274615e-06,1.479210227613506e-13,0.11425595730543137,4.920389528706437e-06,0.7697169184684753,5.7751180975174066e-06,0.1160205751657486,8.834694398274223e-08,True
0,0,0.9569109082221985,0.20724767446517944,0.20724618434906006,1.4901161193847656e-06,0.9569109082221985,1.0537428352108691e-07,0.032213516533374786,3.94212058552057e-08,0.009418918751180172,1.3698982392895687e-08,0.0005849245353601873,9.238159542901414e-11,0.000871742726303637,1.7601425872371124e-10,True
1,2,0.5332003831863403,1.2418509721755981,1.2417842149734497,6.67572021484375e-05,0.18049485981464386,1.1778702173614874e-05,0.19532181322574615,4.367194378573913e-06,0.5332003831863403,1.6631098333164118e-05,0.05634133145213127,8.575499350627069e-07,0.03464166447520256,2.385309301189409e-07,False
0,0,0.9793508648872375,0.11408036947250366,0.11408000439405441,3.650784492492676e-07,0.9793508648872375,1.4229676104093869e-08,0.01625685766339302,5.494413368722917e-09,0.003475308883935213,1.447700292978027e-09,0.0003128260432276875,1.7892414980180682e-11,0.0006042006425559521,5.5723974046184566e-11,True
0,0,0.6138855814933777,1.0285826921463013,1.0285460948944092,3.6597251892089844e-05,0.6138855814933777,1.438139133824734e-05,0.11751120537519455,1.0084779944463662e-07,0.2350260317325592,9.689319995231926e-06,0.018329955637454987,1.2362055201720068e-07,0.015247232280671597,6.942072872107019e-08,True
2,2,0.8135902285575867,0.6672583222389221,0.6672359108924866,2.2411346435546875e-05,0.0017438583308830857,3.0356090974237304e-09,0.04803914949297905,1.1585589163587429e-06,0.8135902285575867,4.5670969939237693e-07,0.10768575966358185,1.8385575231150142e-06,0.028941018506884575,1.0880881262664843e-07,True
0,0,0.951835572719574,0.2249613106250763,0.22496068477630615,6.258487701416016e-07,0.951835572719574,5.064166330726039e-08,0.036719150841236115,1.9209773327588664e-08,0.009938345290720463,6.723973822175822e-09,0.0006118219462223351,4.363832906140175e-11,0.0008951909258030355,8.18134240909707e-11,True
2,0,0.8920518755912781,0.44078943133354187,0.4407877027988434,1.7285346984863281e-06,0.8920518755912781,2.7762166610045824e-07,0.04797133430838585,2.1087135593234052e-08,0.05370686203241348,1.3213534089118184e-07,0.003023382043465972,6.026575349871166e-10,0.0032465129625052214,5.61605983939728e-10,False
0,0,0.9828006625175476,0.0910564586520195,0.0910559818148613,4.76837158203125e-07,0.9828006625175476,1.609793365275891e-08,0.016275854781270027,1.2470600552205724e-08,0.0007614895584993064,1.6446352613108672e-10,4.8926518502412364e-05,1.0812646351193722e-12,0.00011306211672490463,4.87465406581733e-12,True
1,1,0.5386673212051392,0.9812117218971252,0.9811969995498657,1.4722347259521484e-05,0.07697480171918869,8.09888547337323e-07,0.5386673212051392,2.8911404115206096e-06,0.36653026938438416,5.058840997662628e-06,0.012458764016628265,1.2392963100182897e-08,0.005368878599256277,2.228188744624049e-09,True
2,2,0.7311844825744629,0.8184118270874023,0.8184024095535278,9.417533874511719e-06,0.0035106383729726076,6.971822674728401e-09,0.0226766224950552,1.427444686896706e-07,0.7311844825744629,1.2322356042204774e-06,0.17845772206783295,1.4463510069617769e-06,0.06417050212621689,1.193310481539811e-07,True
0,1,0.5037850737571716,1.0521570444107056,1.0521434545516968,1.3589859008789062e-05,0.12049863487482071,1.354860046376416e-06,0.5037850737571716,1.982288267754484e-06,0.35759371519088745,4.413680471770931e-06,0.012332674115896225,1.2348955635843595e-08,0.005789902061223984,2.151545164252866e-09,False
2,2,0.7969655394554138,0.6825422048568726,0.682518482208252,2.372264862060547e-05,0.0012162817874923348,2.611254323880985e-09,0.027513161301612854,6.362519116009935e-07,0.7969655394554138,1.379104446641577e-06,0.13727006316184998,2.7316302748658927e-06,0.03703497350215912,1.1415137635140127e-07,True
4,2,0.5958700180053711,1.1716796159744263,1.1716142892837524,6.532669067382812e-05,0.08627567440271378,7.808201189618558e-06,0.02609792910516262,3.160426160775387e-07,0.5958700180053711,5.206460969020554e-07,0.17278572916984558,4.1815942495304625e-06,0.11897068470716476,1.1773455526054022e-06,False
1,0,0.9707784652709961,0.15435853600502014,0.1543574184179306,1.1175870895385742e-06,0.9707784652709961,4.812880050053536e-08,0.020686015486717224,1.4075497212218124e-08,0.007159736938774586,7.909003230111011e-09,0.0005227102083154023,6.843507704967777e-11,0.0008529826300218701,1.5367314365466456e-10,False
0,0,0.9600947499275208,0.19313280284404755,0.19313110411167145,1.6987323760986328e-06,0.9600947499275208,1.1752196371617174e-07,0.030875427648425102,4.498842898215116e-08,0.007905147038400173,1.3485001559843113e-08,0.000448885461082682,6.434321825343758e-11,0.0006757905939593911,1.1742351535559692e-10,True
0,0,0.8955773711204529,0.4223480224609375,0.4223455488681793,2.473592758178711e-06,0.8955773711204529,3.8084479569988616e-07,0.06438667327165604,5.555514803745609e-08,0.0351814404129982,1.1687909307056543e-07,0.002236137632280588,8.121357475410207e-10,0.002618446247652173,9.385576760223557e-10,True
0,0,0.971806526184082,0.14920487999916077,0.1492043435573578,5.364418029785156e-07,0.971806526184082,2.8308019039968713e-08,0.020350197330117226,9.015714397264674e-09,0.006653106305748224,4.788708540814923e-09,0.00045294096344150603,3.39046499209239e-11,0.0007373450207524002,7.508081656393273e-11,True
0,0,0.9593189358711243,0.19213086366653442,0.1921294927597046,1.3709068298339844e-06,0.9593189358711243,8.681967500479004e-08,0.03362171724438667,3.444974794319933e-08,0.006174525711685419,9.19787623843149e-09,0.0003454804827924818,4.770689399080652e-11,0.0005393621395342052,9.757954166911276e-11,True
0,0,0.9761344790458679,0.12174268811941147,0.12174191325902939,7.748603820800781e-07,0.9761344790458679,2.7470203889379263e-08,0.0214602779597044,1.6778027855934852e-08,0.002056326949968934,1.095088131286559e-09,0.0001197297970065847,5.515236704833892e-12,0.00022909525432623923,1.6452613577078168e-11,True
2,1,0.586516797542572,0.998440146446228,0.9984368681907654,3.2782554626464844e-06,0.18456314504146576,3.0382713589460764e-07,0.586516797542572,6.775746328457899e-07,0.22183053195476532,8.523417704964231e-07,0.0047374810092151165,1.0221700152968083e-09,0.0023520730901509523,2.4419616329041105e-10,False
0,0,0.9519191980361938,0.2291639894247055,0.22916249930858612,1.4901161193847656e-06,0.9519191980361938,1.1298521940261708e-07,0.03396466001868248,3.520519342714579e-08,0.012066006660461426,1.964241747032247e-08,0.0008326559327542782,1.5037754375057943e-10,0.0012175033334642649,2.6958618670747114e-10,True
0,0,0.974744975566864,0.13073089718818665,0.1307300180196762,8.791685104370117e-07,0.974744975566864,3.7120468476814494e-08,0.021337388083338737,1.8700568205076706e-08,0.003349118633195758,2.507660967765446e-09,0.0002043655695160851,1.4547472601544875e-11,0.00036414098576642573,3.835107231786594e-11,True
0,0,0.8270425200462341,0.6055591106414795,0.6055566668510437,2.4437904357910156e-06,0.8270425200462341,5.224239885137649e-07,0.10364355146884918,1.0071021705471139e-07,0.06195473670959473,1.8198706186467462e-07,0.0036339571233838797,1.2570906537945348e-09,0.0037252833135426044,1.183457443154623e-09,True
3,3,0.716439962387085,0.7903671264648438,0.7903470396995544,2.008676528930664e-05,2.0909931208734633e-07,1.8471545265795047e-16,1.9711853383341804e-05,9.28866684089813e-13,0.16117291152477264,5.440751465357607e-06,0.716439962387085,5.835225692862878e-06,0.12236722558736801,7.046484284956023e-08,True
0,0,0.9782173037528992,0.11923356354236603,0.11923296749591827,5.960464477539062e-07,0.9782173037528992,1.722690079475342e-08,0.016747212037444115,7.257400458371421e-09,0.004308092873543501,2.298786938581543e-09,0.00026774778962135315,1.3789590996848844e-11,0.00045959820272400975,3.443293219995702e-11,True
0,0,0.9500328898429871,0.23328375816345215,0.23328272998332977,1.0281801223754883e-06,0.9500328898429871,7.386415745713748e-08,0.03675134479999542,2.301268686721869e-08,0.01160192396491766,1.3370256901623634e-08,0.0006686940905638039,7.675432511788927e-11,0.0009451309451833367,1.3143741650623042e-10,True
0,0,0.8885247111320496,0.45582640171051025,0.45582398772239685,2.4139881134033203e-06,0.8885247111320496,4.007042377907055e-07,0.050516676157712936,3.295534156677604e-08,0.05286821350455284,1.775803895043282e-07,0.0037917443551123142,1.3464017678543883e-09,0.004298651125282049,1.4051909635881543e-09,True
0,0,0.9771906137466431,0.1283305585384369,0.1283290684223175,1.4901161193847656e-06,0.9771906137466431,5.61038859814289e-08,0.014756008982658386,1.0245408965658953e-08,0.006609227508306503,1.2375844349321596e-08,0.000534554710611701,1.2431830564985091e-10,0.0009095929563045502,2.967009415932864e-10,True
0,0,0.9490355849266052,0.23590287566184998,0.23590154945850372,1.3262033462524414e-06,0.9490355849266052,9.936324119053097e-08,0.038541488349437714,2.4656456432126106e-08,0.01066399086266756,1.866903964753419e-08,0.0007109783473424613,1.4403789272421363e-10,0.0010480035562068224,2.671942944676431e-10,True
0,0,0.46202903985977173,1.2132667303085327,1.2132186889648438,4.8041343688964844e-05,0.46202903985977173,2.0594125089701265e-05,0.09877970069646835,1.499341948374422e-07,0.3578323721885681,1.243853330379352e-05,0.04468473792076111,5.504214755092107e-07,0.036674220114946365,3.00830890864745e-07,True
0,0,0.9639939665794373,0.17870959639549255,0.17870891094207764,6.854534149169922e-07,0.9639939665794373,4.575984036137015e-08,0.027488619089126587,1.8088183395548185e-08,0.0074331872165203094,5.32786126328233e-09,0.00042961715371347964,2.6070163389180223e-11,0.000654635950922966,4.919420426574561e-11,True
0,0,0.9379493594169617,0.2777988314628601,0.27779754996299744,1.2814998626708984e-06,0.9379493594169617,1.137482783519772e-07,0.044729072600603104,3.9985945221587826e-08,0.014968382194638252,1.946465388869001e-08,0.0009848130866885185,1.4090917321851748e-10,0.0013683353317901492,2.334867854614231e-10,True
0,0,0.9141398668289185,0.3744473457336426,0.3744426965713501,4.649162292480469e-06,0.9141398668289185,6.334923909889767e-07,0.04063617065548897,4.395899111386825e-08,0.03908073157072067,2.5988529728238063e-07,0.002795729786157608,2.100092322265823e-09,0.0033475153613835573,2.4648130203530627e-09,True
0,2,0.569013774394989,1.1725174188613892,1.1724933385849,2.4080276489257812e-05,0.24594667553901672,7.178806754382094e-06,0.0855412483215332,3.2889778367461986e-07,0.569013774394989,5.624119694402907e-06,0.06015361472964287,3.167971840412065e-07,0.03934473544359207,1.0680823692155172e-07,False
0,0,0.9300130009651184,0.31562766432762146,0.3156263828277588,1.2814998626708984e-06,0.9300130009651184,1.3652348229697964e-07,0.03959748521447182,2.4077991156445933e-08,0.026568466797471046,4.222356508876146e-08,0.001699595944955945,2.530199105788e-10,0.0021214617881923914,3.276683369080047e-10,True
0,0,0.9481935501098633,0.24213537573814392,0.24213409423828125,1.2814998626708984e-06,0.9481935501098633,1.0304206199407417e-07,0.03714317828416824,3.1811616452159797e-08,0.01255294680595398,1.8227204634513328e-08,0.0008621850865893066,1.3812018195835662e-10,0.0012481457088142633,2.4588861502472525e-10,True
0,0,0.9830089807510376,0.09262681007385254,0.09262650460004807,3.0547380447387695e-07,0.9830089807510376,1.0280075457558269e-08,0.01517623383551836,6.571227118001843e-09,0.001611623214557767,3.8617695152787235e-10,7.057276525301859e-05,1.0215916654288115e-12,0.00013266093446873128,2.875098813540089e-12,True
2,0,0.9145804643630981,0.3636738061904907,0.3636705279350281,3.2782554626464844e-06,0.9145804643630981,4.3087152334919665e-07,0.054165106266736984,7.270435986583834e-08,0.026835763826966286,1.1471014005337565e-07,0.0019422225886955857,9.366767361740358e-10,0.0024765448179095984,1.2590510856114179e-09,False
0,0,0.9379745721817017,0.2656375765800476,0.2656365931034088,9.834766387939453e-07,0.9379745721817017,9.562705827192985e-08,0.051533520221710205,4.8568921329206205e-08,0.00914157647639513,8.335880430365705e-09,0.0005474200006574392,5.130520661089655e-11,0.0008029277669265866,9.546483048517018e-11,True
0,0,0.9720617532730103,0.14953084290027618,0.14953026175498962,5.811452865600586e-07,0.9720617532730103,2.4064153336667005e-08,0.01930435746908188,6.5140484117875985e-09,0.007234548218548298,5.436693317761865e-09,0.0005318279727362096,4.849479151580738e-11,0.0008675754070281982,1.097769444791119e-10,True
0,0,0.9440441131591797,0.2617444694042206,0.26174360513687134,8.642673492431641e-07,0.9440441131591797,7.399609103231342e-08,0.03606138378381729,1.7768373439253082e-08,0.017235834151506424,1.7718909006703143e-08,0.0011291587725281715,1.3700103551617104e-10,0.0015295202611014247,2.204890575674412e-10,True
0,2,0.6649960875511169,0.922919511795044,0.9229093790054321,1.0132789611816406e-05,0.006887706462293863,2.4500339534938576e-08,0.014031914062798023,5.454448626096564e-08,0.6649960875511169,2.1101518541399855e-06,0.21761536598205566,1.8103708043781808e-06,0.09646900743246078,2.3364299295280944e-07,False
0,0,0.9603354334831238,0.2006560117006302,0.20065489411354065,1.1175870895385742e-06,0.9603354334831238,6.822129705597035e-08,0.024942521005868912,1.3747349036918877e-08,0.01255365926772356,1.736767707427589e-08,0.0008797358023002744,1.238304597750428e-10,0.0012886545155197382,2.2001589439213376e-10,True
0,0,0.9392141699790955,0.2751685380935669,0.2751666009426117,1.9371509552001953e-06,0.9392141699790955,2.0860572647052322e-07,0.04300325736403465,6.215092440697845e-08,0.015124629251658916,3.3249889952458034e-08,0.0011023754486814141,2.4176921575858046e-10,0.0015556499129161239,3.7600167424045594e-10,True
0,0,0.9644381403923035,0.17334210872650146,0.17334094643592834,1.1622905731201172e-06,0.9644381403923035,6.359653070830973e-08,0.029110867530107498,2.7911871924857223e-08,0.005659742746502161,6.311104083778218e-09,0.00030809789313934743,3.005233908948135e-11,0.00048312716535292566,6.279859271485222e-11,True
0,0,0.9666034579277039,0.16710244119167328,0.16710184514522552,5.960464477539062e-07,0.9666034579277039,3.046115182314679e-08,0.026371950283646584,1.2259637749423291e-08,0.006013862323015928,3.4506797419453505e-09,0.0003853434755001217,2.2121537240904487e-11,0.0006253763567656279,4.873104003655371e-11,True
1,0,0.7879021763801575,0.6890380382537842,0.6890324950218201,5.543231964111328e-06,0.7879021763801575,1.341948291155859e-06,0.13440509140491486,2.150739817352587e-07,0.0690997913479805,4.6399395614571404e-07,0.004281720612198114,3.243758373017158e-09,0.004311173688620329,2.7802424806822046e-09,False
0,0,0.9535401463508606,0.21626323461532593,0.2162625789642334,6.556510925292969e-07,0.9535401463508606,5.622233700819379e-08,0.03715091571211815,2.757153616528285e-08,0.007841992191970348,4.513732498878653e-09,0.0005672106635756791,3.209461862940799e-11,0.0008998058619908988,6.581320211029862e-11,True
1,1,0.594136655330658,0.9565320611000061,0.956514298915863,1.7762184143066406e-05,0.08654587715864182,5.655016366290511e-07,0.594136655330658,4.604967216437217e-06,0.3040240705013275,6.280427442106884e-06,0.01051845122128725,1.9289739583427945e-08,0.004774955101311207,3.3927110010267825e-09,True
0,0,0.9710922241210938,0.14656533300876617,0.14656470715999603,6.258487701416016e-07,0.9710922241210938,2.688498135228201e-08,0.023830397054553032,1.1950095135659922e-08,0.004490883555263281,2.5023878524876864e-09,0.00022410797828342766,1.0919973258971538e-11,0.00036230418481864035,2.4651815311305114e-11,True
0,0,0.9153437614440918,0.36585667729377747,0.36585232615470886,4.351139068603516e-06,0.9153437614440918,5.749664069298888e-07,0.047637034207582474,7.106306298965137e-08,0.03211640566587448,1.8886758823555283e-07,0.002205797703936696,1.388739012675444e-09,0.0026970331091433764,1.7238728222679356e-09,True
3,3,0.5863577723503113,0.9478588104248047,0.9478416442871094,1.71661376953125e-05,7.813618140062317e-06,1.6893336230762446e-13,0.00019166494894307107,5.440808567569455e-11,0.26830968260765076,6.557586402777815e-06,0.5863577723503113,6.355066943797283e-06,0.14513303339481354,6.432717469806448e-08,True
0,0,0.9836220145225525,0.09430959820747375,0.09430929273366928,3.0547380447387695e-07,0.9836220145225525,1.2331070387006093e-08,0.012684582732617855,5.219936038969308e-09,0.003114131046459079,1.2309468999660567e-09,0.00020338900503702462,6.650352143977578e-12,0.0003760101390071213,1.7702462759561222e-11,True
0,0,0.9628368616104126,0.17725782096385956,0.1772572100162506,6.109476089477539e-07,0.9628368616104126,3.0033010745000865e-08,0.03143874928355217,1.5183596602241778e-08,0.005070650018751621,2.742329696658885e-09,0.00025394040858373046,1.1184357259774735e-11,0.0003997428866568953,2.3453756298197348e-11,True
2,2,0.8051921725273132,0.6698125600814819,0.6698002219200134,1.233816146850586e-05,0.004092326853424311,7.223801556932585e-09,0.12469968944787979,2.29535908147227e-06,0.8051921725273132,1.3840621022609412e-06,0.052235860377550125,1.72660904240729e-07,0.013779913075268269,9.640164222446401e-09,True
0,0,0.9783003926277161,0.12076333165168762,0.1207624226808548,9.08970832824707e-07,0.9783003926277161,3.133687442868904e-08,0.015551519580185413,9.095324493557655e-09,0.0052090599201619625,5.244660261638501e-09,0.0003478554426692426,4.18570039739663e-11,0.0005911868647672236,1.0590076038319296e-10,True
0,0,0.9463586807250977,0.25415393710136414,0.2541523873806,1.5497207641601562e-06,0.9463586807250977,1.4178401386288897e-07,0.034684598445892334,3.9346367941561766e-08,0.015999678522348404,2.5848420293073104e-08,0.0012213558657094836,1.9579123045065927e-10,0.0017356843454763293,3.103102219625953e-10,True
0,0,0.9485958218574524,0.24095284938812256,0.24095205962657928,7.897615432739258e-07,0.9485958218574524,6.833156618313296e-08,0.03661021217703819,1.878479061190319e-08,0.012690896168351173,1.3344598315256917e-08,0.0008615225669927895,9.7303463897358e-11,0.001241665449924767,1.7064269441924296e-10,True
0,0,0.9670559763908386,0.17202550172805786,0.1720244437456131,1.0579824447631836e-06,0.9670559763908386,5.448712769862141e-08,0.02139575593173504,1.1841036595683363e-08,0.009895252995193005,1.3274892296522012e-08,0.0006586890667676926,9.247252963362484e-11,0.0009943338809534907,1.744238503631479e-10,True
0,0,0.9657613635063171,0.17020921409130096,0.170208141207695,1.0728836059570312e-06,0.9657613635063171,6.096814075817747e-08,0.027163032442331314,2.3300353646504846e-08,0.006060644518584013,7.241638400046213e-09,0.00038702896563336253,4.4885827693574853e-11,0.0006279989029280841,9.737263773068605e-11,True
0,2,0.5352972149848938,1.227760672569275,1.2277342081069946,2.6464462280273438e-05,0.21599335968494415,6.41897395325941e-06,0.16387364268302917,8.653250347379071e-07,0.5352972149848938,6.2501130742020905e-06,0.052174296230077744,3.2771757219052233e-07,0.0326615534722805,1.0371553571530967e-07,False
0,0,0.8836469054222107,0.4433973431587219,0.4433939456939697,3.3974647521972656e-06,0.8836469054222107,5.874380235582066e-07,0.08348297327756882,1.6260919721844402e-07,0.02901587449014187,1.1174797265312009e-07,0.0017590875504538417,6.406468688879841e-10,0.002095145871862769,7.440263405378289e-10,True
0,0,0.9617751240730286,0.18964552879333496,0.18964509665966034,4.3213367462158203e-07,0.9617751240730286,2.131757170786841e-08,0.02803010307252407,7.704506366223995e-09,0.008714492432773113,4.411791820757571e-09,0.0005821757367812097,3.0366594655495405e-11,0.0008981185383163393,6.16024731225906e-11,True
0,0,0.972075879573822,0.14632809162139893,0.14632754027843475,5.513429641723633e-07,0.972075879573822,2.7510351330306548e-08,0.02106527052819729,1.1346219963570547e-08,0.005940896924585104,3.320840713527673e-09,0.0003510729584377259,1.608739877423382e-11,0.000566910021007061,3.4882097210697793e-11,True
0,0,0.8930534720420837,0.44256943464279175,0.44256359338760376,5.841255187988281e-06,0.8930534720420837,8.916666729419376e-07,0.04827023670077324,3.864733599812098e-08,0.05068832263350487,4.1699203734424373e-07,0.0037116229068487883,4.037878031937225e-09,0.00427637156099081,4.6463326519585735e-09,True
2,3,0.5677816271781921,0.9303640127182007,0.930351197719574,1.2814998626708984e-05,2.990954044435057e-06,1.0984392716695442e-14,0.00021144541096873581,3.169211074127709e-11,0.32249632477760315,5.677795797964791e-06,0.5677816271781921,4.730868113256292e-06,0.10950756072998047,9.122993560595205e-08,False
2,2,0.792453944683075,0.7378907203674316,0.737870454788208,2.0265579223632812e-05,0.00503339059650898,2.0807240375120273e-08,0.06430316716432571,1.6047026747401105e-06,0.792453944683075,2.2342572947309236e-07,0.10435619205236435,1.130815462602186e-06,0.03385331854224205,8.350982483307234e-08,True
1,0,0.7694360017776489,0.7635570764541626,0.7635366320610046,2.0444393157958984e-05,0.7694360017776489,5.910665549890837e-06,0.08444090932607651,7.555207304221767e-08,0.12614749372005463,3.4019969916698756e-06,0.010135558433830738,4.271389286714111e-08,0.009840080514550209,3.395751591028784e-08,False
0,0,0.9499014019966125,0.23626455664634705,0.23626409471035004,4.6193599700927734e-07,0.9499014019966125,3.650960067602682e-08,0.03534707427024841,1.040061814450155e-08,0.012796795926988125,6.9155956516908645e-09,0.0008073162171058357,3.9586545846903576e-11,0.0011474097846075892,6.70120764434401e-11,True
0,0,0.6592373847961426,0.8808383345603943,0.8808321356773376,6.198883056640625e-06,0.6592373847961426,1.8627758890943369e-06,0.24243056774139404,4.442734677922999e-07,0.08991678804159164,6.564275736309355e-07,0.004479138646274805,3.0227755853928784e-09,0.003936112392693758,1.978561980919835e-09,True
0,0,0.9435886740684509,0.2550434470176697,0.25504234433174133,1.1026859283447266e-06,0.9435886740684509,9.978427328860562e-08,0.042498547583818436,3.61028753559367e-08,0.012122714892029762,1.4632963285521328e-08,0.0007429879624396563,7.221849507299538e-11,0.0010470808483660221,1.1197304888854731e-10,True
0,0,0.9726366996765137,0.14831408858299255,0.14831338822841644,7.003545761108398e-07,0.9726366996765137,3.030530493219885e-08,0.017623702064156532,7.280526848063573e-09,0.00829854141920805,6.526712059695683e-09,0.0005614578840322793,4.110927223632821e-11,0.0008795644389465451,7.97409360764334e-11,True
0,0,0.9301241040229797,0.31797876954078674,0.317977637052536,1.1324882507324219e-06,0.9301241040229797,1.2225325463077752e-07,0.036215342581272125,1.4288254135408351e-08,0.029183445498347282,4.7679275638756735e-08,0.001990488963201642,3.652897984096626e-10,0.002486726501956582,4.835983280493394e-10,True
0,0,0.94399493932724,0.2504216432571411,0.25041934847831726,2.294778823852539e-06,0.94399493932724,2.1133789118721324e-07,0.04403691366314888,9.507784426432409e-08,0.010467464104294777,2.0908682785147903e-08,0.0006173125584609807,1.0823463653109044e-10,0.0008833387983031571,1.7989219835978787e-10,True
0,0,0.9746797680854797,0.13389381766319275,0.1338932365179062,5.811452865600586e-07,0.9746797680854797,2.2553889422738393e-08,0.019824901595711708,9.006614121176426e-09,0.004791292827576399,2.5083946031401183e-09,0.00026624646852724254,1.4061506299622994e-11,0.0004377520235721022,3.3512553843095816e-11,True
0,0,0.9675911068916321,0.16603441536426544,0.16603346168994904,9.5367431640625e-07,0.9675911068916321,4.9549999658893285e-08,0.023668749257922173,1.4048129770571904e-08,0.007610165514051914,9.157311353646946e-09,0.000445616984507069,4.5529614800532414e-11,0.0006844143499620259,8.681100283070009e-11,True
0,0,0.6839222311973572,0.8788152933120728,0.8788074851036072,7.808208465576172e-06,0.6839222311973572,2.5034598820639076e-06,0.18859587609767914,3.856754915432248e-07,0.11753007024526596,1.1536430974956602e-06,0.005396801512688398,4.176907708597355e-09,0.004555087070912123,2.486382655320085e-09,True
0,2,0.6815349459648132,0.8931117057800293,0.8930943608283997,1.7344951629638672e-05,0.0055061811581254005,2.66736002174639e-08,0.014378371648490429,1.0170109732143828e-07,0.6815349459648132,3.7078314107930055e-06,0.2103133648633957,3.0962864911998622e-06,0.08826705813407898,3.894519409186614e-07,False
0,0,0.9659951329231262,0.17610913515090942,0.17610882222652435,3.129243850708008e-07,0.9659951329231262,1.6512244016553268e-08,0.022842643782496452,5.110456502421812e-09,0.009339074604213238,2.9247004817989364e-09,0.0007086442783474922,3.146017821253899e-11,0.001114528626203537,7.000235113796549e-11,True
0,0,0.8295682072639465,0.6084401607513428,0.6084356904029846,4.470348358154297e-06,0.8295682072639465,9.17155205115705e-07,0.09499391168355942,1.2920260417104146e-07,0.0660444125533104,3.5667054021359945e-07,0.004574318882077932,3.624303746008195e-09,0.004819176625460386,3.639196499705122e-09,True
0,0,0.975703239440918,0.1319585144519806,0.13195767998695374,8.344650268554688e-07,0.975703239440918,3.5295059319651045e-08,0.01755051501095295,1.0957569074321327e-08,0.005831523798406124,5.528308033575513e-09,0.00034873021650128067,2.856610260837389e-11,0.000565995869692415,6.090263710012422e-11,True
1,0,0.9770452380180359,0.1221710741519928,0.12217056751251221,5.066394805908203e-07,0.9770452380180359,2.0438186254523316e-08,0.018933795392513275,1.1440473457469125e-08,0.0033738871570676565,1.3440274448939249e-09,0.0002286457020090893,1.0526014088130253e-11,0.0004184605204500258,3.0127379757605155e-11,False
0,0,0.9712594151496887,0.15463487803936005,0.15463440120220184,4.76837158203125e-07,0.9712594151496887,2.242748742276035e-08,0.01787150651216507,6.080874026537231e-09,0.009421690367162228,4.752679583219788e-09,0.0005780320498161018,3.147463539798778e-11,0.0008693720446899533,6.412665537469664e-11,True
0,0,0.8536422848701477,0.537490725517273,0.5374881625175476,2.562999725341797e-06,0.8536422848701477,5.643994995807589e-07,0.09043619781732559,1.4980298601585673e-07,0.049706652760505676,1.3247614560896182e-07,0.0029850106220692396,5.762513799467683e-10,0.003229787340387702,5.042988249215341e-10,True
0,0,0.8687721490859985,0.49753284454345703,0.4975307881832123,2.0563602447509766e-06,0.8687721490859985,3.7653421713912394e-07,0.08201175183057785,6.975000133024878e-08,0.043363213539123535,1.1184579307155218e-07,0.002759599359706044,8.371739967927283e-10,0.0030933404341340065,9.160528446905403e-10,True
0,0,0.9463138580322266,0.24091048538684845,0.24090909957885742,1.385807991027832e-06,0.9463138580322266,1.303483401215999e-07,0.04302702471613884,5.8796839397246004e-08,0.00932336412370205,1.1413047396047205e-08,0.0005433945334516466,6.503207000685407e-11,0.0007924047531560063,1.1683858047728535e-10,True
0,0,0.9574285745620728,0.200762540102005,0.20076127350330353,1.2665987014770508e-06,0.9574285745620728,9.203648687616806e-08,0.034332532435655594,3.545072502220137e-08,0.007201701402664185,1.0551675089232049e-08,0.00041091369348578155,5.493902902053982e-11,0.0006263403920456767,1.06587044745865e-10,True
0,0,0.9457147717475891,0.2393905222415924,0.23938949406147003,1.0281801223754883e-06,0.9457147717475891,8.963230158087754e-08,0.04519593343138695,4.470451386850982e-08,0.008055012673139572,7.536610446834402e-09,0.0004211636260151863,3.951025617787707e-11,0.0006131346453912556,7.414693165008757e-11,True
0,0,0.9705227017402649,0.15059581398963928,0.15059511363506317,7.003545761108398e-07,0.9705227017402649,3.4622996025746033e-08,0.023676937445998192,1.758747636415592e-08,0.004916869103908539,2.6334392444482546e-09,0.0003276735660620034,1.89388574267646e-11,0.0005558122647926211,4.625977725880581e-11,True
0,0,0.9562181830406189,0.20762979984283447,0.20762839913368225,1.4007091522216797e-06,0.9562181830406189,9.275891699189742e-08,0.03390942141413689,3.214676524976312e-08,0.008666390553116798,1.3659025910328637e-08,0.00048716613673605025,7.200891272152177e-11,0.0007188448798842728,1.328822468726898e-10,True
0,0,0.8927358984947205,0.4421555995941162,0.44215163588523865,3.9637088775634766e-06,0.8927358984947205,5.843077133249608e-07,0.05942533165216446,6.038663968865876e-08,0.03958102688193321,1.9064437140059454e-07,0.0036547884810715914,3.3011762212709073e-09,0.00460304319858551,4.645036799644231e-09,True
0,0,0.8950552940368652,0.42377418279647827,0.4237733781337738,8.046627044677734e-07,0.8950552940368652,1.0932060234836172e-07,0.06600161641836166,3.0314094345840203e-08,0.033798228949308395,3.330990949734769e-08,0.0023318908642977476,1.8446338900801607e-10,0.002812986494973302,2.0604995487616407e-10,True
2,2,0.8683101534843445,0.5375273823738098,0.5375216603279114,5.7220458984375e-06,0.005882801953703165,1.0653540272187456e-08,0.03647211939096451,2.114562960287003e-07,0.8683101534843445,5.8708959471687194e-08,0.0688001811504364,2.2974263913511095e-07,0.020534638315439224,1.6719765127959363e-08,True
0,0,0.9386369585990906,0.28296172618865967,0.2829609513282776,7.748603820800781e-07,0.9386369585990906,6.498205351590514e-08,0.03805771842598915,1.4355744148986105e-08,0.020101873204112053,1.7514620864744757e-08,0.001373741077259183,1.1783811426635538e-10,0.001829679706133902,1.7787829542648126e-10,True
0,0,0.9554651379585266,0.22058933973312378,0.22058799862861633,1.341104507446289e-06,0.9554651379585266,9.620185892345035e-08,0.027321547269821167,1.5583950130348967e-08,0.014732557348906994,2.6761343363546075e-08,0.0010231684427708387,2.083081068748882e-10,0.0014576244866475463,3.5997341218951817e-10,True
0,0,0.9360452890396118,0.2823619246482849,0.2823607921600342,1.1324882507324219e-06,0.9360452890396118,1.0518785131807817e-07,0.04681596904993057,3.242574564410461e-08,0.015163089148700237,2.142096633406254e-08,0.0008496109512634575,1.2126419313140957e-10,0.001126072253100574,1.8769723275635641e-10,True
2,2,0.7277675867080688,0.9206224679946899,0.9206091165542603,1.33514404296875e-05,0.03818347677588463,5.722732794311014e-07,0.03361082077026367,2.103398486497099e-07,0.7277675867080688,1.909008489064945e-07,0.13229791820049286,7.134776751627214e-07,0.06814026832580566,1.084995560063362e-07,True
0,0,0.9795808792114258,0.11520057916641235,0.11519958823919296,9.909272193908691e-07,0.9795808792114258,2.867307458132018e-08,0.014531711116433144,6.853496437031481e-09,0.004917520564049482,5.6285585081639056e-09,0.0003530778631102294,4.9986358802156516e-11,0.0006167806568555534,1.3136869370100612e-10,True
0,0,0.9434685111045837,0.25545960664749146,0.25545817613601685,1.430511474609375e-06,0.9434685111045837,1.324933265323125e-07,0.04299642890691757,5.2668866601379705e-08,0.011530760675668716,1.5500811301194517e-08,0.0008110732887871563,1.168764807157885e-10,0.0011931926710531116,2.0644737308561645e-10,True
0,0,0.9367424845695496,0.2788270115852356,0.2788243889808655,2.6226043701171875e-06,0.9367424845695496,2.5316765572824806e-07,0.04749918729066849,7.643581767524665e-08,0.013710709288716316,4.173584855493573e-08,0.0008556957473047078,2.6925997542726066e-10,0.0011919381795451045,4.4587444847365987e-10,True
0,2,0.4310583174228668,1.1593773365020752,1.15934157371521,3.5762786865234375e-05,0.4262045919895172,1.621030423848424e-05,0.05512967333197594,5.5535739562628805e-08,0.4310583174228668,9.982407391362358e-06,0.049151502549648285,4.0649732113706705e-07,0.03845591098070145,1.9538956053111178e-07,False
0,0,0.9320524334907532,0.3004375696182251,0.30043700337409973,5.662441253662109e-07,0.9320524334907532,6.66627002487985e-08,0.0472688190639019,2.3184687947264138e-08,0.017767786979675293,1.2054695019969586e-08,0.0012336886720731854,6.414720837844001e-11,0.0016773220850154757,9.061242728369834e-11,True
2,2,0.7532378435134888,0.7449479103088379,0.7449345588684082,1.33514404296875e-05,0.0006633942248299718,5.047527951163033e-10,0.01805153302848339,1.5519121632223687e-07,0.7532378435134888,2.1704281607526354e-06,0.1802552044391632,2.442902086841059e-06,0.047792013734579086,1.013009693906497e-07,True
0,0,0.928568959236145,0.31766366958618164,0.3176616132259369,2.0563602447509766e-06,0.928568959236145,2.260848930291104e-07,0.04475582391023636,4.28702016108673e-08,0.02302798256278038,6.171015343170438e-08,0.0015852352371439338,4.460830316244113e-10,0.002062036655843258,6.309917588431802e-10,True
0,0,0.9479970335960388,0.24437329173088074,0.24437175691127777,1.5348196029663086e-06,0.9479970335960388,1.3394225106821978e-07,0.03563455864787102,3.744951371231764e-08,0.014302382245659828,2.604587301391348e-08,0.0008681807667016983,1.3296319600897277e-10,0.0011978918919339776,2.0437056214017701e-10,True
0,0,0.9811362624168396,0.10826443880796432,0.10826380550861359,6.332993507385254e-07,0.9811362624168396,2.0102534747934442e-08,0.013402757234871387,6.640430871840408e-09,0.0044223833829164505,2.7923177103872376e-09,0.0003658503119368106,3.37966737928852e-11,0.0006727646687068045,1.0002679240450618e-10,True
0,0,0.9579731225967407,0.20705057680606842,0.20704980194568634,7.748603820800781e-07,0.9579731225967407,5.325395946442768e-08,0.028352010995149612,1.2608445842943183e-08,0.01200633030384779,1.2190498388520155e-08,0.0006914627738296986,6.804502100665744e-11,0.000977099989540875,1.1628011747921718e-10,True
0,0,0.9661129117012024,0.17403925955295563,0.17403852939605713,7.301568984985352e-07,0.9661129117012024,3.78061066896862e-08,0.023022780194878578,1.0707022823908119e-08,0.009594771079719067,8.936107853685371e-09,0.0005178206483833492,4.955009666463006e-11,0.0007517744670622051,9.283911139856826e-11,True
1,2,0.7124349474906921,0.852724552154541,0.8527141809463501,1.0371208190917969e-05,0.04286741092801094,1.9569654341466958e-07,0.20498549938201904,2.2593328594666673e-06,0.7124349474906921,2.498049070709385e-06,0.028987174853682518,5.441955508445062e-08,0.01072490680962801,7.88297249698644e-09,False
0,0,0.6067988872528076,1.0403586626052856,1.0403517484664917,6.9141387939453125e-06,0.6067988872528076,2.4166322418750497e-06,0.17441876232624054,9.45988176681567e-08,0.19186048209667206,1.5481991795240901e-06,0.014603020623326302,1.7470574320554988e-08,0.012318875640630722,1.0668441241534765e-08,True
0,0,0.7883945107460022,0.7186713218688965,0.7186664342880249,4.887580871582031e-06,0.7883945107460022,1.3084452348266495e-06,0.08743584156036377,4.2337973127359874e-08,0.10804291069507599,7.051224883980467e-07,0.008123770356178284,7.635821752671745e-09,0.008002973161637783,6.378245931415449e-09,True
0,1,0.6447219252586365,0.8756142854690552,0.8756081461906433,6.139278411865234e-06,0.0816088318824768,2.9575878102150455e-07,0.6447219252586365,1.396818788634846e-06,0.2674241065979004,1.8393052414467093e-06,0.004484349396079779,1.3086699501840826e-09,0.001760845654644072,1.9491562530671303e-10,False
0,0,0.9664884805679321,0.17083093523979187,0.17083029448986053,6.407499313354492e-07,0.9664884805679321,3.378018931243787e-08,0.024615904316306114,1.0241231862551103e-08,0.007542768027633429,5.583060680436347e-09,0.0005215551354922354,4.0756426011867575e-11,0.000831304700113833,8.491054387382846e-11,True
0,0,0.9232510924339294,0.3202274441719055,0.3202248513698578,2.592802047729492e-06,0.9232510924339294,3.326986188767478e-07,0.058385737240314484,1.3877260585104523e-07,0.016522783786058426,3.830140116178882e-08,0.0008120637503452599,1.4016875160560716e-10,0.001028353814035654,1.8532372858537371e-10,True
0,0,0.9542558789253235,0.2203487902879715,0.22034762799739838,1.1622905731201172e-06,0.9542558789253235,8.345210744664655e-08,0.03246745094656944,2.3702208196141328e-08,0.011263326741755009,1.4940741976943173e-08,0.0008081203559413552,1.22982263262017e-10,0.0012052353704348207,2.2988762282682984e-10,True
2,2,0.7668262720108032,0.8244893550872803,0.8244754076004028,1.3947486877441406e-05,0.028513718396425247,4.529539125996962e-07,0.03015647642314434,1.757379948230664e-07,0.7668262720108032,3.1483676821153495e-07,0.11887726932764053,6.700405492665595e-07,0.0556262731552124,9.054122784846186e-08,True
0,0,0.9857215881347656,0.08230800926685333,0.08230751007795334,4.991888999938965e-07,0.9857215881347656,1.2558453832411942e-08,0.011972643435001373,6.779782069088469e-09,0.001979053718969226,7.631379417283313e-10,0.00011110161722172052,3.828533844119075e-12,0.00021559049491770566,1.2123630224736281e-11,True
0,0,0.9759058952331543,0.12648415565490723,0.1264837384223938,4.172325134277344e-07,0.9759058952331543,1.6377610378981444e-08,0.01994556561112404,7.553948577765368e-09,0.003652542131021619,1.4864388608870627e-09,0.00018475239630788565,6.264542270345563e-12,0.00031124739325605333,1.4996073827155953e-11,True
0,0,0.7183110117912292,0.8554631471633911,0.8554336428642273,2.950429916381836e-05,0.7183110117912292,8.561832146369852e-06,0.13293564319610596,2.1094329838433623e-07,0.13120898604393005,5.0286430450796615e-06,0.009141248650848866,5.07678521444177e-08,0.00840315967798233,3.7299987099004284e-08,True
0,0,0.9828540682792664,0.09627048671245575,0.09627033025026321,1.564621925354004e-07,0.9828540682792664,2.764082074335761e-09,0.014234299771487713,1.4011894977628003e-09,0.0023689803201705217,2.536103271832957e-10,0.00018105757771991193,2.2001977063174083e-12,0.0003615629975683987,7.442832808401967e-12,True
3,3,0.7975077033042908,0.6358156204223633,0.6357996463775635,1.5974044799804688e-05,2.093671014335996e-08,3.227069177200317e-18,2.1530963749682996e-06,1.8706836142526155e-14,0.07227729260921478,1.939357616720372e-06,0.7975077033042908,3.6016224385093665e-06,0.13021282851696014,3.068586806875828e-07,True
0,0,0.9492031335830688,0.229679137468338,0.2296781986951828,9.387731552124023e-07,0.9492031335830688,8.58555324612098e-08,0.041019074618816376,3.821736882514415e-08,0.008764720521867275,8.686862784657023e-09,0.00042009129538200796,2.7153912798838498e-11,0.0005930638872087002,4.2838378677689803e-11,True
1,0,0.9516555070877075,0.22661566734313965,0.2266148328781128,8.344650268554688e-07,0.9516555070877075,6.44292299512017e-08,0.036132268607616425,2.3031427431874363e-08,0.010668120346963406,8.995530542676988e-09,0.0006336566875688732,5.204029568384172e-11,0.0009104472701437771,8.964646386333541e-11,False
0,0,0.9445027709007263,0.24880526959896088,0.24880428612232208,9.834766387939453e-07,0.9445027709007263,9.322171479198005e-08,0.0441238097846508,3.576171536678885e-08,0.009534706361591816,9.78417169505974e-09,0.0007238868856802583,9.193599354029303e-11,0.0011148868361487985,1.8556534087110776e-10,True
0,0,0.9213425517082214,0.3443194031715393,0.34431830048561096,1.1026859283447266e-06,0.9213425517082214,1.1966697854859376e-07,0.0446232371032238,1.3875459003998003e-08,0.030048793181777,4.7026254890170094e-08,0.0018067678902298212,2.616916683351178e-10,0.002178636146709323,3.161796935380323e-10,True
2,0,0.4660981595516205,1.141028881072998,1.140992522239685,3.635883331298828e-05,0.4660981595516205,1.571820212120656e-05,0.08081205934286118,1.232616142488041e-07,0.3910873532295227,1.1321232705086004e-05,0.03533071652054787,2.714886022658902e-07,0.026671772822737694,1.2736175847294362e-07,False
0,0,0.7675952911376953,0.7657344341278076,0.7657192349433899,1.519918441772461e-05,0.7675952911376953,4.561864443530794e-06,0.08249978721141815,7.791627609776697e-08,0.13004183769226074,2.6312477530154865e-06,0.010135747492313385,2.7397780044680076e-08,0.009727368131279945,2.0568519332186952e-08,True
3,3,0.5884609222412109,0.940316915512085,0.9403001070022583,1.6808509826660156e-05,5.643079930450767e-06,9.437072569793217e-14,0.0001980718079721555,5.7157330951573826e-11,0.2752220332622528,6.490580744866747e-06,0.5884609222412109,6.596787443413632e-06,0.13611328601837158,6.407374542050093e-08,True
0,0,0.930209755897522,0.3168492019176483,0.31684696674346924,2.2351741790771484e-06,0.930209755897522,2.4624020511510025e-07,0.04058714956045151,4.21133208305946e-08,0.02440839819610119,6.725091594717014e-08,0.002042135689407587,6.00077210144434e-10,0.002752525033429265,8.382884941759983e-10,True
0,0,0.9644031524658203,0.17734041810035706,0.17733991146087646,5.066394805908203e-07,0.9644031524658203,3.077549237673338e-08,0.02705805003643036,1.1201183980347196e-08,0.007430277764797211,4.531751862657529e-09,0.00043704808922484517,2.933183557152219e-11,0.0006715069757774472,6.116432360592228e-11,True
0,0,0.849493682384491,0.5615526437759399,0.5615475177764893,5.125999450683594e-06,0.849493682384491,1.034952447298565e-06,0.07997039705514908,7.581913763488046e-08,0.061235684901475906,4.1297980146737245e-07,0.004450781270861626,4.243663198622016e-09,0.004849444609135389,4.446146562031572e-09,True
1,0,0.5986125469207764,1.0295757055282593,1.02956223487854,1.3470649719238281e-05,0.5986125469207764,5.655135737470118e-06,0.09670758992433548,4.267306508154434e-08,0.26906248927116394,4.022037956019631e-06,0.019737867638468742,4.5621984412491656e-08,0.015879502519965172,2.3909015212097984e-08,False
0,0,0.9531734585762024,0.21387243270874023,0.21387122571468353,1.2069940567016602e-06,0.9531734585762024,8.959787578532996e-08,0.03926508501172066,3.953811500423399e-08,0.0063607776537537575,8.088105296621961e-09,0.00045575862168334424,6.853406731011091e-11,0.0007449897821061313,1.556409445768736e-10,True
0,0,0.9767460227012634,0.12457084655761719,0.12457010895013809,7.37607479095459e-07,0.9767460227012634,2.6003814213027e-08,0.018652549013495445,1.1397830235182482e-08,0.00384140620008111,2.5945692261331033e-09,0.0002710050030145794,1.8755783384727387e-11,0.0004889979027211666,5.010766107593767e-11,True
0,0,0.9733978509902954,0.14062485098838806,0.14062456786632538,2.8312206268310547e-07,0.9733978509902954,1.1376782182992429e-08,0.02010338567197323,4.33517355347135e-09,0.005639627110213041,1.6122762014347813e-09,0.0003287878935225308,9.43017799265311e-12,0.0005303543875925243,2.1131086463954674e-11,True
0,0,0.9341835975646973,0.29826685786247253,0.298264741897583,2.115964889526367e-06,0.9341835975646973,2.2684855593979592e-07,0.04100557789206505,4.7417454851483853e-08,0.021513251587748528,5.247037648814512e-08,0.0014294242719188333,3.9659747708142845e-10,0.00186812540050596,5.765631305720831e-10,True
0,0,0.9757713675498962,0.129072904586792,0.12907260656356812,2.980232238769531e-07,0.9757713675498962,1.3687811772911118e-08,0.019109947606921196,6.123769491495068e-09,0.004416104406118393,1.4896265332353664e-09,0.0002611945674289018,8.754680140554694e-12,0.0004414565919432789,2.1483792175813754e-11,True
0,0,0.9681602716445923,0.16209763288497925,0.16209684312343597,7.897615432739258e-07,0.9681602716445923,4.100225226011389e-08,0.024478916078805923,1.5414784115819202e-08,0.006274798419326544,4.927164898305136e-09,0.0004141106328461319,3.418117872078241e-11,0.0006718782242387533,7.578804944730066e-11,True
0,0,0.9694972038269043,0.15880149602890015,0.15880098938941956,5.066394805908203e-07,0.9694972038269043,2.3036252017050174e-08,0.022292999550700188,7.926476364161772e-09,0.006865707691758871,3.77740194679177e-09,0.0005073766224086285,3.110174270903876e-11,0.000836719002109021,7.045000000038826e-11,True
0,0,0.9522132873535156,0.22263862192630768,0.22263704240322113,1.5795230865478516e-06,0.9522132873535156,1.1034885716298959e-07,0.03723287954926491,3.902097134300675e-08,0.008996210992336273,1.5164859590299784e-08,0.0006154783186502755,1.1493694884734396e-10,0.0009421324357390404,2.2529048071540103e-10,True
0,2,0.41931602358818054,1.3267595767974854,1.3267325162887573,2.7060508728027344e-05,0.27048414945602417,6.417318218154833e-06,0.22168520092964172,1.2943529554831912e-06,0.41931602358818054,6.148361535451841e-06,0.05177512392401695,4.0994927985593677e-07,0.0367395244538784,1.8019150616055413e-07,False
0,0,0.9818305969238281,0.10277750343084335,0.10277720540761948,2.980232238769531e-07,0.9818305969238281,9.628415398310608e-09,0.014095783233642578,4.215487958703079e-09,0.0033920039422810078,9.292887570566677e-10,0.0002389390574535355,7.834736331924219e-12,0.0004427276144269854,2.3277772071006453e-11,True
2,2,0.48792287707328796,0.9178246259689331,0.9178107380867004,1.3887882232666016e-05,0.034041982144117355,1.2730198761801148e-07,0.45660290122032166,5.416723979578819e-06,0.48792287707328796,5.897862138226628e-06,0.015829285606741905,2.0662431765572364e-08,0.005602999124675989,2.2660686660458396e-09,True
0,0,0.9507297873497009,0.23472946882247925,0.23472841084003448,1.0579824447631836e-06,0.9507297873497009,7.879815910882826e-08,0.03390311077237129,2.48599558716478e-08,0.013170652091503143,1.4028351813522022e-08,0.0009015014511533082,1.053941586781626e-10,0.0012949099764227867,1.8317765360098548e-10,True
0,0,0.8658161163330078,0.5187406539916992,0.5187379717826843,2.682209014892578e-06,0.8658161163330078,5.701155032511451e-07,0.06695957481861115,7.336760177167889e-08,0.058697957545518875,2.0710933767986717e-07,0.0040668766014277935,1.449490527605235e-09,0.004459557589143515,1.3750703908854689e-09,True
0,0,0.7790572047233582,0.734370231628418,0.7343654036521912,4.827976226806641e-06,0.7790572047233582,1.4174370335240383e-06,0.08654804527759552,5.7038722189872715e-08,0.11905514448881149,7.988990660123818e-07,0.007886688224971294,5.007861236805411e-09,0.0074529810808598995,3.4427032336026286e-09,True
0,0,0.9656068682670593,0.17710474133491516,0.17710404098033905,7.003545761108398e-07,0.9656068682670593,3.296197448321436e-08,0.023219089955091476,1.1166721769484411e-08,0.009548942558467388,5.965106630867467e-09,0.0006418833509087563,3.8197622148627985e-11,0.0009831089992076159,7.32364793809559e-11,True
0,0,0.9744324684143066,0.13861249387264252,0.13861165940761566,8.344650268554688e-07,0.9744324684143066,3.332520037702125e-08,0.018343932926654816,1.0937394101517839e-08,0.005851212423294783,4.477735071617417e-09,0.0004996829084120691,5.7273526199441704e-11,0.0008726866799406707,1.508051045151504e-10,True
0,0,0.9756413698196411,0.12863203883171082,0.128631591796875,4.470348358154297e-07,0.9756413698196411,2.095495155174376e-08,0.01974456198513508,9.994456817707942e-09,0.003981760237365961,1.6799837077030588e-09,0.0002332038275199011,9.088767932707853e-12,0.0003991453559137881,2.2313078468227943e-11,True
0,0,0.9781144261360168,0.12154306471347809,0.12154250591993332,5.587935447692871e-07,0.9781144261360168,2.156049916379743e-08,0.016082683578133583,8.367511128426486e-09,0.00467291846871376,2.668192777832701e-09,0.0003999933251179755,2.7137283739597784e-11,0.0007300557917915285,7.35927360717703e-11,True
0,0,0.9661491513252258,0.1772480010986328,0.1772470474243164,9.5367431640625e-07,0.9661491513252258,4.407734621736381e-08,0.02140600048005581,6.346428715886532e-09,0.010323246009647846,1.249128622760054e-08,0.0008268595556728542,1.5601751834903865e-10,0.001294751069508493,3.459727226928777e-10,True
0,0,0.8094102740287781,0.6746233701705933,0.6746145486831665,8.821487426757812e-06,0.8094102740287781,2.305770067323465e-06,0.06747085601091385,3.993262609469639e-08,0.1051260232925415,1.2126436104153981e-06,0.008899875916540623,1.7961946596756206e-08,0.009093048982322216,1.637940094667556e-08,True
0,0,0.9529610872268677,0.21646186709403992,0.21646104753017426,8.195638656616211e-07,0.9529610872268677,6.579007560958416e-08,0.03827514871954918,2.9486090014074762e-08,0.00762810418382287,5.5591420355938226e-09,0.0004503230156842619,3.3748143168921274e-11,0.0006853234954178333,6.75631495195006e-11,True
0,0,0.9900397658348083,0.059480953961610794,0.05948060378432274,3.501772880554199e-07,0.9900397658348083,6.620306081117633e-09,0.009000126272439957,3.916451163377133e-09,0.0008124204468913376,2.6546570497387734e-10,4.565666677081026e-05,1.3727163936799736e-12,0.00010208810999756679,5.8225559790292536e-12,True
0,0,0.9546843767166138,0.2122805416584015,0.21227939426898956,1.1473894119262695e-06,0.9546843767166138,7.72843762320008e-08,0.035770121961832047,3.061875375465206e-08,0.008326425217092037,9.851424564999434e-09,0.0004891566350124776,4.8950593578567236e-11,0.0007298874552361667,8.839909360069953e-11,True
0,0,0.959385097026825,0.1910649687051773,0.1910637617111206,1.2069940567016602e-06,0.959385097026825,8.195217304773905e-08,0.03411872312426567,4.338236081480318e-08,0.005552803631871939,5.636161315436539e-09,0.00035828573163598776,3.76410812241712e-11,0.0005851098685525358,8.454854871775552e-11,True
0,0,0.9613842964172363,0.19060933589935303,0.19060741364955902,1.9222497940063477e-06,0.9613842964172363,1.2324932185947546e-07,0.028449445962905884,3.492830913387479e-08,0.008840018883347511,2.044986935345605e-08,0.0005308582331053913,1.2375067637293569e-10,0.0007954264292493463,2.3373838975437877e-10,True
0,0,0.9751240015029907,0.130954772233963,0.13095425069332123,5.21540641784668e-07,0.9751240015029907,2.398108911449981e-08,0.020049557089805603,1.0964833485616055e-08,0.004205313976854086,2.152040323721849e-09,0.00023164767480921,9.607339229722456e-12,0.00038954196497797966,2.19790002170539e-11,True
0,0,0.9569112658500671,0.21013757586479187,0.210136279463768,1.296401023864746e-06,0.9569112658500671,9.325560057504845e-08,0.030301695689558983,2.764143758327009e-08,0.011033143848180771,1.5724825885854443e-08,0.00071169767761603,1.0491588847694189e-10,0.0010422213235870004,1.8858363481921714e-10,True
0,0,0.9306963086128235,0.30650436878204346,0.3065030574798584,1.3113021850585938e-06,0.9306963086128235,1.334040149458815e-07,0.04730336740612984,3.487019739623065e-08,0.018777867779135704,2.744918070618496e-08,0.001366129727102816,2.3522159220412675e-10,0.0018563244957476854,3.6461522689990034e-10,True
1,1,0.6188636422157288,0.8477445840835571,0.847729504108429,1.5079975128173828e-05,0.0385991632938385,1.410743379892665e-07,0.6188636422157288,5.342229087546002e-06,0.33074474334716797,5.739208972954657e-06,0.00863886158913374,1.3216175709374056e-08,0.0031535879243165255,1.7145210806646105e-09,True
0,0,0.9645630717277527,0.17926231026649475,0.17926160991191864,7.003545761108398e-07,0.9645630717277527,3.99055259947545e-08,0.02539472095668316,1.441644847943735e-08,0.008649768307805061,5.742485154058841e-09,0.0005509668262675405,4.3711385205869036e-11,0.0008414671174250543,9.277278945063472e-11,True
0,0,0.9478985071182251,0.24677123129367828,0.24676965177059174,1.5795230865478516e-06,0.9478985071182251,1.4041674489817524e-07,0.0339965894818306,3.7156954846295775e-08,0.015803910791873932,2.984390690130567e-08,0.0009743521804921329,1.5797894936664392e-10,0.001326679135672748,2.3800852955169205e-10,True
2,2,0.5330007076263428,0.9073436856269836,0.9073057174682617,3.796815872192383e-05,0.02409634180366993,2.189248817785483e-07,0.41454124450683594,1.4873869076836854e-05,0.5330007076263428,1.4920909052307252e-05,0.02112806774675846,1.148095947201e-07,0.00723361736163497,1.0498436786576804e-08,True
0,0,0.9611755609512329,0.1836487054824829,0.18364787101745605,8.344650268554688e-07,0.9611755609512329,4.871833070296816e-08,0.03264912590384483,2.447689517737217e-08,0.0055483304895460606,4.585753110575297e-09,0.00024937986745499074,1.2338035974834849e-11,0.0003776066587306559,2.2580043737563393e-11,True
3,2,0.3422255516052246,1.2160255908966064,1.2159894704818726,3.612041473388672e-05,0.2956760823726654,9.370988664159086e-06,0.3328884541988373,1.2917348612973e-06,0.3422255516052246,1.1511629054439254e-05,0.018067916855216026,8.31075439577944e-08,0.01114202756434679,2.5099037515019518e-08,False
2,2,0.6969624161720276,0.9292978644371033,0.9292874336242676,1.043081283569336e-05,0.02880954183638096,1.0906520486742011e-07,0.18935547769069672,2.2723902475263458e-06,0.6969624161720276,1.6497461956532788e-06,0.06034441664814949,1.7440315502881276e-07,0.024528170004487038,2.4141009191680496e-08,True
0,0,0.9617517590522766,0.19213810563087463,0.1921362727880478,1.8328428268432617e-06,0.9617517590522766,1.0888409462950221e-07,0.026311343535780907,2.840180002294801e-08,0.010225267149508,2.1045137188480112e-08,0.0006850192439742386,1.435336710597923e-10,0.001026540412567556,2.6627339222429214e-10,True
2,2,0.7338575720787048,0.7508034706115723,0.7507972121238708,6.258487701416016e-06,0.0003293925547040999,4.5223554068218874e-11,0.009768872521817684,2.2234059926518057e-08,0.7338575720787048,1.7265911083086394e-06,0.20562303066253662,1.4652617892352282e-06,0.05042114853858948,6.90448516138531e-08,True
0,0,0.7247228622436523,0.8624017238616943,0.8623653650283813,3.635883331298828e-05,0.7247228622436523,1.1349834494467359e-05,0.11148762702941895,1.5356668825461384e-07,0.13843511044979095,6.0533079704327974e-06,0.012857848778367043,1.1005831623833728e-07,0.012496580369770527,8.907790061130072e-08,True
1,1,0.5769850015640259,0.9992377758026123,0.9992218017578125,1.5974044799804688e-05,0.12544916570186615,1.1774351378335268e-06,0.5769850015640259,2.610072897368809e-06,0.28477057814598083,5.013613645132864e-06,0.008655677549540997,1.2612258792898956e-08,0.0041395388543605804,2.4843265222784794e-09,True
3,3,0.8155710101127625,0.5943090319633484,0.5942820906639099,2.6941299438476562e-05,8.92349305559037e-09,9.68226177329165e-19,1.2370638842185144e-06,1.079881542124855e-14,0.05987468361854553,2.8087674763810355e-06,0.8155710101127625,5.183557732379995e-06,0.12455306202173233,4.064400798142742e-07,True
0,0,0.9594264030456543,0.20351555943489075,0.203513965010643,1.5944242477416992e-06,0.9594264030456543,1.043765180952505e-07,0.025984078645706177,2.1357443813485588e-08,0.012562500312924385,2.5881657705895122e-08,0.0008281788905151188,1.5624611326980897e-10,0.0011988537153229117,2.6309152079129206e-10,True
0,0,0.9402061700820923,0.2673218846321106,0.26732000708580017,1.8775463104248047e-06,0.9402061700820923,1.7652423878189438e-07,0.044740159064531326,5.732766439336956e-08,0.013082428835332394,2.5864949293463724e-08,0.0008222369360737503,1.699293900037091e-10,0.0011490030447021127,2.8161500909007486e-10,True
0,0,0.8577592968940735,0.5278149247169495,0.5278116464614868,3.2782554626464844e-06,0.8577592968940735,6.977992370593711e-07,0.0879284143447876,1.5079267257078754e-07,0.04787571728229523,1.8952515290493466e-07,0.0030615467112511396,1.1059464455343004e-09,0.0033751160372048616,1.0838558939241238e-09,True
0,0,0.9745327830314636,0.12786506116390228,0.12786458432674408,4.76837158203125e-07,0.9745327830314636,2.1210480483091487e-08,0.023039527237415314,1.4783108959193214e-08,0.002073596464470029,6.062373936188692e-10,0.00012199303455417976,3.1096828671112187e-12,0.00023211073130369186,9.230030802165334e-12,True
0,0,0.5288940668106079,1.139937162399292,1.1398954391479492,4.172325134277344e-05,0.5288940668106079,1.5991941836546175e-05,0.18792715668678284,2.543534662891034e-07,0.24755239486694336,1.0843202289834153e-05,0.019797926768660545,1.5196130220829218e-07,0.01582847349345684,7.883274832920506e-08,True
0,0,0.9235865473747253,0.33249080181121826,0.33248940110206604,1.4007091522216797e-06,0.9235865473747253,1.5677203180075594e-07,0.04907497391104698,2.928031150872812e-08,0.0238858200609684,4.382678397973905e-08,0.0015235220780596137,3.059983655351317e-10,0.0019291918724775314,4.181160695448938e-10,True
0,0,0.9780523180961609,0.11834298074245453,0.11834235489368439,6.258487701416016e-07,0.9780523180961609,2.088508921360699e-08,0.017861876636743546,8.78310135732363e-09,0.003410514211282134,1.8204091567497471e-09,0.00023775348381605,1.5487387414192533e-11,0.0004374808631837368,4.500434400145359e-11,True
0,0,0.9101887941360474,0.3858644664287567,0.38586223125457764,2.2351741790771484e-06,0.9101887941360474,2.835448924543016e-07,0.046454448252916336,2.4094847006495e-08,0.03735628351569176,1.1857493120714935e-07,0.002720834454521537,1.0539241701579272e-09,0.0032796901650726795,1.2850530639596514e-09,True
0,0,0.9695174098014832,0.1513155996799469,0.15131479501724243,8.046627044677734e-07,0.9695174098014832,3.9678685226363086e-08,0.025945303961634636,2.2403099819712224e-08,0.003973399754613638,2.422931633105918e-09,0.00021117087453603745,1.0499090312421355e-11,0.0003526627260725945,2.4263332662477488e-11,True
0,0,0.9806543588638306,0.10836929082870483,0.10836870968341827,5.811452865600586e-07,0.9806543588638306,1.912652791702385e-08,0.014777714386582375,6.712896016836112e-09,0.003910012077540159,2.5526234459505304e-09,0.00023891717137303203,1.5753551241282082e-11,0.00041901771328411996,4.1235601738742744e-11,True
0,0,0.8205627799034119,0.6465998888015747,0.6465852856636047,1.4603137969970703e-05,0.8205627799034119,3.4137824513891246e-06,0.07928489148616791,9.50368672647528e-08,0.08506374806165695,1.6076614883786533e-06,0.007304610218852758,2.4649544627664e-08,0.007784078363329172,2.4703522782942855e-08,True
0,0,0.9225137829780579,0.3178076446056366,0.31780678033828735,8.642673492431641e-07,0.9225137829780579,1.115773358151273e-07,0.06255602091550827,6.545187858364443e-08,0.012927030213177204,6.383145123578515e-09,0.0008341662469319999,4.190101043910488e-11,0.0011689412640407681,7.22304299705101e-11,True
0,0,0.9595553278923035,0.20408008992671967,0.20407846570014954,1.6242265701293945e-06,0.9595553278923035,1.1822754686363623e-07,0.024911988526582718,3.051018282462792e-08,0.013347466476261616,2.2973303259732347e-08,0.0008955918601714075,1.7063167545572355e-10,0.0012896796688437462,3.0053309840738507e-10,True
0,0,0.9693938493728638,0.15392450988292694,0.1539238542318344,6.556510925292969e-07,0.9693938493728638,3.341862964134634e-08,0.025301296263933182,1.602984056603418e-08,0.0044210623018443584,2.5026332117761285e-09,0.00032035933691076934,2.0150029214627274e-11,0.0005634460248984396,5.146419054802287e-11,True
0,0,0.9595579504966736,0.19613167643547058,0.19613103568553925,6.407499313354492e-07,0.9595579504966736,4.7490580357134604e-08,0.030787397176027298,2.5540945358670797e-08,0.00840610358864069,4.063517078378709e-09,0.0004972665919922292,2.2810699509823174e-11,0.0007513651507906616,4.46973118239935e-11,True
0,0,0.987142026424408,0.07709816098213196,0.07709788531064987,2.7567148208618164e-07,0.987142026424408,8.037155829754283e-09,0.009995149448513985,3.226551026358493e-09,0.002417457289993763,8.263376649608745e-10,0.00015283815446309745,4.986031552911552e-12,0.00029260930023156106,1.5035309802735597e-11,True
2,2,0.6957617998123169,0.8805829286575317,0.8805734515190125,9.47713851928711e-06,0.009152689017355442,3.750262322910203e-08,0.011930527165532112,3.287460970113898e-08,0.6957617998123169,1.8308288645130233e-06,0.19559495151042938,1.561168573971372e-06,0.0875600278377533,2.1431095831303537e-07,True
1,0,0.6443198323249817,1.0032861232757568,1.0032576322555542,2.849102020263672e-05,0.6443198323249817,1.0595228559395764e-05,0.13221970200538635,1.3865924586298206e-07,0.1899237334728241,6.0229872360650916e-06,0.01764167658984661,1.0961021956745753e-07,0.015895096585154533,7.345731489749596e-08,False
0,0,0.9195341467857361,0.3505738377571106,0.3505697548389435,4.082918167114258e-06,0.9195341467857361,5.114686700835591e-07,0.04893811047077179,8.41275493712601e-08,0.026704519987106323,1.348780216403611e-07,0.002098685596138239,1.4234772249821503e-09,0.0027246177196502686,2.036345092548686e-09,True
2,2,0.7378098368644714,0.7761529088020325,0.7761284112930298,2.4497509002685547e-05,0.0009928853251039982,1.5646861584173166e-09,0.017648516222834587,2.4640630158501153e-07,0.7378098368644714,4.648102276405552e-06,0.18887610733509064,4.71684188596555e-06,0.054672617465257645,2.649508417107427e-07,True
0,0,0.9287260174751282,0.30930277705192566,0.30930110812187195,1.6689300537109375e-06,0.9287260174751282,1.982668891287176e-07,0.050288647413253784,6.812352637552976e-08,0.018556788563728333,3.087274436097687e-08,0.0010612650075927377,1.7411604102957057e-10,0.0013673051726073027,2.431642387445976e-10,True
0,0,0.9584161639213562,0.1983802318572998,0.19837939739227295,8.344650268554688e-07,0.9584161639213562,6.413580422304221e-08,0.03319553658366203,3.130314851773619e-08,0.007069458719342947,4.609199688587751e-09,0.0005057265516370535,2.989332045788551e-11,0.0008131423383019865,6.024814674931989e-11,True
1,0,0.5696686506271362,1.074204444885254,1.074188232421875,1.621246337890625e-05,0.5696686506271362,6.226023288036231e-06,0.18863491714000702,2.848413771516789e-07,0.21730272471904755,3.88257103622891e-06,0.013668377883732319,3.137047244194946e-08,0.010725355707108974,1.660041171192006e-08,False
0,0,0.9191560745239258,0.3553297519683838,0.3553272485733032,2.5033950805664062e-06,0.9191560745239258,2.9502197662623075e-07,0.040908511728048325,2.1877609057696645e-08,0.03494849428534508,1.229582693440534e-07,0.002269548596814275,8.892969693974351e-10,0.0027173494454473257,1.0746269429873223e-09,True
0,0,0.9660406112670898,0.17191198468208313,0.17191176116466522,2.2351741790771484e-07,0.9660406112670898,1.5180315671159406e-08,0.025238920003175735,7.456243622527836e-09,0.007511407136917114,1.5428277544415891e-09,0.0004729263891931623,8.988193002379408e-12,0.0007361742900684476,1.927933854228847e-11,True
0,0,0.9749842882156372,0.13593964278697968,0.13593879342079163,8.493661880493164e-07,0.9749842882156372,3.557082450811322e-08,0.017856093123555183,1.091020251919872e-08,0.00597287667915225,5.394091839860948e-09,0.0004399141762405634,4.843049225544682e-11,0.0007468449766747653,1.1872341998397928e-10,True
0,0,0.9192922711372375,0.35443365573883057,0.3544304370880127,3.2186508178710938e-06,0.9192922711372375,4.2144864664805937e-07,0.04255775362253189,5.044638129447776e-08,0.03320503979921341,1.4148548643788672e-07,0.0022330463398247957,9.348727347813224e-10,0.002711879089474678,1.102436253397343e-09,True
0,0,0.9191495776176453,0.3288152515888214,0.3288131356239319,2.115964889526367e-06,0.9191495776176453,2.5424108685001556e-07,0.0638270303606987,1.0468338018654322e-07,0.015438104048371315,3.342526966321202e-08,0.0007029147818684578,1.1210513073400818e-10,0.0008823626558296382,1.4837260586819667e-10,True
0,0,0.9713792204856873,0.15387633442878723,0.15387551486492157,8.195638656616211e-07,0.9713792204856873,3.295493655741666e-08,0.01869697868824005,6.845678246492071e-09,0.008305906318128109,8.167370779688099e-09,0.000620505481492728,7.985483801986604e-11,0.0009973685955628753,1.7753813696952392e-10,True
2,0,0.9449774026870728,0.25398701429367065,0.25398632884025574,6.854534149169922e-07,0.9449774026870728,5.704946204332373e-08,0.039238717406988144,1.6319759765792696e-08,0.013543887995183468,1.1250594234013533e-08,0.0009235591860488057,7.273633084725617e-11,0.0013164295814931393,1.1684302136938385e-10,False
0,0,0.97056645154953,0.15749144554138184,0.1574905961751938,8.493661880493164e-07,0.97056645154953,4.2591409510350786e-08,0.01901853270828724,1.1801903454511375e-08,0.008788904175162315,7.867625662072442e-09,0.0006312849000096321,6.506935268379976e-11,0.0009948486695066094,1.353813450233332e-10,True
2,2,0.6561965346336365,1.1049818992614746,1.104955792427063,2.6106834411621094e-05,0.07730459421873093,2.322922910025227e-06,0.059226442128419876,6.057996415620437e-07,0.6561965346336365,6.561722329934128e-07,0.12970136106014252,1.2418089454513392e-06,0.07757105678319931,3.0082728130764735e-07,True
2,2,0.7965887784957886,0.7245103120803833,0.7244932055473328,1.710653305053711e-05,0.004240342881530523,1.52243995188428e-08,0.06118098646402359,1.3343096725293435e-06,0.7965887784957886,1.3676934429440735e-07,0.10495056211948395,9.301861041421944e-07,0.03303935006260872,5.376410427970768e-08,True
0,0,0.9674538969993591,0.16492637991905212,0.16492599248886108,3.8743019104003906e-07,0.9674538969993591,2.6352822146691324e-08,0.024695709347724915,1.1259070120672732e-08,0.0069279745221138,3.2929272641979423e-09,0.00036612176336348057,1.4490579743065002e-11,0.0005563974264077842,2.848278037037577e-11,True
0,0,0.956165611743927,0.21146658062934875,0.21146562695503235,9.5367431640625e-07,0.956165611743927,7.833822479597075e-08,0.03183518350124359,2.5792258995238626e-08,0.010398652404546738,1.0966259011979673e-08,0.0006493824766948819,6.243493222424235e-11,0.0009512190008535981,1.0851490539476316e-10,True
0,0,0.9158965945243835,0.36466825008392334,0.3646676242351532,6.258487701416016e-07,0.9158965945243835,6.546151354314134e-08,0.04635564982891083,1.2624906453595486e-08,0.03277365118265152,2.4467945891615273e-08,0.0022390868980437517,2.1575774500348643e-10,0.0027350063901394606,2.9520941247085375e-10,True
2,2,0.8230909705162048,0.6751354932785034,0.6751271486282349,8.344650268554688e-06,0.013764302246272564,5.714215944863099e-08,0.08037256449460983,7.340296974689409e-07,0.8230909705162048,3.477881875824096e-07,0.06162918359041214,1.8810780488820456e-07,0.021142976358532906,1.5439322709198677e-08,True
0,0,0.8851049542427063,0.4617489278316498,0.4617445170879364,4.410743713378906e-06,0.8851049542427063,7.023625698820979e-07,0.06099001318216324,5.817296866439392e-08,0.046885985881090164,2.874497511129448e-07,0.0032759953755885363,2.281089761524413e-09,0.0037430524826049805,2.4946811283399484e-09,True
0,0,0.9750717282295227,0.12720438838005066,0.1272038072347641,5.811452865600586e-07,0.9750717282295227,2.288192568755676e-08,0.021849477663636208,1.3558588030093688e-08,0.002757600275799632,1.248413483700972e-09,0.00011867145076394081,3.645006605573764e-12,0.0002024634013650939,8.949252797152418e-12,True
0,0,0.9597962498664856,0.19301104545593262,0.1930101215839386,9.238719940185547e-07,0.9597962498664856,5.5645205776500006e-08,0.031753912568092346,2.0831899760764827e-08,0.007449059281498194,7.395345225091887e-09,0.0004009570402558893,3.4185980435363916e-11,0.0005997802945785224,6.398750279634768e-11,True
0,0,0.9312548041343689,0.3093641400337219,0.3093622326850891,1.9073486328125e-06,0.9312548041343689,2.180171065901959e-07,0.0413484089076519,4.219001681349255e-08,0.023939410224556923,6.021840448511284e-08,0.0015221069334074855,3.5105654494493876e-10,0.0019353777170181274,4.6216766524942443e-10,True
3,2,0.6541456580162048,0.8561580181121826,0.8561439514160156,1.4066696166992188e-05,0.00036492542130872607,1.590759191039126e-10,0.0060829767026007175,2.2859698134425344e-08,0.6541456580162048,5.065009190730052e-06,0.2655130922794342,4.157594958087429e-06,0.07389330863952637,1.4993649699590605e-07,False
0,0,0.9493832588195801,0.24016058444976807,0.24015887081623077,1.7136335372924805e-06,0.9493832588195801,1.4411071447284485e-07,0.0341685488820076,3.701033435277168e-08,0.014267533086240292,2.863836101596462e-08,0.0009094111737795174,1.8558202197205276e-10,0.0012712916359305382,2.997016801398189e-10,True
0,0,0.9606873393058777,0.1860838681459427,0.18608294427394867,9.238719940185547e-07,0.9606873393058777,6.054055745607911e-08,0.032882142812013626,2.964976886232762e-08,0.0056819794699549675,5.502563293902085e-09,0.00029365980299189687,2.325672293634895e-11,0.0004549118166323751,4.6705694867199554e-11,True
2,2,0.5676111578941345,0.9157396554946899,0.9157288670539856,1.0788440704345703e-05,0.0001389282988384366,1.4170420913062198e-11,0.0012036663247272372,6.634708893393793e-10,0.5676111578941345,5.2510945351968985e-06,0.3400091230869293,3.778587370106834e-06,0.09103715419769287,1.5221729654513183e-07,True
0,0,0.912124752998352,0.38350847363471985,0.38350340723991394,5.066394805908203e-06,0.912124752998352,6.874390123812191e-07,0.03965705260634422,4.164103017956222e-08,0.04096035286784172,2.85243800135504e-07,0.0032729010563343763,3.138246551515067e-09,0.0039849369786679745,3.961257100115745e-09,True
0,0,0.9789987802505493,0.11740820109844208,0.11740771681070328,4.842877388000488e-07,0.9789987802505493,2.082240868617191e-08,0.01522915717214346,8.665166362220589e-09,0.00484671164304018,2.4927133690511027e-09,0.00033744508982636034,1.5744865480837866e-11,0.0005880126846022904,3.752327962236457e-11,True
0,0,0.9591993689537048,0.2066742479801178,0.20667330920696259,9.387731552124023e-07,0.9591993689537048,5.360564614420582e-08,0.024347936734557152,9.656768718002695e-09,0.013959966599941254,1.4835140227376087e-08,0.001014777342788875,1.5666345998255338e-10,0.0014778896002098918,2.991858150114268e-10,True
0,0,0.9655123949050903,0.17566682398319244,0.175665482878685,1.341104507446289e-06,0.9655123949050903,7.675480873103879e-08,0.02451108954846859,1.9660001626675694e-08,0.008606563322246075,1.4286731797596985e-08,0.0005424841656349599,9.539918854883922e-11,0.0008275245199911296,1.8822737812840273e-10,True
4,0,0.8290139436721802,0.6130325794219971,0.6130268573760986,5.7220458984375e-06,0.8290139436721802,1.3472566706695943e-06,0.085600845515728,1.1653105502773542e-07,0.07564166933298111,5.832660576743365e-07,0.004834314342588186,3.931824199554512e-09,0.004909302107989788,3.324859498832211e-09,False
1,2,0.6533696055412292,0.9426112174987793,0.9425957798957825,1.5437602996826172e-05,0.038881346583366394,2.882852641050704e-07,0.25353673100471497,3.868256499117706e-06,0.6533696055412292,4.206318408250809e-06,0.038828518241643906,1.0056398735969196e-07,0.015383802354335785,1.3873699522548577e-08,False
0,0,0.7783065438270569,0.7494956851005554,0.7494759559631348,1.9729137420654297e-05,0.7783065438270569,5.57674638912431e-06,0.08200565725564957,7.466967133495928e-08,0.1184009313583374,3.0043429433135316e-06,0.010590366087853909,4.659307251131395e-08,0.010696505196392536,4.0265963008323524e-08,True
2,2,0.718220591545105,0.9595101475715637,0.9594987034797668,1.1444091796875e-05,0.06726741045713425,7.685699188186845e-07,0.11611765623092651,8.089879770523112e-07,0.718220591545105,1.6733000620661187e-06,0.06639430671930313,1.656302544006394e-07,0.03200002759695053,2.8807727758817236e-08,True
0,0,0.9594843983650208,0.19182275235652924,0.19182205200195312,7.003545761108398e-07,0.9594843983650208,4.6219419402859785e-08,0.033374812453985214,2.253109698813205e-08,0.006213129032403231,3.8709457861330065e-09,0.0003600502386689186,1.9506772933053362e-11,0.0005675543798133731,3.9952628011485913e-11,True
0,0,0.9751026034355164,0.12764573097229004,0.12764504551887512,6.854534149169922e-07,0.9751026034355164,2.7067029506611107e-08,0.021777058020234108,1.521877912580294e-08,0.0026101302355527878,1.3110119656545294e-09,0.0001760458544595167,9.731967835768796e-12,0.00033413819619454443,2.985585043080441e-11,True
0,0,0.9704959988594055,0.15644872188568115,0.15644724667072296,1.475214958190918e-06,0.9704959988594055,6.426587617625046e-08,0.02036556415259838,1.5529343144748964e-08,0.007594678085297346,1.3657453834525768e-08,0.0005854192422702909,1.2455479703188388e-10,0.0009583622450008988,2.740834503800471e-10,True
1,2,0.6934801936149597,0.7856597900390625,0.7856510281562805,8.761882781982422e-06,0.011565408669412136,2.7232045951564032e-08,0.262214332818985,2.850828877853928e-06,0.6934801936149597,2.7772371140599716e-06,0.02549593709409237,2.702712720292766e-08,0.00724411616101861,1.7641033078774626e-09,False
0,0,0.7949616312980652,0.6604627370834351,0.6604585647583008,4.172325134277344e-06,0.7949616312980652,1.1232617680434487e-06,0.13784871995449066,2.1923922588484857e-07,0.0614905022084713,3.2907036029428127e-07,0.0028973587322980165,1.1347939254946482e-09,0.00280183763243258,8.536505391454341e-10,True
0,0,0.9827748537063599,0.09578738361597061,0.09578675031661987,6.332993507385254e-07,0.9827748537063599,1.9834956788145064e-08,0.014603421092033386,1.0402125383279781e-08,0.0022087078541517258,1.112835490424402e-09,0.00014012127940077335,7.132239243645699e-12,0.00027293572202324867,2.264756437941884e-11,True
0,0,0.9599835276603699,0.20101433992385864,0.2010127305984497,1.6093254089355469e-06,0.9599835276603699,1.0074671763504739e-07,0.026302436366677284,1.9446773080744606e-08,0.011609944514930248,2.306635416005065e-08,0.0008432815666310489,2.010667882190731e-10,0.0012607992393895984,3.8050756989704837e-10,True
0,0,0.9734627604484558,0.13738343119621277,0.1373826414346695,7.897615432739258e-07,0.9734627604484558,3.657361347109145e-08,0.021687684580683708,1.6656873214060397e-08,0.004225994925945997,3.2616345180258577e-09,0.00023347805836237967,1.4734234665692014e-11,0.0003900905721820891,3.3549014261113896e-11,True
0,0,0.9669017791748047,0.17257708311080933,0.1725720912218094,4.991888999938965e-06,0.9669017791748047,2.505046268197475e-07,0.022281967103481293,4.423394983632534e-08,0.008906969800591469,5.6854847940712716e-08,0.0007289070636034012,6.031022348196302e-10,0.001180366612970829,1.3093014450404894e-09,True
0,0,0.9209591746330261,0.3453580439090729,0.34535643458366394,1.6093254089355469e-06,0.9209591746330261,1.9627852054782124e-07,0.04574977234005928,2.6764194416273313e-08,0.02923155203461647,6.446937561577215e-08,0.0018264794489368796,3.691490446655621e-10,0.002232989063486457,4.4661552234259716e-10,True
0,0,0.9425153732299805,0.26218199729919434,0.262180894613266,1.1026859283447266e-06,0.9425153732299805,8.7815941185454e-08,0.04093864560127258,2.4433068901430488e-08,0.014459467492997646,1.914912317602102e-08,0.0008807677659206092,1.2211184841071088e-10,0.00120572152081877,1.9809279216964626e-10,True
0,0,0.8210744857788086,0.6526296138763428,0.6526170969009399,1.2516975402832031e-05,0.8210744857788086,3.299989202787401e-06,0.048177968710660934,3.84180260937228e-08,0.1068875789642334,1.611640072951559e-06,0.01142249908298254,3.8324241558029826e-08,0.012437413446605206,3.990374608520142e-08,True
2,2,0.5549034476280212,0.8905754089355469,0.890546977519989,2.8431415557861328e-05,1.791877184587065e-05,7.799231096020098e-13,0.001047465018928051,1.372467917093445e-09,0.5549034476280212,1.400071141688386e-05,0.3725889325141907,1.1276031727902591e-05,0.07144227623939514,2.1818092932335276e-07,True
0,0,0.9151681065559387,0.36724144220352173,0.36723747849464417,3.9637088775634766e-06,0.9151681065559387,5.058626015852496e-07,0.04580647498369217,5.849172879379694e-08,0.034058209508657455,1.8073191654366383e-07,0.002249645534902811,1.3441043833495314e-09,0.002717589493840933,1.6758415766204848e-09,True
0,0,0.9507974982261658,0.23642021417617798,0.2364189177751541,1.296401023864746e-06,0.9507974982261658,1.1193553461907868e-07,0.03234377130866051,2.8909683535971453e-08,0.014414826408028603,2.2127142784711396e-08,0.0010069165145978332,1.729704435238233e-10,0.0014371010474860668,2.988773117884591e-10,True
2,3,0.580098569393158,0.935219407081604,0.9351992011070251,2.0205974578857422e-05,4.004014954261947e-06,4.506659463470418e-14,0.0001951282611116767,5.4320523773521145e-11,0.29743731021881104,8.44008809508523e-06,0.580098569393158,7.774310688546393e-06,0.1222650334239006,5.507436640073138e-08,False
0,0,0.961723268032074,0.18989363312721252,0.18989233672618866,1.296401023864746e-06,0.961723268032074,8.017740071863955e-08,0.028115028515458107,2.2377038888521383e-08,0.008638354018330574,1.4108263890477701e-08,0.0005967027391307056,1.0347237650032426e-10,0.0009267168934457004,2.051352560039632e-10,True
1,1,0.398760050535202,1.183394193649292,1.183372139930725,2.205371856689453e-05,0.210297629237175,3.359703669048031e-06,0.398760050535202,2.3460252123186365e-06,0.3621358573436737,6.9760212682012934e-06,0.018374383449554443,6.288005494070603e-08,0.010432086884975433,1.8114961974902144e-08,True
2,2,0.7455930113792419,0.8540871143341064,0.8540787100791931,8.404254913330078e-06,0.025693148374557495,1.2643259594824485e-07,0.14164315164089203,1.2771449746651342e-06,0.7455930113792419,1.125749918173824e-06,0.06256536394357681,1.1784111109136575e-07,0.02450530230998993,1.2357155299014266e-08,True
0,0,0.972189724445343,0.14135214686393738,0.14135122299194336,9.238719940185547e-07,0.972189724445343,4.169816136823101e-08,0.023337315768003464,1.9182850863330714e-08,0.003919446375221014,3.5771769990589064e-09,0.00020693258557002991,1.69525019022565e-11,0.00034657641663216054,4.040901641078065e-11,True
0,0,0.941473126411438,0.2712346315383911,0.2712330222129822,1.6093254089355469e-06,0.941473126411438,1.518162378033594e-07,0.03681393340229988,3.1760976071382174e-08,0.019110342487692833,3.8276585456742396e-08,0.0011293843854218721,2.1400796412773815e-10,0.0014732374111190438,3.017566196916732e-10,True
0,0,0.9262335896492004,0.29987695813179016,0.29987528920173645,1.6689300537109375e-06,0.9262335896492004,2.0252775811968604e-07,0.06235293671488762,1.0984241782807658e-07,0.010152988135814667,1.3671742848941904e-08,0.0005285504157654941,6.208362296478143e-11,0.0007319654105231166,1.0027861874206678e-10,True
0,0,0.9841968417167664,0.09352733194828033,0.09352684766054153,4.842877388000488e-07,0.9841968417167664,1.041619590580467e-08,0.011099590919911861,3.1323685867334916e-09,0.0038944564294070005,1.7989736367240994e-09,0.00028500924236141145,1.1506145862483219e-11,0.000524013361427933,3.038982954173264e-11,True
0,2,0.47604161500930786,1.186580777168274,1.186531901359558,4.887580871582031e-05,0.35716938972473145,1.9273089492344297e-05,0.09041004627943039,3.122867724414391e-07,0.47604161500930786,1.5241461369441822e-05,0.04484754055738449,4.0120670519172563e-07,0.03153139352798462,1.4949948479170416e-07,False
2,2,0.5236419439315796,0.9652245044708252,0.9652159810066223,8.52346420288086e-06,0.00022020550386514515,4.650848803300356e-11,0.002347212051972747,2.2470181271216916e-09,0.5236419439315796,3.8466496334876865e-06,0.36401334404945374,3.007093255291693e-06,0.1097772940993309,1.211500659792364e-07,True
2,0,0.8486515283584595,0.5473669171333313,0.5473615527153015,5.364418029785156e-06,0.8486515283584595,1.1252612921452965e-06,0.09676363319158554,1.7802614138417994e-07,0.048471350222826004,3.391739085145673e-07,0.002938773948699236,1.8477893659607503e-09,0.0031747964676469564,1.7288488418643055e-09,False
2,2,0.6924697160720825,0.861080527305603,0.861076295375824,4.231929779052734e-06,0.0036619200836867094,1.9868153788848986e-09,0.012350178323686123,1.8020854142264398e-08,0.6924697160720825,1.1706075611073175e-06,0.21031856536865234,7.820437417649373e-07,0.08119964599609375,1.28659138454168e-07,True
0,0,0.9506223797798157,0.22237712144851685,0.22237573564052582,1.385807991027832e-06,0.9506223797798157,1.0403926609114933e-07,0.041512541472911835,4.6319112101400606e-08,0.0067122564651072025,9.465081163284594e-09,0.0004465976671781391,7.42141140208652e-11,0.0007062632939778268,1.6236001432190506e-10,True
1,0,0.8079704642295837,0.6500354409217834,0.6500329375267029,2.5033950805664062e-06,0.8079704642295837,5.807227694276662e-07,0.11897777765989304,1.0878585499085602e-07,0.06411899626255035,1.9387059069231327e-07,0.004357500467449427,1.5306143019699903e-09,0.004575279541313648,1.440084052006796e-09,False
0,0,0.9421122670173645,0.25210168957710266,0.2521008551120758,8.344650268554688e-07,0.9421122670173645,8.71252723300131e-08,0.04796779155731201,4.889672666763545e-08,0.008719340898096561,5.747449183246545e-09,0.0004867982061114162,2.5670439732228267e-11,0.0007138405344448984,4.552581228667307e-11,True
0,0,0.40829285979270935,1.2914578914642334,1.2914217710494995,3.612041473388672e-05,0.40829285979270935,1.3828149349137675e-05,0.17540009319782257,3.3389409281880944e-07,0.33778735995292664,9.570690053806175e-06,0.04332016035914421,3.268380623921985e-07,0.03519953414797783,1.5419135479532997e-07,True
0,0,0.9464737176895142,0.2497202306985855,0.24971738457679749,2.8461217880249023e-06,0.9464737176895142,2.4747518523327017e-07,0.03724946826696396,6.261367246906957e-08,0.014025595970451832,4.719996837820872e-08,0.0009342727134935558,3.4528324643900987e-10,0.001317014917731285,5.729273166998894e-10,True
0,0,0.9395018815994263,0.27613985538482666,0.27613887190818787,9.834766387939453e-07,0.9395018815994263,8.996939726557684e-08,0.04052690789103508,3.02379774552719e-08,0.017396554350852966,1.716440500842964e-08,0.001099249697290361,1.1203023231320941e-10,0.001475406694225967,1.6988625783920241e-10,True
0,0,0.9621357917785645,0.1882769614458084,0.18827608227729797,8.791685104370117e-07,0.9621357917785645,5.229918897953212e-08,0.02740997076034546,1.4049042817987356e-08,0.009128070436418056,1.0196271382767463e-08,0.0005331332213245332,5.203443578793987e-11,0.0007930623251013458,9.461392086462794e-11,True
0,0,0.8925508856773376,0.43451327085494995,0.4345077574253082,5.513429641723633e-06,0.8925508856773376,8.625228247183259e-07,0.06504257023334503,1.2254005810063973e-07,0.036458879709243774,2.6060547497763764e-07,0.0026927092112600803,2.3317685560186874e-09,0.00325501780025661,2.8257980400070437e-09,True
2,3,0.671379566192627,0.8612760305404663,0.8612689971923828,7.033348083496094e-06,1.8254701217301772e-06,5.057186494659277e-15,2.8346446924842894e-05,6.734267548984263e-13,0.16410739719867706,1.8746502519206842e-06,0.671379566192627,2.112175934598781e-06,0.16448287665843964,7.094864429291192e-08,False
0,0,0.985750138759613,0.08620932698249817,0.08620887249708176,4.544854164123535e-07,0.985750138759613,1.1692967483156735e-08,0.00984252244234085,2.6019937315879815e-09,0.0035757196601480246,2.220810868536205e-09,0.00028713783831335604,2.4715566399047262e-11,0.0005445915157906711,7.656331124650251e-11,True
0,0,0.9416161775588989,0.2707880735397339,0.2707861065864563,1.9669532775878906e-06,0.9416161775588989,1.6587327422712406e-07,0.03799564018845558,2.5732282082913116e-08,0.01740378886461258,4.759029081924382e-08,0.0012510748347267509,4.4493228545938734e-10,0.0017334100557491183,7.469743157351161e-10,True
2,2,0.7828056216239929,0.6948829889297485,0.6948736310005188,9.357929229736328e-06,0.0009426075266674161,4.846109069589488e-10,0.01854298822581768,1.0506573744351044e-07,0.7828056216239929,1.3979446293888032e-06,0.1557386964559555,1.516131874268467e-06,0.04197002574801445,8.273357110510915e-08,True
1,0,0.9669055342674255,0.16770409047603607,0.16770361363887787,4.76837158203125e-07,0.9669055342674255,2.5308885653885227e-08,0.02501925826072693,8.970237885819188e-09,0.006964821368455887,3.97963484388697e-09,0.00043124688090756536,2.084957033410273e-11,0.0006792034837417305,4.3151048706446815e-11,False
4,2,0.4654158651828766,0.9411352872848511,0.9411099553108215,2.5331974029541016e-05,1.4830692634859588e-05,6.159434399154173e-13,0.0007504405803047121,7.639387455959934e-10,0.4654158651828766,1.2463322491385043e-05,0.4423283636569977,1.0437724995426834e-05,0.0914904847741127,1.560173359393957e-07,False
3,2,0.4800626337528229,0.9347336292266846,0.9347023963928223,3.123283386230469e-05,1.4885154087096453e-05,6.221973348867482e-13,0.0008963586878962815,1.1476001260390944e-09,0.4800626337528229,1.5610075934091583e-05,0.43142375349998474,1.266153503820533e-05,0.08760233968496323,2.2460740467522555e-07,False
0,0,0.922284722328186,0.31526291370391846,0.31526169180870056,1.2218952178955078e-06,0.922284722328186,1.260896738131123e-07,0.06411563605070114,5.444988460112654e-08,0.011978278867900372,1.5071002223976393e-08,0.0006803596625104547,7.206477775634212e-11,0.0009409859194420278,1.1193795890207525e-10,True
2,3,0.512717068195343,0.9479396343231201,0.9479163289070129,2.3305416107177734e-05,6.723508249706356e-06,1.0706739721156808e-13,0.00040448736399412155,2.1068950750713356e-10,0.3834681212902069,1.1146704309794586e-05,0.512717068195343,9.366229278384708e-06,0.10340362042188644,1.4481362597962288e-07,False
0,0,0.966026246547699,0.17104491591453552,0.17104379832744598,1.1175870895385742e-06,0.966026246547699,5.17382687803547e-08,0.025938887149095535,1.4060858255504627e-08,0.006843313574790955,9.46690104086656e-09,0.0004566654679365456,6.509173061663986e-11,0.0007349081570282578,1.4154892535866992e-10,True
0,0,0.9314733743667603,0.29889994859695435,0.2988966703414917,3.2782554626464844e-06,0.9314733743667603,3.198775289092737e-07,0.049145959317684174,7.591602013690135e-08,0.017213094979524612,7.340920404885765e-08,0.000945472449529916,3.447194474315296e-10,0.0012220969656482339,4.777569451164254e-10,True
0,0,0.8181053996086121,0.5901488065719604,0.5901457071304321,3.0994415283203125e-06,0.8181053996086121,7.490247071473277e-07,0.13758903741836548,2.7451588380245084e-07,0.040727611631155014,1.3622958761061454e-07,0.0017696490976959467,4.3034711905143297e-10,0.0018082531169056892,3.797804293270701e-10,True
0,0,0.9229890704154968,0.3196033835411072,0.31960177421569824,1.6093254089355469e-06,0.9229890704154968,2.0927438981743762e-07,0.06020096689462662,9.036141790375041e-08,0.014700904488563538,2.0869840966497577e-08,0.000894508499186486,1.3473575033451368e-10,0.0012145844521000981,2.1197051058852168e-10,True
2,2,0.8231825232505798,0.6579289436340332,0.6579241156578064,4.827976226806641e-06,0.004103172570466995,3.956307725871966e-09,0.056563783437013626,3.035674183138326e-07,0.8231825232505798,1.358014998231738e-07,0.08940444886684418,2.5853827878563607e-07,0.026746151968836784,2.4868194614668937e-08,True
0,0,0.7517493367195129,0.7689371109008789,0.7689307332038879,6.377696990966797e-06,0.7517493367195129,1.8605180684971856e-06,0.1522076427936554,2.711881563755014e-07,0.08465245366096497,6.45314514713391e-07,0.005753721576184034,5.102428701775352e-09,0.005636897869408131,4.015126453538187e-09,True
0,0,0.9911821484565735,0.056151144206523895,0.056150879710912704,2.644956111907959e-07,0.9911821484565735,3.790025182581758e-09,0.007059957832098007,1.8523050870911106e-09,0.0013214380014687777,2.1374364778115051e-10,0.00012974550190847367,3.245796209930263e-12,0.0003066882200073451,1.5117403856512723e-11,True
0,0,0.8475123643875122,0.5630538463592529,0.5630500316619873,3.814697265625e-06,0.8475123643875122,8.293841347040143e-07,0.08371695876121521,1.3120383357545506e-07,0.06046530231833458,2.8452993205974053e-07,0.0040105488151311874,1.7000931773480943e-09,0.00429488206282258,1.5235371852995172e-09,True
0,0,0.9735897183418274,0.13600465655326843,0.1360039860010147,6.705522537231445e-07,0.9735897183418274,2.5038232820406847e-08,0.022104794159531593,1.2566560236848545e-08,0.0036655229050666094,1.9370833825860245e-09,0.00023118812532629818,1.2967063187097061e-11,0.00040870634256862104,3.439938264793163e-11,True
0,0,0.9771133661270142,0.12705567479133606,0.12705518305301666,4.917383193969727e-07,0.9771133661270142,1.8164328707825916e-08,0.01587604731321335,4.760057681352237e-09,0.005861667450517416,3.4056482078881345e-09,0.00042560516158118844,2.5994133928675112e-11,0.0007233258220367134,6.150884662714518e-11,True
0,0,0.9612189531326294,0.19159641861915588,0.19159536063671112,1.0579824447631836e-06,0.9612189531326294,6.292822973819057e-08,0.02860051393508911,2.1884741130406837e-08,0.008697106502950191,9.88001858104326e-09,0.0005821104277856648,7.502781729229469e-11,0.0009013311937451363,1.5478002213242803e-10,True
0,0,0.9704437255859375,0.1546565592288971,0.1546555608510971,9.98377799987793e-07,0.9704437255859375,5.0449006749886394e-08,0.0218434426933527,1.95707112737864e-08,0.00635114312171936,5.746452647059641e-09,0.0005054829525761306,5.392398680359456e-11,0.0008562214788980782,1.258405740722779e-10,True
0,0,0.9772316217422485,0.12011183053255081,0.12011084705591202,9.834766387939453e-07,0.9772316217422485,4.243675633119892e-08,0.01915731281042099,2.2382781850183164e-08,0.0032085299026221037,2.6508577555262036e-09,0.00014946248847991228,9.771739840902516e-12,0.0002531382197048515,2.3881598087971412e-11,True
0,0,0.9680461883544922,0.15686026215553284,0.15685944259166718,8.195638656616211e-07,0.9680461883544922,4.595776559312981e-08,0.02736443653702736,2.483901084815443e-08,0.003962890710681677,2.634572560111792e-09,0.00023180442804004997,1.4079211754780552e-11,0.0003946809156332165,3.3715537306466814e-11,True
0,0,0.8871030807495117,0.437430202960968,0.43742796778678894,2.2351741790771484e-06,0.8871030807495117,3.2567038488195976e-07,0.07904409617185593,6.436312816049394e-08,0.0295140128582716,8.658080474788221e-08,0.001963256625458598,6.616240888490665e-10,0.0023755840957164764,8.35609581528729e-10,True
0,0,0.8674309849739075,0.5052686333656311,0.5052646994590759,3.933906555175781e-06,0.8674309849739075,6.241927508199296e-07,0.0800270214676857,7.829970627426519e-08,0.04571732506155968,2.473311440098769e-07,0.0031968578696250916,2.0188275495769403e-09,0.0036278292536735535,2.1749841927487523e-09,True
0,0,0.9687560200691223,0.15395575761795044,0.15395522117614746,5.364418029785156e-07,0.9687560200691223,2.998525872044411e-08,0.026860123500227928,1.6974150085502515e-08,0.0037426785565912724,1.6671843905413652e-09,0.00023365607194136828,1.0911068056007611e-11,0.000407582352636382,2.8360386955528227e-11,True
0,0,0.9770050048828125,0.12008878588676453,0.12008827179670334,5.140900611877441e-07,0.9770050048828125,2.114498798277964e-08,0.019976602867245674,1.2184390385527877e-08,0.002520327689126134,8.965694853202422e-10,0.00017087627202272415,6.82491476527991e-12,0.0003271755122113973,2.1368476432748196e-11,True
0,0,0.576002299785614,1.0505242347717285,1.050512671470642,1.1563301086425781e-05,0.576002299785614,4.164618985669222e-06,0.17773719131946564,3.4522997793828836e-07,0.22701871395111084,2.9770681067020632e-06,0.011063452810049057,1.6682003334267392e-08,0.00817840825766325,8.276646035199064e-09,True
2,2,0.7776159644126892,0.7673876285552979,0.7673704028129578,1.722574234008789e-05,0.009900595992803574,4.494271621524604e-08,0.12060803174972534,2.7865200991072925e-06,0.7776159644126892,1.3129940725775668e-06,0.06891155242919922,3.8809119473626197e-07,0.022963928058743477,3.468718290378092e-08,True
0,0,0.9719462394714355,0.13762478530406952,0.13762429356575012,4.917383193969727e-07,0.9719462394714355,2.3032567852965258e-08,0.025496138259768486,1.629877921516254e-08,0.002245736075565219,6.606274416398605e-10,0.00011107193131465465,2.9081071318409757e-12,0.00020082569972146302,8.307444142319209e-12,True
2,2,0.8433887362480164,0.6022077798843384,0.6022016406059265,6.139278411865234e-06,0.0035567828454077244,2.6824464871566533e-09,0.05182351544499397,3.364380063430872e-07,0.8433887362480164,8.059235057089609e-08,0.07902932912111282,3.451925181252591e-07,0.022201700136065483,2.7164176685801067e-08,True
1,0,0.9439195990562439,0.25813084840774536,0.2581288516521454,1.996755599975586e-06,0.9439195990562439,1.8401412660296046e-07,0.03999355807900429,5.517699008805721e-08,0.013655075803399086,3.0201334766388754e-08,0.000995224341750145,2.1891928547734807e-10,0.0014365420211106539,3.5914596296926504e-10,False
0,0,0.9668159484863281,0.17153343558311462,0.1715325564146042,8.791685104370117e-07,0.9668159484863281,5.1287077695860717e-08,0.02286134660243988,1.11959002069284e-08,0.008808360435068607,1.0755320190014572e-08,0.0005943464348092675,7.27827381696855e-11,0.0009201077627949417,1.4370442336097966e-10,True
0,0,0.9742702841758728,0.13804703950881958,0.13804619014263153,8.493661880493164e-07,0.9742702841758728,3.6196702524193825e-08,0.018782634288072586,1.0379608283983544e-08,0.005970131140202284,6.732387092256431e-09,0.00037102153874002397,3.7946330105897985e-11,0.0006060278392396867,8.307116106109902e-11,True
0,0,0.9708709716796875,0.15562878549098969,0.15562804043293,7.450580596923828e-07,0.9708709716796875,3.774658452471158e-08,0.0197755116969347,9.876368167738292e-09,0.007614122238010168,6.094148741198069e-09,0.0006516955909319222,6.365868249202933e-11,0.0010877002496272326,1.4453220564814018e-10,True
0,0,0.9563631415367126,0.201267272233963,0.20126667618751526,5.960464477539062e-07,0.9563631415367126,4.136283848765743e-08,0.037037987262010574,2.2763375184808865e-08,0.005630506202578545,2.303477852905189e-09,0.00036752011510543525,1.7876583893738918e-11,0.0006008042837493122,4.223108321377289e-11,True
0,0,0.9050962328910828,0.3879659175872803,0.3879624307155609,3.4868717193603516e-06,0.9050962328910828,4.844833370043489e-07,0.06346427649259567,1.086643592884684e-07,0.027732927352190018,1.152789650404884e-07,0.0016765829641371965,6.326426049696465e-10,0.0020299451425671577,7.554319947367105e-10,True
0,0,0.9573671221733093,0.20333680510520935,0.2033361941576004,6.109476089477539e-07,0.9573671221733093,3.584757379826442e-08,0.033059556037187576,1.3271505672207695e-08,0.008378853090107441,5.5254365527446225e-09,0.0004793890693690628,2.9621229080678546e-11,0.000715042173396796,5.6339325565923914e-11,True
0,0,0.8054150938987732,0.6685947179794312,0.668590247631073,4.470348358154297e-06,0.8054150938987732,1.1178960903635016e-06,0.09856559336185455,9.967017433609726e-08,0.0853351354598999,4.938613074045861e-07,0.005382486619055271,3.4287470640492757e-09,0.005301724653691053,2.7760547194333185e-09,True
0,0,0.9626391530036926,0.19063474237918854,0.1906338781118393,8.642673492431641e-07,0.9626391530036926,5.3694606094722985e-08,0.023992294445633888,1.2770306589970915e-08,0.01144455373287201,1.2070271004915867e-08,0.0007756415870971978,9.294364583523063e-11,0.0011483965208753943,1.7523250905870924e-10,True
1,0,0.728268027305603,0.8537788391113281,0.8537481427192688,3.069639205932617e-05,0.728268027305603,1.0153773473575711e-05,0.09546855837106705,1.1235334085313298e-07,0.14989767968654633,5.59324416826712e-06,0.013457409106194973,9.099215247942993e-08,0.012908351607620716,7.037899507622569e-08,False
1,0,0.9067957997322083,0.3658215403556824,0.3658166825771332,4.857778549194336e-06,0.9067957997322083,7.033405040601792e-07,0.07361864298582077,2.648591532761202e-07,0.017521563917398453,8.668180129234315e-08,0.0009135635918937624,4.2979139691645685e-10,0.0011504596332088113,5.905989031163017e-10,False
0,0,0.967409610748291,0.1634361445903778,0.16343508660793304,1.0579824447631836e-06,0.967409610748291,5.4942898231047366e-08,0.025817671790719032,2.364918749719891e-08,0.005914620589464903,6.084466264155708e-09,0.0003319437673781067,3.122358968599137e-11,0.0005261385231278837,6.601147406470886e-11,True
1,2,0.7587839961051941,0.7853299379348755,0.7853212356567383,8.702278137207031e-06,0.01375174056738615,4.71299053117491e-08,0.15727944672107697,1.6160360019057407e-06,0.7587839961051941,1.268325263481529e-06,0.0525638721883297,1.0835120178853686e-07,0.017620911821722984,1.284842099380512e-08,False
0,0,0.9546120762825012,0.22319990396499634,0.22319932281970978,5.811452865600586e-07,0.9546120762825012,3.82244991214975e-08,0.028501519933342934,1.0629987556853848e-08,0.014483344741165638,8.500491865959248e-09,0.0009921472519636154,6.944853719881294e-11,0.0014109109761193395,1.2590550824143065e-10,True
0,0,0.9336214065551758,0.2704179286956787,0.2704172432422638,6.854534149169922e-07,0.9336214065551758,7.471857799146164e-08,0.058920908719301224,5.050916485060952e-08,0.006713903043419123,3.154047689690742e-09,0.00030474524828605354,1.063929500055849e-11,0.0004390206595417112,1.943252850300503e-11,True
0,0,0.9694017767906189,0.15962132811546326,0.15962059795856476,7.301568984985352e-07,0.9694017767906189,3.933730141625347e-08,0.021538233384490013,1.2653705638854262e-08,0.007911209017038345,6.631347915231345e-09,0.0004557101638056338,2.8357590581284953e-11,0.0006930890958756208,5.191209614952008e-11,True
0,0,0.9144042134284973,0.3623301386833191,0.36232471466064453,5.424022674560547e-06,0.9144042134284973,7.141397304621933e-07,0.05608661100268364,1.3560412526203436e-07,0.02530292607843876,1.6528265689430555e-07,0.0018374674255028367,1.4526553293592315e-09,0.00236870301887393,2.0098769315524123e-09,True
0,0,0.9585307240486145,0.19369658827781677,0.1936960220336914,5.662441253662109e-07,0.9585307240486145,4.289912780564009e-08,0.03502345830202103,2.390950015751514e-08,0.0055498345755040646,2.7774758049048387e-09,0.0003422619483899325,1.5854803581127896e-11,0.0005538137629628181,3.475694732024692e-11,True
3,3,0.7636427283287048,0.7101451754570007,0.7101354002952576,9.775161743164062e-06,6.478155967215571e-08,1.3756344459001871e-17,6.1099667618691456e-06,6.519363906143036e-14,0.10977869480848312,1.8010074427365907e-06,0.7636427283287048,2.6103643904207274e-06,0.1265724152326584,1.1282152456715266e-07,True
0,0,0.9578157663345337,0.20247432589530945,0.20247359573841095,7.301568984985352e-07,0.9578157663345337,4.5247112723245664e-08,0.03208238631486893,1.2151669892546124e-08,0.008926182053983212,9.301300174513472e-09,0.00047958671348169446,4.0969040659977196e-11,0.0006961632752791047,7.096417897756169e-11,True
1,0,0.8648717999458313,0.4978095293045044,0.49780723452568054,2.294778823852539e-06,0.8648717999458313,4.205400614409882e-07,0.0945545956492424,9.473094308987129e-08,0.035338468849658966,9.889798491258261e-08,0.0024092874955385923,9.263678713011814e-10,0.0028259423561394215,1.1315188785943064e-09,False
0,0,0.9420921206474304,0.24866801500320435,0.2486671507358551,8.642673492431641e-07,0.9420921206474304,7.704917237560949e-08,0.050001394003629684,4.593316660361779e-08,0.006599694490432739,4.472819892242796e-09,0.0004973917966708541,3.487677854852045e-11,0.0008093885262496769,7.476688712593216e-11,True
0,0,0.9513029456138611,0.2353348433971405,0.23533372581005096,1.1175870895385742e-06,0.9513029456138611,8.820926922226136e-08,0.03101404942572117,1.979495145576493e-08,0.015237370505928993,2.2035735014469537e-08,0.0010198844829574227,1.3706467905105768e-10,0.0014258193550631404,2.157823919546331e-10,True
2,2,0.7829935550689697,0.7209271788597107,0.7209213376045227,5.841255187988281e-06,0.002680074656382203,2.815383481902245e-09,0.02617204561829567,1.2194445275781618e-07,0.7829935550689697,4.953657253281563e-07,0.14285247027873993,6.951440809643827e-07,0.04530191048979759,5.488220011784506e-08,True
0,0,0.9826256036758423,0.0990615040063858,0.09906020015478134,1.30385160446167e-06,0.9826256036758423,3.6655546153951946e-08,0.01346880104392767,1.5150471099900642e-08,0.0032615368254482746,3.913837254287955e-09,0.00022609943698626012,3.162302364412284e-11,0.00041792989941313863,9.283415008942697e-11,True
0,0,0.9843279123306274,0.08848769217729568,0.088487409055233,2.8312206268310547e-07,0.9843279123306274,7.291610426563011e-09,0.013279381208121777,3.705208806437099e-09,0.00208746874704957,5.589191331978327e-10,0.00010636794468155131,2.671086875988271e-12,0.0001988888980122283,8.221658596985204e-12,True
0,0,0.9091120958328247,0.38102173805236816,0.38102003931999207,1.6987323760986328e-06,0.9091120958328247,2.3216460931507754e-07,0.05591682717204094,4.300101963394809e-08,0.030719256028532982,6.791353968083058e-08,0.0019320426508784294,4.1229372693685207e-10,0.0023198078852146864,4.855587043550713e-10,True
0,0,0.9724190831184387,0.14233307540416718,0.14233258366584778,4.917383193969727e-07,0.9724190831184387,2.373176499759211e-08,0.02244773507118225,1.491797263497574e-08,0.004287756513804197,1.2825998041421371e-09,0.0003046685887966305,1.1658720863727545e-11,0.0005408163997344673,3.284915048307191e-11,True
2,2,0.6215412020683289,0.8792468905448914,0.8792354464530945,1.1444091796875e-05,0.00026620374410413206,7.148498459841335e-11,0.002945853862911463,4.518026397448693e-09,0.6215412020683289,4.922295829601353e-06,0.2936455011367798,3.7642766983481124e-06,0.08160122483968735,1.343517084251289e-07,True
0,0,0.8001289367675781,0.6649990081787109,0.6649942398071289,4.76837158203125e-06,0.8001289367675781,1.0971715482810396e-06,0.12466142326593399,1.3795478537304007e-07,0.06671213358640671,4.3223587908869376e-07,0.0042068492621183395,2.884515071244209e-09,0.004290703684091568,2.5000888026482926e-09,True
0,0,0.9747678637504578,0.13046130537986755,0.13046061992645264,6.854534149169922e-07,0.9747678637504578,2.831806611425236e-08,0.021371349692344666,1.4829092620516349e-08,0.0033237002789974213,1.8049217676008311e-09,0.00019404137856326997,1.020817458341483e-11,0.0003430148062761873,2.731582494919227e-11,True
0,0,0.9622006416320801,0.18638688325881958,0.1863856166601181,1.2665987014770508e-06,0.9622006416320801,6.954464737418675e-08,0.028571275994181633,2.1434226837868664e-08,0.007980859838426113,1.2641313773542606e-08,0.0004923473461531103,8.112332333665151e-11,0.0007549155270680785,1.6370278743682576e-10,True
0,0,0.9190556406974792,0.346049040555954,0.3460474908351898,1.5497207641601562e-06,0.9190556406974792,1.9023654829197767e-07,0.05340629816055298,4.044611046083446e-08,0.023964619264006615,4.518415153142996e-08,0.001575691276229918,3.1312216708379026e-10,0.0019977285992354155,4.2384371012893496e-10,True
4,3,0.6874672770500183,0.8376816511154175,0.8376537561416626,2.7894973754882812e-05,8.88486852090864e-07,4.507392655189561e-15,3.8352663978002965e-05,4.5859483745192e-12,0.16444642841815948,7.580307737953262e-06,0.6874672770500183,8.009599696379155e-06,0.1480470895767212,1.7130857088432094e-07,False
0,0,0.9652867317199707,0.17423883080482483,0.17423810064792633,7.301568984985352e-07,0.9652867317199707,3.531313907956246e-08,0.02620510198175907,1.0261021365920442e-08,0.007355986628681421,6.542605568427007e-09,0.0004510438593570143,3.675382914680725e-11,0.0007011325214989483,7.343300967299626e-11,True
0,0,0.9677791595458984,0.16128391027450562,0.16128341853618622,4.917383193969727e-07,0.9677791595458984,2.1503357316987604e-08,0.0258032139390707,9.862179517483582e-09,0.0056667993776500225,2.6073696535178215e-09,0.0002929831971414387,1.2059797604990763e-11,0.00045782382949255407,2.5378079845927992e-11,True
0,2,0.4049844741821289,1.2758684158325195,1.275802493095398,6.592273712158203e-05,0.29618167877197266,1.817248084989842e-05,0.23972134292125702,1.8870121039071819e-06,0.4049844741821289,2.017134102061391e-05,0.03534061834216118,4.6062561409598857e-07,0.023771902546286583,1.613399831512652e-07,False
0,0,0.6792927384376526,0.9168906211853027,0.9168803095817566,1.0311603546142578e-05,0.6792927384376526,3.823416591330897e-06,0.09813159704208374,5.846408512866219e-08,0.19881680607795715,2.618558255562675e-06,0.012888780795037746,1.8394237244478973e-08,0.010870059952139854,1.0321131505008907e-08,True
0,0,0.970270574092865,0.15633994340896606,0.1563391536474228,7.897615432739258e-07,0.970270574092865,3.845825347070786e-08,0.021095188334584236,1.0948920881048707e-08,0.0072908843867480755,7.406963042910775e-09,0.0005137747502885759,6.259999463242849e-11,0.0008296702289953828,1.3857660852156783e-10,True
0,0,0.9143080711364746,0.3481801748275757,0.34817740321159363,2.771615982055664e-06,0.9143080711364746,3.457569732745469e-07,0.06592810153961182,1.2982563646346534e-07,0.017172906547784805,4.8033868438324134e-08,0.0011110077612102032,3.2241409542166366e-10,0.0014799118507653475,4.756488536372672e-10,True
0,0,0.706517219543457,0.8968417644500732,0.8968307375907898,1.1026859283447266e-05,0.706517219543457,3.877352355630137e-06,0.10862953960895538,7.944287716554754e-08,0.1567791998386383,1.9507251636241563e-06,0.0143949706107378,3.543315330034602e-08,0.01367904432117939,2.73339679779383e-08,True
0,0,0.9513846635818481,0.234910786151886,0.23490948975086212,1.296401023864746e-06,0.9513846635818481,9.708302428634852e-08,0.0307919979095459,2.0527847865992044e-08,0.015473722480237484,2.484834027427496e-08,0.0009858068078756332,1.4426590477789603e-10,0.0013637704541906714,2.2491281059799917e-10,True
0,0,0.5458812117576599,1.1259183883666992,1.1258900165557861,2.8371810913085938e-05,0.5458812117576599,1.0628186828398611e-05,0.1808677315711975,4.8940925978513405e-08,0.23708663880825043,7.1444328568759374e-06,0.019895194098353386,1.1876252159481737e-07,0.016269225627183914,6.590004630879776e-08,True
2,0,0.7052006721496582,0.8951202630996704,0.8950957655906677,2.4497509002685547e-05,0.7052006721496582,9.265118023904506e-06,0.06241368129849434,4.26657145169429e-08,0.19144980609416962,5.180498192203231e-06,0.02086467109620571,1.2536666815776698e-07,0.02007123827934265,9.637387421435051e-08,False
0,0,0.9803032279014587,0.10630626976490021,0.10630577057600021,4.991888999938965e-07,0.9803032279014587,1.9922024918628267e-08,0.0169599037617445,1.1058625126736388e-08,0.002287547802552581,1.0190959187639237e-09,0.00015269980940502137,6.823506603498286e-12,0.00029672071104869246,2.1345172157571923e-11,True
0,0,0.8898138403892517,0.44909584522247314,0.44909071922302246,5.125999450683594e-06,0.8898138403892517,7.552898750873283e-07,0.05965448543429375,4.815686338588421e-08,0.04311255365610123,3.0714036824974755e-07,0.003387836506590247,3.4340070786953447e-09,0.004031314980238676,4.1933976291375075e-09,True
0,0,0.976047694683075,0.12573939561843872,0.12573878467082977,6.109476089477539e-07,0.976047694683075,1.7458880563481216e-08,0.01988954469561577,8.063679501901788e-09,0.003584070596843958,2.009471922193029e-09,0.00017832903540693223,8.21326513744669e-12,0.00030029515619389713,1.997025461664137e-11,True
2,0,0.5602869987487793,1.0791504383087158,1.0791312456130981,1.919269561767578e-05,0.5602869987487793,6.836646207375452e-06,0.23421697318553925,2.4438790546810196e-07,0.1819191426038742,3.97822304876172e-06,0.012959353625774384,4.13117966502341e-08,0.010617516003549099,2.2702831614651586e-08,False
0,0,0.9759108424186707,0.13194260001182556,0.13194215297698975,4.470348358154297e-07,0.9759108424186707,1.9664087247406314e-08,0.0169211458414793,5.516252343795713e-09,0.00610040919855237,3.317126573421092e-09,0.00040352196083404124,2.0464494682181922e-11,0.0006641047075390816,4.484520740866138e-11,True
0,0,0.9594430923461914,0.19345799088478088,0.19345727562904358,7.152557373046875e-07,0.9594430923461914,5.7491501337381123e-08,0.03270072862505913,2.8563626131017372e-08,0.006798516493290663,4.52843140763548e-09,0.00041271335794590414,2.828535149157485e-11,0.0006450660293921828,5.88409460045014e-11,True
0,2,0.5173210501670837,1.240323543548584,1.240303874015808,1.9669532775878906e-05,0.2742380201816559,6.618392490054248e-06,0.10018444061279297,2.03052039182694e-07,0.5173210501670837,5.007406343793264e-06,0.06356626003980637,2.4627161110402085e-07,0.04469025135040283,8.45731733534194e-08,False
0,0,0.9630078673362732,0.18984800577163696,0.18984642624855042,1.5795230865478516e-06,0.9630078673362732,8.333915957337013e-08,0.023318637162446976,1.1143973743799052e-08,0.01159984152764082,2.4959041056149545e-08,0.0008302423520945013,2.2873460070460538e-10,0.0012433965457603335,4.4605522053764446e-10,True
0,0,0.9604527354240417,0.18549507856369019,0.18549410998821259,9.685754776000977e-07,0.9604527354240417,6.102914085204247e-08,0.033779535442590714,3.1574263203992814e-08,0.005081064533442259,4.003394504792368e-09,0.0002657226868905127,1.6813755249200923e-11,0.0004208781465422362,3.4769544882129466e-11,True
0,0,0.8745549321174622,0.46838223934173584,0.46837958693504333,2.652406692504883e-06,0.8745549321174622,4.7563935368089005e-07,0.08899258822202682,1.3520707398129161e-07,0.03253496438264847,9.95833246975053e-08,0.0018290337175130844,4.6136819364939186e-10,0.002088528824970126,4.827619415337381e-10,True
0,0,0.9486426711082458,0.24075426161289215,0.24075274169445038,1.519918441772461e-06,0.9486426711082458,1.228216888193856e-07,0.035930171608924866,3.248343460882097e-08,0.013593927025794983,2.4460655723146374e-08,0.0007727647898718715,1.1205945893433267e-10,0.0010604317067191005,1.679021782718948e-10,True
0,0,0.9797344207763672,0.11220622062683105,0.11220600455999374,2.1606683731079102e-07,0.9797344207763672,8.897058201284835e-09,0.015706457197666168,3.983372298677068e-09,0.00389367644675076,9.823984958856613e-10,0.00024165988725144416,5.985516336043384e-12,0.0004238289257045835,1.5504108413777473e-11,True
0,0,0.9615522623062134,0.1916167140007019,0.19161604344844818,6.705522537231445e-07,0.9615522623062134,4.229319472415227e-08,0.02693972922861576,1.252484338465365e-08,0.010121001861989498,7.837308579894398e-09,0.0005686545628122985,4.1643404002922324e-11,0.0008183669415302575,7.504379756495538e-11,True
0,0,0.9438459277153015,0.2519736886024475,0.2519725561141968,1.1324882507324219e-06,0.9438459277153015,9.90442714510209e-08,0.04362789914011955,3.729101649696531e-08,0.010907321237027645,1.2453868158956993e-08,0.0006645488901995122,8.506716858702745e-11,0.0009542872430756688,1.519319531295693e-10,True
0,0,0.8938748240470886,0.4201764464378357,0.4201754033565521,1.043081283569336e-06,0.8938748240470886,1.4656127689249843e-07,0.07247620075941086,3.601308762313238e-08,0.02945222519338131,3.4390961189956215e-08,0.0019010895630344748,2.294078815801015e-10,0.0022956132888793945,2.8339566804369554e-10,True
0,0,0.930354118347168,0.3134291172027588,0.3134276568889618,1.4603137969970703e-06,0.930354118347168,1.4683304527807195e-07,0.04064085707068443,1.9663470851583043e-08,0.025382906198501587,5.1553559643480185e-08,0.0016058540204539895,3.0048089016965207e-10,0.002016279846429825,3.9088132730569214e-10,True
0,0,0.9760525822639465,0.12336037307977676,0.12335933744907379,1.0356307029724121e-06,0.9760525822639465,3.9872958268460934e-08,0.02094114013016224,2.1843810316113377e-08,0.00266592507250607,2.3674640026172256e-09,0.00012415491801220924,8.518884382635594e-12,0.0002162027230951935,2.183730973825959e-11,True
0,0,0.9667366147041321,0.16620232164859772,0.16620197892189026,3.427267074584961e-07,0.9667366147041321,2.0661033772739756e-08,0.02619948424398899,8.046277422124604e-09,0.006241270806640387,2.6928888008370677e-09,0.00032442595693282783,1.3416475395933158e-11,0.0004982592654414475,2.878332294731223e-11,True
0,2,0.7496229410171509,0.8935056924819946,0.8934981226921082,7.569789886474609e-06,0.043680548667907715,3.1780390941094083e-07,0.05270294472575188,2.328543615703893e-07,0.7496229410171509,3.3700192147989583e-07,0.10338423401117325,2.723295153828076e-07,0.05060932785272598,5.6993371799762826e-08,False
0,2,0.43704843521118164,1.273060917854309,1.2730016708374023,5.924701690673828e-05,0.3606322109699249,2.3436499759554863e-05,0.07852670550346375,3.237924772747647e-07,0.43704843521118164,1.2902904018119443e-05,0.06857021152973175,1.0914803851846955e-06,0.05522247776389122,5.503384272742551e-07,False
0,0,0.9564459919929504,0.2066483199596405,0.20664732158184052,9.98377799987793e-07,0.9564459919929504,6.952266318194233e-08,0.034079764038324356,2.7823213955002757e-08,0.008135276846587658,8.61969695620246e-09,0.0005274236318655312,4.952332641194879e-11,0.0008115748059935868,9.260015670919941e-11,True
2,0,0.9135511517524719,0.3636919856071472,0.36368975043296814,2.2351741790771484e-06,0.9135511517524719,2.911490355472779e-07,0.05559678003191948,6.470691005233675e-08,0.02742629311978817,7.317476757862096e-08,0.001555154100060463,3.862033470802828e-10,0.001870661391876638,4.713898715813514e-10,False
1,0,0.7492363452911377,0.8122438192367554,0.8122252821922302,1.8537044525146484e-05,0.7492363452911377,5.5000768952595536e-06,0.10808863490819931,2.2105916741566034e-07,0.1202302947640419,2.7309920369589236e-06,0.011215909384191036,4.256976993133321e-08,0.01122878585010767,3.522123037669189e-08,False
0,0,0.986451268196106,0.07862493395805359,0.07862456887960434,3.650784492492676e-07,0.986451268196106,7.659327394549109e-09,0.011581326834857464,3.932025371966574e-09,0.001549960463307798,4.087213345549401e-10,0.00013023774954490364,4.796679546614779e-12,0.00028717468376271427,1.9718568791682323e-11,True
0,0,0.9749999046325684,0.1318468153476715,0.13184651732444763,2.980232238769531e-07,0.9749999046325684,1.5043362111555325e-08,0.020114583894610405,6.9333281338401775e-09,0.004134185146540403,1.3268671716915037e-09,0.00027329495060257614,1.1424025787853953e-11,0.00047809313400648534,3.147357027777353e-11,True
0,0,0.9683924913406372,0.1569843888282776,0.15698398649692535,4.023313522338867e-07,0.9683924913406372,2.3582623853712903e-08,0.026505082845687866,1.2437591401237569e-08,0.004308972042053938,1.7786406791842069e-09,0.00028976198518648744,1.1594425072813941e-11,0.0005037887021899223,2.8583010958094235e-11,True
0,0,0.9724550247192383,0.1401660144329071,0.14016541838645935,5.960464477539062e-07,0.9724550247192383,2.8849823863197344e-08,0.023231161758303642,1.4185568275593141e-08,0.003723901929333806,2.032077395242027e-09,0.00021663094230461866,1.0891900228959805e-11,0.00037333331420086324,2.7195617285924456e-11,True
0,2,0.4301922023296356,1.2635343074798584,1.2635148763656616,1.9431114196777344e-05,0.31185680627822876,6.356657650030684e-06,0.19391468167304993,4.6279694743134314e-07,0.4301922023296356,5.790943760075606e-06,0.03815905377268791,1.1696054258436561e-07,0.025877270847558975,3.8657272938280585e-08,False
0,0,0.7419529557228088,0.8211078643798828,0.8211013078689575,6.556510925292969e-06,0.7419529557228088,2.270609229526599e-06,0.08190453052520752,7.070133989373062e-08,0.1513083428144455,1.2528944353107363e-06,0.012760216370224953,1.2322217024518523e-08,0.01207398809492588,8.48126457952958e-09,True
0,0,0.9749273657798767,0.1346960961818695,0.1346951276063919,9.685754776000977e-07,0.9749273657798767,3.724872854604655e-08,0.01859818957746029,1.1756704054732836e-08,0.005576375871896744,6.527033580283614e-09,0.0003386557218618691,3.591838979022377e-11,0.0005594295798800886,8.088976016784599e-11,True
0,0,0.9564447402954102,0.21974211931228638,0.21974103152751923,1.087784767150879e-06,0.9564447402954102,6.99490882993814e-08,0.02439969778060913,1.0166550268309038e-08,0.01596434973180294,2.0397077804545916e-08,0.0013004880165681243,2.6227295335523593e-10,0.0018907107878476381,4.98331154119569e-10,True
0,0,0.9762894511222839,0.12585929036140442,0.1258590817451477,2.086162567138672e-07,0.9762894511222839,9.071178475039687e-09,0.019168946892023087,3.919474522717792e-09,0.003957107663154602,1.172520747161343e-09,0.00021692026348318905,5.715700048675165e-12,0.0003676569031085819,1.3891100075769103e-11,True
0,0,0.716568648815155,0.8861290812492371,0.8860522508621216,7.683038711547852e-05,0.716568648815155,2.553771082602907e-05,0.09430674463510513,1.1100370755912081e-07,0.15645740926265717,1.3652775123773608e-05,0.016486387699842453,3.365563543411554e-07,0.016180841252207756,2.7962346393906046e-07,True
2,2,0.6705383658409119,0.8192379474639893,0.8192195892333984,1.8358230590820312e-05,0.00017833762103691697,3.346578569818348e-11,0.004387774970382452,1.3170301293996545e-08,0.6705383658409119,7.216036010504467e-06,0.261318176984787,5.350161245587515e-06,0.06357739120721817,2.618860150960245e-07,True
0,0,0.959672749042511,0.2000969648361206,0.20009563863277435,1.3262033462524414e-06,0.959672749042511,8.674875573433383e-08,0.02799364924430847,2.489537997973912e-08,0.010555705986917019,1.4575147311290948e-08,0.0007127096760086715,1.0599008476441796e-10,0.001065120450221002,1.9964699338181902e-10,True
0,2,0.7261301279067993,0.9473097324371338,0.9472927451133728,1.6987323760986328e-05,0.09291823208332062,1.7003064840537263e-06,0.08773822337388992,7.40946802579856e-07,0.7261301279067993,2.1829805518791545e-06,0.061945199966430664,2.6246553375131043e-07,0.03126826509833336,5.601210517625077e-08,False
0,2,0.5867785215377808,1.160505771636963,1.1604794263839722,2.6345252990722656e-05,0.2295321673154831,7.863857717893552e-06,0.0694880560040474,2.471933839842677e-07,0.5867785215377808,5.313247584126657e-06,0.06867867708206177,4.065142036324687e-07,0.045522596687078476,1.3116307684413187e-07,False
0,0,0.9798118472099304,0.11442772299051285,0.1144271120429039,6.109476089477539e-07,0.9798118472099304,1.8286803182832045e-08,0.01426899153739214,5.790769641578208e-09,0.004873147699981928,2.5539050874101576e-09,0.00037647929275408387,2.348041032440573e-11,0.0006694683688692749,6.193843354873607e-11,True
1,0,0.9574575424194336,0.2050911784172058,0.20508931577205658,1.862645149230957e-06,0.9574575424194336,1.3278916810577357e-07,0.03175453841686249,5.987919848848833e-08,0.00940648652613163,1.589306819482772e-08,0.0005588183994404972,7.52761186717521e-11,0.0008226277423091233,1.324766546462186e-10,False
2,2,0.7248267531394958,0.8728081583976746,0.8727992177009583,8.940696716308594e-06,0.009968540631234646,5.0078298841071955e-08,0.03358854725956917,2.079625716078226e-07,0.7248267531394958,5.023657649871893e-07,0.16288647055625916,8.826865496303071e-07,0.0687296912074089,1.0118592541630278e-07,True
0,0,0.9785016179084778,0.10972490161657333,0.10972465574741364,2.4586915969848633e-07,0.9785016179084778,9.045357352022165e-09,0.020118359476327896,7.821475911384823e-09,0.0011405952973291278,1.2578206531888014e-10,7.561939855804667e-05,9.27123178576239e-13,0.0001638219691812992,3.8269517763089844e-12,True
0,0,0.9352521896362305,0.29542604088783264,0.29542526602745056,7.748603820800781e-07,0.9352521896362305,8.105989479645359e-08,0.04003816843032837,1.4526018610183655e-08,0.02118070237338543,2.2024572388090746e-08,0.0015103030018508434,1.9303793286074011e-10,0.002018736209720373,3.0316749111136687e-10,True
0,0,0.9508438110351562,0.22501744329929352,0.22501669824123383,7.450580596923828e-07,0.9508438110351562,5.7079915904978407e-08,0.039122022688388824,2.3760565071029305e-08,0.008969101123511791,6.652783213212388e-09,0.00044054389582015574,2.734586515562576e-11,0.0006245368276722729,4.6980769968785197e-11,True
0,0,0.8785331845283508,0.4779120683670044,0.47790971398353577,2.3543834686279297e-06,0.8785331845283508,4.0555599412073207e-07,0.068231001496315,5.287309079449187e-08,0.04652401804924011,1.433690073326943e-07,0.0031475506257265806,1.1260231636001095e-09,0.003564257640391588,1.2266447857456342e-09,True
2,2,0.6024662256240845,1.158125638961792,1.1580692529678345,5.638599395751953e-05,0.1981421262025833,1.3961228432890493e-05,0.08943545073270798,9.297909855376929e-07,0.6024662256240845,1.037878610077314e-05,0.06730302423238754,9.386872648065037e-07,0.04265318810939789,2.8662157092185225e-07,True
3,3,0.8050523996353149,0.614609956741333,0.6145948767662048,1.5079975128173828e-05,1.5576558709540222e-08,1.3850470374880046e-18,1.6742275192882516e-06,1.0141733847580763e-14,0.06116528436541557,1.6364137991331518e-06,0.8050523996353149,2.6150607936870074e-06,0.1337805986404419,2.121778663877194e-07,True
0,0,0.9224309325218201,0.3345335125923157,0.33453211188316345,1.4007091522216797e-06,0.9224309325218201,1.7029556431680248e-07,0.051448095589876175,4.607505132980805e-08,0.02281573973596096,3.5088291383544856e-08,0.001454229117371142,2.435952550783327e-10,0.0018510267836973071,3.353094468749873e-10,True
0,0,0.9768670201301575,0.12755945324897766,0.1275591105222702,3.427267074584961e-07,0.9768670201301575,1.5296414801468927e-08,0.016472240909934044,6.7146799231920795e-09,0.005573798902332783,1.7065749924327633e-09,0.00040119016193784773,1.0398988094240114e-11,0.0006857746629975736,2.4965748218752637e-11,True
0,0,0.967640221118927,0.15758709609508514,0.15758633613586426,7.599592208862305e-07,0.967640221118927,4.376149220775005e-08,0.02817995660007,2.6865711433288197e-08,0.00350670306943357,1.5726030477836161e-09,0.00024040896096266806,9.845510691441905e-12,0.00043266965076327324,2.5303448572544518e-11,True
0,0,0.9256492853164673,0.3345339298248291,0.334532231092453,1.6987323760986328e-06,0.9256492853164673,2.0927384980495845e-07,0.03905772790312767,2.7067960317594952e-08,0.030083710327744484,6.798153151521547e-08,0.0022868853993713856,5.495930377463765e-10,0.0029224210884422064,7.212466734962675e-10,True
0,0,0.9804872870445251,0.10786314308643341,0.1078624501824379,6.92903995513916e-07,0.9804872870445251,2.3259390857788276e-08,0.015653353184461594,1.0192055199809147e-08,0.0032743297051638365,2.1694446239450826e-09,0.0002074507501674816,1.4380859350571207e-11,0.00037759760743938386,4.042791101888099e-11,True
0,0,0.9364382028579712,0.27813297510147095,0.27813199162483215,9.834766387939453e-07,0.9364382028579712,9.845699366906047e-08,0.0485980398952961,4.081566729041697e-08,0.013140292838215828,1.4034255535477769e-08,0.0007674102089367807,6.695360238451187e-11,0.0010561075760051608,1.0413442330658995e-10,True
0,0,0.986499011516571,0.07957562059164047,0.07957514375448227,4.76837158203125e-07,0.986499011516571,9.205605167039721e-09,0.01089094765484333,4.291438315817686e-09,0.0021919249556958675,7.943380953001622e-10,0.00014147756155580282,4.702156199132279e-12,0.0002765700628515333,1.4424811171920293e-11,True
0,0,0.9641279578208923,0.1689702868461609,0.1689697951078415,4.917383193969727e-07,0.9641279578208923,2.9714854576923244e-08,0.03186280280351639,1.9284135177599637e-08,0.003519108984619379,1.1338756600309807e-09,0.00018274900503456593,4.445700751976034e-12,0.0003073678817600012,1.02554024300483e-11,True
0,0,0.9195938110351562,0.3350640535354614,0.33506208658218384,1.9669532775878906e-06,0.9195938110351562,2.318846981097522e-07,0.06008337065577507,6.560922116705115e-08,0.01760670356452465,4.067994652245943e-08,0.0011635968694463372,2.951748845347879e-10,0.0015525309136137366,4.3859868514850575e-10,True
2,3,0.5956222414970398,0.9395356178283691,0.9395125508308411,2.3066997528076172e-05,6.091933755669743e-06,9.666558189753288e-14,0.00012671852891799062,2.5636770484283034e-11,0.2597070038318634,9.015112482302357e-06,0.5956222414970398,7.65477216191357e-06,0.14453797042369843,1.1634909924396197e-07,False
2,2,0.6265730857849121,0.8780059814453125,0.8779856562614441,2.0325183868408203e-05,0.00022183851979207247,9.865557676347336e-11,0.004975470248609781,2.408558508193437e-08,0.6265730857849121,7.866076884965878e-06,0.2911248207092285,6.615744950977387e-06,0.07710477709770203,1.6871031505161227e-07,True
0,0,0.8982998728752136,0.4050072431564331,0.4050048887729645,2.3543834686279297e-06,0.8982998728752136,3.726992758856795e-07,0.07084661722183228,1.1295780666387145e-07,0.027180606499314308,6.808012642522954e-08,0.0016630750615149736,3.296943273944919e-10,0.002009825548157096,3.770949941195312e-10,True
2,0,0.8416418433189392,0.5700832605361938,0.5700764060020447,6.854534149169922e-06,0.8416418433189392,1.368096491205506e-06,0.09857549518346786,1.7734512880451803e-07,0.0521247498691082,4.744414638935268e-07,0.0036381103564053774,3.5746821058779688e-09,0.004019859246909618,3.6013159121495164e-09,False
0,0,0.9680315256118774,0.16800105571746826,0.16800034046173096,7.152557373046875e-07,0.9680315256118774,3.732021980340505e-08,0.021646305918693542,1.0552156481935526e-08,0.008334296755492687,6.310608924309236e-09,0.0007450980483554304,7.627610348892588e-11,0.0012428206391632557,1.7317561273877402e-10,True
0,0,0.9675259590148926,0.15655198693275452,0.15655148029327393,5.066394805908203e-07,0.9675259590148926,2.5558270166925467e-08,0.028735224157571793,1.6870609798047553e-08,0.0032717199064791203,1.0064455935321348e-09,0.0001723023597151041,4.653752209982098e-12,0.0002947503817267716,1.1577240034699177e-11,True
0,1,0.6415676474571228,0.8688491582870483,0.8688451051712036,4.0531158447265625e-06,0.2685839831829071,1.2099978903279407e-06,0.6415676474571228,7.040939635771792e-07,0.08700158447027206,2.555956655214686e-07,0.0017714131390675902,2.2232478358308327e-10,0.0010754152899608016,7.149900810299314e-11,False
0,0,0.9831388592720032,0.09276589751243591,0.09276559203863144,3.0547380447387695e-07,0.9831388592720032,9.463381189789288e-09,0.014791595749557018,5.755035115129203e-09,0.0018174704164266586,4.835007949566261e-10,8.762237848713994e-05,1.932242343558044e-12,0.00016447209054604173,5.9116500757128154e-12,True
0,0,0.5269396901130676,1.1188257932662964,1.1188052892684937,2.0503997802734375e-05,0.5269396901130676,8.701392289367504e-06,0.11583566665649414,1.349696105990006e-07,0.31308719515800476,6.376614237524336e-06,0.024898039177060127,8.101260817738876e-08,0.019239407032728195,3.8685346481770466e-08,True
0,0,0.9704707264900208,0.15500687062740326,0.15500584244728088,1.0281801223754883e-06,0.9704707264900208,4.692165589403885e-08,0.021476294845342636,1.2851053554641112e-08,0.006672217044979334,7.615021502260788e-09,0.0005166041664779186,7.384379913100148e-11,0.0008641315507702529,1.7412973840613688e-10,True
0,2,0.3884732723236084,1.259452223777771,1.2594406604766846,1.1563301086425781e-05,0.3598986566066742,3.6688143154606223e-06,0.1925831139087677,3.637558165792143e-07,0.3884732723236084,3.510780970827909e-06,0.034588538110256195,7.68703571907281e-08,0.02445642091333866,3.0612735457680174e-08,False
0,0,0.9095260500907898,0.3749798834323883,0.37497860193252563,1.2814998626708984e-06,0.9095260500907898,1.7556867248913477e-07,0.060021817684173584,4.524827801333231e-08,0.02684674970805645,4.052814972510532e-08,0.0016227540327236056,2.0590200378034496e-10,0.0019826681818813086,2.4559201894369664e-10,True
0,0,0.9682621955871582,0.1585637927055359,0.15856297314167023,8.195638656616211e-07,0.9682621955871582,4.074550474797434e-08,0.025818724185228348,1.6221571641494847e-08,0.0052399891428649426,4.566989897369922e-09,0.0002637179277371615,1.970373690596272e-11,0.00041536992648616433,4.160350536297486e-11,True
1,0,0.8501482009887695,0.5554096698760986,0.5554057359695435,3.933906555175781e-06,0.8501482009887695,7.834973985154647e-07,0.08575206249952316,8.37034761502764e-08,0.0557188056409359,2.8235223226147355e-07,0.003992518875747919,2.4184467761756423e-09,0.004388400353491306,2.4102773110712405e-09,False
0,0,0.9812192916870117,0.10365882515907288,0.10365848988294601,3.3527612686157227e-07,0.9812192916870117,9.087704810895048e-09,0.015440386720001698,4.426243371824512e-09,0.002890886040404439,8.303533416409437e-10,0.0001603491691639647,4.488047954109842e-12,0.0002890539763029665,1.2758800960188665e-11,True
0,0,0.9641338586807251,0.18190667033195496,0.1819051206111908,1.5497207641601562e-06,0.9641338586807251,8.818239649599491e-08,0.025114823132753372,2.0518726273621724e-08,0.009220610372722149,1.816452410707825e-08,0.0006070377421565354,1.3405408727518164e-10,0.0009237194317393005,2.6334312508424773e-10,True
2,3,0.6088248491287231,0.916351318359375,0.9163320660591125,1.9252300262451172e-05,2.467738113409723e-06,1.1902256253065041e-14,6.898594438098371e-05,6.0228579935872606e-12,0.2643216550350189,7.725012437731493e-06,0.6088248491287231,6.3790002968744375e-06,0.12678201496601105,1.073164241915947e-07,False
0,0,0.9390762448310852,0.2819293141365051,0.2819283902645111,9.238719940185547e-07,0.9390762448310852,9.497885145037799e-08,0.03595088794827461,2.2007839106663596e-08,0.021985363215208054,2.2042726754989417e-08,0.001310239196754992,1.1063135130218171e-10,0.0016772696981206536,1.462467230650688e-10,True
0,0,0.965785801410675,0.1667148768901825,0.16671407222747803,8.046627044677734e-07,0.965785801410675,4.155774036007642e-08,0.028606239706277847,2.1552343909547744e-08,0.004991692025214434,3.413663796081323e-09,0.00023953062191139907,1.1809708592991353e-11,0.00037666462594643235,2.4279989477293817e-11,True
0,0,0.9290019273757935,0.3211251497268677,0.32112357020378113,1.5795230865478516e-06,0.9290019273757935,1.6782072975729534e-07,0.039175983518362045,2.648655872405925e-08,0.02731063775718212,5.618810305918487e-08,0.0019761589355766773,4.923847995996766e-10,0.0025353869423270226,6.874937841239159e-10,True
0,0,0.9322686195373535,0.2988376021385193,0.29883602261543274,1.5795230865478516e-06,0.9322686195373535,1.346162576965071e-07,0.04782389849424362,3.076323196182784e-08,0.017068959772586823,3.4877324139870325e-08,0.0011968266917392612,2.5816143667256597e-10,0.0016416801372542977,3.994882202817962e-10,True
2,0,0.5631273984909058,1.0247936248779297,1.0247728824615479,2.0742416381835938e-05,0.5631273984909058,7.511308922403259e-06,0.25906845927238464,6.130374572421715e-07,0.16804924607276917,4.246387106832117e-06,0.005697393324226141,9.979687298766748e-09,0.004057545214891434,4.1918690740772035e-09,False
1,2,0.4003466069698334,1.2117524147033691,1.2117334604263306,1.895427703857422e-05,0.2649994492530823,4.633180651580915e-06,0.3025171756744385,1.1574294376259786e-06,0.4003466069698334,6.3023267102835234e-06,0.020267127081751823,3.9427643372391685e-08,0.011869682930409908,1.0309300080280082e-08,False
2,2,0.7254120707511902,0.8477870225906372,0.8477725386619568,1.4483928680419922e-05,0.008049082942306995,5.857627982663871e-08,0.021820882335305214,1.9274563101134845e-07,0.7254120707511902,1.2058657148372731e-06,0.17283867299556732,1.8595143274069414e-06,0.0718793049454689,1.5466403624486702e-07,True
0,0,0.9506120085716248,0.2349225878715515,0.23492136597633362,1.2218952178955078e-06,0.9506120085716248,1.0048314180721718e-07,0.03368115797638893,2.5186217555983603e-08,0.013715102337300777,2.122759035216859e-08,0.0008342216024175286,1.1102031793885914e-10,0.0011575528187677264,1.6958731641203428e-10,True
0,0,0.9653672575950623,0.17181889712810516,0.17181818187236786,7.152557373046875e-07,0.9653672575950623,4.166079037304371e-08,0.027347523719072342,1.5146111920216754e-08,0.0063142478466033936,5.304028771746516e-09,0.00037560032797046006,3.175075480310596e-11,0.0005954549997113645,6.755786902123972e-11,True
0,0,0.4996805191040039,1.1923069953918457,1.1922184228897095,8.857250213623047e-05,0.4996805191040039,3.350575207150541e-05,0.17241957783699036,3.2637203162266815e-07,0.27684852480888367,2.2832353351986967e-05,0.028100673109292984,5.93966262840695e-07,0.02295069955289364,3.263643293394125e-07,True
0,0,0.9418415427207947,0.2602340579032898,0.26023292541503906,1.1324882507324219e-06,0.9418415427207947,1.1558952195400707e-07,0.04443535953760147,4.1914546500265715e-08,0.011909948661923409,1.48412047096258e-08,0.0007489857380278409,9.970296810379864e-11,0.0010642691049724817,1.7235408933391483e-10,True
0,0,0.9465948939323425,0.2531124949455261,0.2531120479106903,4.470348358154297e-07,0.9465948939323425,2.9749777752385853e-08,0.03338080272078514,8.470917300940073e-09,0.017479747533798218,1.048740028153361e-08,0.0010845651850104332,7.375799276898576e-11,0.0014600290451198816,1.1942746791504533e-10,True
0,0,0.7298955917358398,0.849486231803894,0.8494810461997986,5.185604095458984e-06,0.7298955917358398,1.5389068721560761e-06,0.08681095391511917,5.831694238622731e-08,0.15580303966999054,9.506966307526454e-07,0.014083156362175941,1.4482961496753433e-08,0.013407210819423199,1.1300056890206633e-08,True
2,3,0.5729579925537109,0.9219347834587097,0.9218978881835938,3.68952751159668e-05,2.1699731860280735e-06,2.5816351281130606e-14,0.00017925140855368227,9.032794651142595e-11,0.32209792733192444,1.613608947081957e-05,0.5729579925537109,1.527246058685705e-05,0.10476266592741013,5.9032956301052764e-08,False
1,1,0.376554936170578,1.2045135498046875,1.2044813632965088,3.218650817871094e-05,0.27144333720207214,6.530093287437921e-06,0.376554936170578,1.8677708339964738e-06,0.32434388995170593,1.0563083378656302e-05,0.017190566286444664,7.045758110280076e-08,0.010467283427715302,2.0261477828853458e-08,True
2,2,0.7051294445991516,0.8970023393630981,0.896976113319397,2.6226043701171875e-05,0.029850995168089867,2.5388754920641077e-07,0.19543753564357758,5.639540631818818e-06,0.7051294445991516,3.837767962977523e-06,0.05003676936030388,4.5475371734937653e-07,0.01954527758061886,6.812465613847962e-08,True
0,0,0.9770916104316711,0.12362740933895111,0.12362643331289291,9.760260581970215e-07,0.9770916104316711,3.8332451879341534e-08,0.0179798174649477,1.4852647112206796e-08,0.004198640584945679,4.442142653715564e-09,0.00026732488186098635,3.057898378955315e-11,0.00046273015323095024,7.898435377962088e-11,True
0,0,0.9673765301704407,0.16335329413414001,0.16335251927375793,7.748603820800781e-07,0.9673765301704407,4.3990468157062423e-08,0.026130840182304382,1.9619331936837625e-08,0.005545334424823523,4.117946872383982e-09,0.0003579435870051384,3.1948152456884316e-11,0.0005894179339520633,7.616628161510874e-11,True
0,0,0.9710777401924133,0.14968520402908325,0.14968447387218475,7.301568984985352e-07,0.9710777401924133,3.682083260514446e-08,0.022455556318163872,1.7339086610945742e-08,0.0055117057636380196,3.439793783144296e-09,0.00035923931864090264,1.9925811001186844e-11,0.0005957848625257611,4.461568614555489e-11,True
1,0,0.9408090710639954,0.2698184847831726,0.2698170840740204,1.4007091522216797e-06,0.9408090710639954,1.2910741986615903e-07,0.041453469544649124,3.776536061650404e-08,0.01522540207952261,2.3925954550918505e-08,0.0010488845873624086,1.6805744296188863e-10,0.0014631942613050342,2.667515375254226e-10,False
2,3,0.507951557636261,0.9490797519683838,0.9490572810173035,2.2470951080322266e-05,7.184492460510228e-06,1.071645959363314e-13,0.0003775873046834022,1.626621615180568e-10,0.3882690370082855,1.0834101885848213e-05,0.507951557636261,8.9463937911205e-06,0.10339464992284775,1.4393538094736869e-07,False
0,0,0.9625431299209595,0.18869367241859436,0.18869268894195557,9.834766387939453e-07,0.9625431299209595,5.575753547759632e-08,0.025887325406074524,1.51763028810592e-08,0.009955283254384995,1.071507327310428e-08,0.0006465359474532306,7.627474346572072e-11,0.0009677021880634129,1.44550704739288e-10,True
0,0,0.9011694192886353,0.39327847957611084,0.39327502250671387,3.4570693969726562e-06,0.9011694192886353,5.439737265078293e-07,0.07186070829629898,1.7816674358073215e-07,0.02345605194568634,8.298880516122153e-08,0.0015487050404772162,5.143217518543963e-10,0.001965197967365384,6.575535671515809e-10,True
0,0,0.9652175903320312,0.16703803837299347,0.16703733801841736,7.003545761108398e-07,0.9652175903320312,3.755681277084477e-08,0.0301714688539505,2.1598905775022104e-08,0.0039041617419570684,2.0768791131331454e-09,0.0002564025344327092,1.3233907025789193e-11,0.0004503472300712019,3.350533739343575e-11,True
0,0,0.9336514472961426,0.2919842302799225,0.2919824719429016,1.7583370208740234e-06,0.9336514472961426,1.6381555667521752e-07,0.04806969687342644,3.6629604238669344e-08,0.015841303393244743,3.4389273650958785e-08,0.001029569422826171,2.720503267106267e-10,0.0014079840620979667,4.427521405059309e-10,True
0,0,0.9656246304512024,0.1733253300189972,0.17332427203655243,1.0579824447631836e-06,0.9656246304512024,5.799048352628233e-08,0.025710780173540115,1.9829894171152773e-08,0.007467623800039291,8.26928214792133e-09,0.00046834442764520645,4.3808630334485343e-11,0.0007286081090569496,8.321828642854356e-11,True
0,0,0.9384096264839172,0.27267149090766907,0.27266955375671387,1.9371509552001953e-06,0.9384096264839172,1.8233586729365925e-07,0.04663613811135292,6.122570539446315e-08,0.012965932488441467,2.6457376733901583e-08,0.0008270101970992982,1.8104921728490098e-10,0.0011612646048888564,2.9959659753053813e-10,True
1,0,0.962799072265625,0.18780145049095154,0.18780003488063812,1.4156103134155273e-06,0.962799072265625,7.232854670746747e-08,0.025928068906068802,1.4553290128560548e-08,0.009523126296699047,1.744800037783989e-08,0.000687049760017544,1.472532790147696e-10,0.0010626568691805005,2.961008105373253e-10,False
3,3,0.7316994667053223,0.7676690816879272,0.7676434516906738,2.562999725341797e-05,2.0549218504584132e-07,2.287582674743077e-16,1.45568137668306e-05,7.170854079800726e-13,0.13275979459285736,5.9436301853565965e-06,0.7316994667053223,6.303036570898257e-06,0.13552598655223846,1.211335387552026e-07,True
1,0,0.8536850214004517,0.5264603495597839,0.5264575481414795,2.8014183044433594e-06,0.8536850214004517,5.326292580321024e-07,0.10166890919208527,1.4491278932382556e-07,0.039248980581760406,1.2261367032806447e-07,0.0025294919032603502,8.844721066658678e-10,0.002867572009563446,9.708918113915388e-10,False
0,0,0.901127815246582,0.4062287211418152,0.406226247549057,2.473592758178711e-06,0.901127815246582,3.857500132653513e-07,0.061630237847566605,7.282693559318432e-08,0.03223910927772522,9.730689498610445e-08,0.002254111459478736,7.231715781763626e-10,0.0027487962506711483,8.624992942074527e-10,True
0,0,0.9578792452812195,0.20917899906635284,0.2091778814792633,1.1175870895385742e-06,0.9578792452812195,7.245476751904789e-08,0.027856219559907913,2.058703252316718e-08,0.012075607664883137,1.3167360535248918e-08,0.0008807227131910622,1.1308286251843214e-10,0.0013081320794299245,2.0803878064690196e-10,True
0,2,0.4501354396343231,1.2519053220748901,1.251848816871643,5.650520324707031e-05,0.351061075925827,2.0914996639476158e-05,0.10182677954435349,5.211628035795002e-07,0.4501354396343231,1.45728699862957e-05,0.055438704788684845,7.669423780498619e-07,0.04153800010681152,3.3401215659978334e-07,False
0,0,0.9441934823989868,0.2534189820289612,0.25341811776161194,8.642673492431641e-07,0.9441934823989868,6.304897226527828e-08,0.04196394234895706,1.8993873140971118e-08,0.011916409246623516,1.2341206279131711e-08,0.0007888373802416027,8.951195340500817e-11,0.0011373453307896852,1.5938973751961072e-10,True
0,0,0.8559960722923279,0.478511244058609,0.4785082936286926,2.950429916381836e-06,0.8559960722923279,6.311425977401086e-07,0.12334265559911728,3.343749028772436e-07,0.018935536965727806,4.922156904285657e-08,0.0007961969822645187,1.322333353925842e-10,0.0009296219795942307,1.4718914975730968e-10,True
0,0,0.9612454771995544,0.18185767531394958,0.1818569153547287,7.599592208862305e-07,0.9612454771995544,4.8437716060334424e-08,0.033225033432245255,2.6034356892523647e-08,0.005031157284975052,3.6169449657563746e-09,0.00020005242549814284,9.872926261256243e-12,0.00029834252200089395,1.8781297697612054e-11,True
2,0,0.6146939992904663,1.0454213619232178,1.045371651649475,4.971027374267578e-05,0.6146939992904663,1.8963099137181416e-05,0.13439683616161346,1.8205777507773746e-07,0.21426503360271454,1.1575287317100447e-05,0.019564203917980194,2.0901124742067623e-07,0.017079921439290047,1.3193564996072382e-07,False
0,0,0.9635152220726013,0.18419012427330017,0.18418945372104645,6.705522537231445e-07,0.9635152220726013,4.120165542076393e-08,0.025770092383027077,1.5171934819591115e-08,0.009153868071734905,6.008820108149848e-09,0.0006151358247734606,4.047684062924439e-11,0.0009457413107156754,7.921120009912741e-11,True
0,0,0.9755841493606567,0.1340644359588623,0.134063720703125,7.152557373046875e-07,0.9755841493606567,3.2414586570439496e-08,0.017093760892748833,9.21072995652139e-09,0.0059693725779652596,4.8682302633551444e-09,0.0004943798412568867,5.488484666749116e-11,0.0008584078750573099,1.407136906994566e-10,True
2,2,0.6264694333076477,0.8892315626144409,0.8892130255699158,1.8537044525146484e-05,0.00036525583709590137,1.9950284479985925e-10,0.005921048112213612,2.612260630030505e-08,0.6264694333076477,7.18423689249903e-06,0.28516367077827454,5.677562512573786e-06,0.08208054304122925,2.4032928536144027e-07,True
1,0,0.9409311413764954,0.2629089951515198,0.2629079818725586,1.0132789611816406e-06,0.9409311413764954,8.975284515599924e-08,0.04564439132809639,3.23376809774345e-08,0.011485581286251545,1.449860764779487e-08,0.0007869605906307697,7.565054138680694e-11,0.0011519977124407887,1.1930728627262965e-10,False
3,3,0.8419436812400818,0.5375514030456543,0.537545382976532,6.020069122314453e-06,1.9573398457595204e-09,1.2117788845944114e-20,5.451071274364949e-07,5.629899245736681e-16,0.05342724546790123,5.738500590268814e-07,0.8419436812400818,1.0368348739575595e-06,0.1046285629272461,9.092506303431946e-08,True
0,0,0.9733477830886841,0.135862797498703,0.13586172461509705,1.0728836059570312e-06,0.9733477830886841,5.152345394776603e-08,0.02273479476571083,2.7640068012146912e-08,0.0034144464880228043,2.945564236966902e-09,0.0001841283665271476,1.3455486724822663e-11,0.00031885746284388006,3.3677304001056285e-11,True
0,0,0.9283977746963501,0.3142684996128082,0.31426721811294556,1.2814998626708984e-06,0.9283977746963501,1.4044263707546634e-07,0.0485491082072258,4.095958061611782e-08,0.01983601227402687,2.756858030750209e-08,0.001380426692776382,1.989380188360812e-10,0.0018366497242823243,2.9075539198508693e-10,True
0,0,0.9713686108589172,0.14397701621055603,0.14397640526294708,6.109476089477539e-07,0.9713686108589172,3.310643137410807e-08,0.024411989375948906,2.0913086373752776e-08,0.003646180732175708,1.4031552586502016e-09,0.00021032440417911857,5.161010074167249e-12,0.00036292491131462157,1.1248823920950723e-11,True
0,0,0.7563156485557556,0.7837508916854858,0.7837443351745605,6.556510925292969e-06,0.7563156485557556,1.9836629689962137e-06,0.09476716816425323,6.320241396906567e-08,0.13156384229660034,1.1371746495569823e-06,0.009012964554131031,9.889331131773815e-09,0.008340445347130299,7.0409966745899055e-09,True
0,0,0.9696734547615051,0.1546914279460907,0.15469038486480713,1.043081283569336e-06,0.9696734547615051,5.319743934251164e-08,0.023959744721651077,2.1208293787822186e-08,0.005449747201055288,5.69263969296685e-09,0.00034526464878581464,3.3835535068194034e-11,0.0005717696622014046,7.564866094655898e-11,True
0,0,0.9736194610595703,0.13398054242134094,0.13397982716560364,7.152557373046875e-07,0.9736194610595703,3.136031523354177e-08,0.022959088906645775,1.6925460144534554e-08,0.0028660816606134176,1.6036842964695097e-09,0.00019394549599383026,1.172528480558599e-11,0.00036140583688393235,3.396866815608135e-11,True
0,0,0.9575918316841125,0.2099107950925827,0.20990991592407227,8.791685104370117e-07,0.9575918316841125,6.34575414437677e-08,0.028112677857279778,1.7010052033583634e-08,0.01223599910736084,1.1804499600032159e-08,0.0008362088701687753,1.0868449890066856e-10,0.001223330618813634,2.0987228621649479e-10,True
1,1,0.482441246509552,0.9048986434936523,0.904888927936554,9.715557098388672e-06,0.03715590387582779,7.839186366709328e-08,0.482441246509552,3.9520505197288e-06,0.4645393490791321,4.1349057937623e-06,0.011817777529358864,1.1901299501460016e-08,0.004045824054628611,1.3587290181860112e-09,True
0,0,0.8606123924255371,0.4667620062828064,0.4667559564113617,6.0498714447021484e-06,0.8606123924255371,1.200108840748726e-06,0.11972310394048691,6.266495233830938e-07,0.018209723755717278,9.449658477933554e-08,0.0006804327131249011,2.5340049503164153e-10,0.0007742958259768784,2.8667135332227645e-10,True
0,0,0.9216814041137695,0.3122236132621765,0.3122222125530243,1.4007091522216797e-06,0.9216814041137695,1.542857859249125e-07,0.06679447740316391,8.113915583862763e-08,0.010253123939037323,1.3497197137724015e-08,0.0005337215843610466,5.974059441582469e-11,0.000737240188755095,9.673723627701136e-11,True
1,0,0.9032596945762634,0.4049185514450073,0.4049166738986969,1.8775463104248047e-06,0.9032596945762634,2.677201109690941e-07,0.052686046808958054,4.248420992780666e-08,0.03855089098215103,8.892435943153032e-08,0.0025266155134886503,7.308516569715096e-10,0.0029767348896712065,8.977099064111371e-10,False
0,0,0.9019522070884705,0.41078948974609375,0.4107852876186371,4.202127456665039e-06,0.9019522070884705,6.274420343288512e-07,0.04893852025270462,6.289726428576614e-08,0.04322906211018562,2.4585469304838625e-07,0.0027417221572250128,1.4500997069788468e-09,0.0031384245958179235,1.5157599619897155e-09,True
2,0,0.45485424995422363,1.1927075386047363,1.1926872730255127,2.0265579223632812e-05,0.45485424995422363,8.327657269546762e-06,0.10896610468626022,9.821376067975507e-08,0.3700304925441742,5.912405413255328e-06,0.03729039803147316,1.7229042725830368e-07,0.028858765959739685,8.474375334799333e-08,False
0,0,0.9623422622680664,0.19387340545654297,0.1938723623752594,1.043081283569336e-06,0.9623422622680664,7.003358604151799e-08,0.023268014192581177,1.8302420912164052e-08,0.011853624135255814,1.3743481019901083e-08,0.0009964206255972385,1.2214411426736405e-10,0.001539720455184579,2.2419160972120267e-10,True
0,0,0.9644679427146912,0.17184892296791077,0.17184777557849884,1.1473894119262695e-06,0.9644679427146912,6.946167019350469e-08,0.02971814014017582,3.3791312858966194e-08,0.005138386506587267,5.366770139403343e-09,0.0002618361613713205,1.8804836160457583e-11,0.0004136816714890301,3.7398889540796176e-11,True
2,0,0.7342129349708557,0.8160381317138672,0.8160209655761719,1.71661376953125e-05,0.7342129349708557,5.153817710379371e-06,0.14000220596790314,2.764174098501826e-07,0.11194892972707748,2.4814735297695734e-06,0.007186162751168013,2.058525794268462e-08,0.006649808492511511,1.5079637094572718e-08,False
0,0,0.9685980081558228,0.16442880034446716,0.16442802548408508,7.748603820800781e-07,0.9685980081558228,3.714378848940214e-08,0.02113700471818447,9.541943235547024e-09,0.008875828236341476,7.65929453194758e-09,0.0005512532079592347,5.1708047565934834e-11,0.0008378647617064416,1.0350412887882854e-10,True
0,0,0.949436604976654,0.22561852633953094,0.225617453455925,1.0728836059570312e-06,0.949436604976654,9.378981502550232e-08,0.042502399533987045,4.701293576658827e-08,0.007220106665045023,6.985354072952532e-09,0.00034311835770495236,2.7302519620131527e-11,0.0004978091455996037,4.9385939782098376e-11,True
0,0,0.9540898203849792,0.22355222702026367,0.22355106472969055,1.1622905731201172e-06,0.9540898203849792,7.870865204040456e-08,0.029466915875673294,1.6292721838340185e-08,0.014495352283120155,2.2191217752265402e-08,0.0008252834086306393,1.3428762268841155e-10,0.0011226440547034144,2.1923318715977302e-10,True
0,0,0.6242305636405945,1.0285075902938843,1.0284847021102905,2.288818359375e-05,0.6242305636405945,8.559259185858537e-06,0.13936975598335266,8.216247238124197e-08,0.2032388299703598,5.22027494298527e-06,0.017709067091345787,8.513077176530714e-08,0.015451810322701931,5.391645530039568e-08,True
0,0,0.9258809089660645,0.30734866857528687,0.30734577775001526,2.8908252716064453e-06,0.9258809089660645,3.0931892069929745e-07,0.059147607535123825,1.1824615597788579e-07,0.013475230894982815,4.353723781491681e-08,0.0006509442464448512,1.7152834708156206e-10,0.000845359347295016,2.458906134261696e-10,True
2,0,0.6952935457229614,0.9093495607376099,0.9093294143676758,2.014636993408203e-05,0.6952935457229614,6.82664722262416e-06,0.12680618464946747,1.3488384809079434e-07,0.15364371240139008,3.876682512782281e-06,0.012618939392268658,4.687425914084997e-08,0.01163763552904129,3.207088994372498e-08,False
0,0,0.953652024269104,0.2143210768699646,0.21431998908519745,1.087784767150879e-06,0.953652024269104,7.843538440965858e-08,0.037406664341688156,2.901934337273815e-08,0.007880368269979954,1.0323414123547536e-08,0.0004275636747479439,4.937899047985361e-11,0.000633452960755676,9.066464939921914e-11,True
0,2,0.6645373702049255,0.872892439365387,0.8728718161582947,2.0623207092285156e-05,0.045031264424324036,3.192716064859269e-07,0.26435407996177673,5.868425432709046e-06,0.6645373702049255,7.0226510615611915e-06,0.019343899562954903,5.2894140623038766e-08,0.006733472924679518,5.7553961596568115e-09,False
0,0,0.9428117871284485,0.275976300239563,0.2759746015071869,1.6987323760986328e-06,0.9428117871284485,1.5440070910699433e-07,0.026031846180558205,1.2615517519520836e-08,0.026039231568574905,5.9162736931739346e-08,0.002180257812142372,8.765672077082343e-10,0.0029369620606303215,1.4813125170931585e-09,True
0,0,0.9265886545181274,0.2990967631340027,0.2990948259830475,1.9371509552001953e-06,0.9265886545181274,2.245723891292073e-07,0.06193029507994652,1.0928362570439276e-07,0.010199707932770252,1.8377352972720473e-08,0.000536461069714278,7.5323351722556e-11,0.0007448468240909278,1.1791854992448947e-10,True
3,3,0.8099481463432312,0.6132333874702454,0.6132140159606934,1.9371509552001953e-05,1.0285584828295669e-08,7.039634266156107e-19,1.840945401454519e-06,1.4124443802054909e-14,0.07371304929256439,2.5816329980443697e-06,0.8099481463432312,3.575691152946092e-06,0.11633703857660294,1.6155053117472562e-07,True
1,2,0.6242863535881042,1.0518689155578613,1.0518418550491333,2.7060508728027344e-05,0.059520941227674484,8.819608297017112e-07,0.23803137242794037,5.553039045480546e-06,0.6242863535881042,6.019980901328381e-06,0.0532589852809906,3.560340076091961e-07,0.02490229718387127,6.011300968111755e-08,False
0,0,0.9306946992874146,0.3092085123062134,0.30920735001564026,1.1622905731201172e-06,0.9306946992874146,1.226720200975251e-07,0.04392803832888603,2.2733518179052226e-08,0.022163549438118935,3.287520300432334e-08,0.0014068150194361806,2.161547607570924e-10,0.0018069291254505515,2.9669269818732857e-10,True
2,0,0.5433759093284607,1.1039179563522339,1.1038955450057983,2.2411346435546875e-05,0.5433759093284607,9.783971108845435e-06,0.12686574459075928,4.6611358328618735e-08,0.29144546389579773,6.830257007095497e-06,0.021560488268733025,7.129703760710981e-08,0.016752442345023155,3.2691939821916094e-08,False
0,0,0.917585551738739,0.3406098783016205,0.34060773253440857,2.1457672119140625e-06,0.917585551738739,2.444061806272657e-07,0.061570603400468826,7.085409237106433e-08,0.018336983397603035,4.763007055430535e-08,0.0010919312480837107,2.7523411327834424e-10,0.0014149649068713188,3.8781539091203854e-10,True
0,0,0.9642807841300964,0.1822630763053894,0.18226216733455658,9.08970832824707e-07,0.9642807841300964,5.095126454079946e-08,0.024335965514183044,1.4175475904210089e-08,0.009734869003295898,1.0180222886901902e-08,0.0006533709238283336,6.918715600434666e-11,0.0009950025705620646,1.3325192338431435e-10,True
0,0,0.9682998657226562,0.1650131344795227,0.1650124043226242,7.301568984985352e-07,0.9682998657226562,3.919358704251863e-08,0.022123029455542564,9.816685242469703e-09,0.008148789405822754,7.305981597482969e-09,0.0005561780999414623,5.787424359193771e-11,0.0008721635094843805,1.2297005080874612e-10,True
0,0,0.9869976043701172,0.07689058780670166,0.07689018547534943,4.023313522338867e-07,0.9869976043701172,9.52110212892876e-09,0.010569463483989239,4.577417556106411e-09,0.002076937584206462,7.168641236177109e-10,0.00012135263386880979,3.971645495121079e-12,0.00023465754929929972,1.2519148044620731e-11,True
0,0,0.9568835496902466,0.2108217179775238,0.21082134544849396,3.725290298461914e-07,0.9568835496902466,2.7304901450975194e-08,0.029742775484919548,9.570695347349556e-09,0.01161433570086956,4.881366866271719e-09,0.0007193313213065267,3.570431797439433e-11,0.0010400833562016487,6.903871224706037e-11,True
0,0,0.9642542004585266,0.18366670608520508,0.18366579711437225,9.08970832824707e-07,0.9642542004585266,5.184955753634313e-08,0.023206723853945732,7.688711001208048e-09,0.010757358744740486,1.5402665809460814e-08,0.0007153524784371257,9.987153465340626e-11,0.001066445605829358,1.81335890747647e-10,True
0,0,0.9831029772758484,0.09299761056900024,0.0929972305893898,3.7997961044311523e-07,0.9831029772758484,8.019754638155518e-09,0.014907116070389748,4.7998236496482605e-09,0.0016286928439512849,3.5126518360684145e-10,0.00011707417434081435,2.9703685257981283e-12,0.0002440528478473425,1.0974268369046136e-11,True
0,0,0.9684316515922546,0.16000211238861084,0.16000127792358398,8.344650268554688e-07,0.9684316515922546,3.327844666500823e-08,0.024648239836096764,1.1065998783976738e-08,0.006030483637005091,4.707791934066563e-09,0.0003446274495217949,2.5264039124617277e-11,0.000544859969522804,5.2963727154020646e-11,True
0,0,0.9587079286575317,0.19841378927230835,0.19841311872005463,6.705522537231445e-07,0.9587079286575317,4.638785000565804e-08,0.032310497015714645,1.7496557092044895e-08,0.007607963867485523,5.660252266892485e-09,0.0005301802884787321,4.4740718074809394e-11,0.0008434896590188146,9.621703433992934e-11,True
1,2,0.7891467213630676,0.740753173828125,0.7407349944114685,1.817941665649414e-05,0.006660002749413252,2.5621632815386874e-08,0.10499363392591476,2.6144648472836707e-06,0.7891467213630676,8.64935884692386e-07,0.07540629059076309,5.322386869011098e-07,0.023793324828147888,3.4015464223102754e-08,False
0,0,0.9705745577812195,0.15777587890625,0.1577751487493515,7.301568984985352e-07,0.9705745577812195,3.629054035059198e-08,0.019109707325696945,8.51822701264382e-09,0.00851444061845541,7.695091674975174e-09,0.0006863511516712606,6.895111565041745e-11,0.0011149798519909382,1.4745654697279065e-10,True
0,0,0.9256129264831543,0.33002156019210815,0.330018550157547,3.0100345611572266e-06,0.9256129264831543,3.336275256060617e-07,0.04431312158703804,4.114383500564145e-08,0.025893718004226685,1.0287203622283414e-07,0.0018332129111513495,8.993322753170219e-10,0.002346987370401621,1.2605094745765655e-09,True
0,0,0.9705411195755005,0.14886833727359772,0.14886747300624847,8.642673492431641e-07,0.9705411195755005,4.236017758785238e-08,0.024468444287776947,1.89770421599178e-08,0.0042381626553833485,3.4574971774503638e-09,0.0002753871667664498,2.602405790863571e-11,0.00047691274085082114,6.815722985997752e-11,True
2,2,0.7053236365318298,0.8331843614578247,0.8331632018089294,2.1159648895263672e-05,0.0013378955191001296,2.6983622003484697e-09,0.017282212153077126,2.1599817046080716e-07,0.7053236365318298,4.204618107905844e-06,0.20935264229774475,4.329337116359966e-06,0.0667036697268486,2.3632740919765638e-07,True
0,0,0.9789329767227173,0.11991295218467712,0.11991234868764877,6.034970283508301e-07,0.9789329767227173,2.051992353813148e-08,0.013811257667839527,3.829940364852291e-09,0.0059935059398412704,4.780167373041877e-09,0.0004650801420211792,4.997578392784696e-11,0.0007972597959451377,1.2597185794493981e-10,True
2,2,0.5689628720283508,0.921248197555542,0.9212307929992676,1.7404556274414062e-05,0.04134516790509224,2.3278838057194662e-07,0.3664451837539673,5.984427843941376e-06,0.5689628720283508,7.104653377609793e-06,0.017177198082208633,3.013369465065807e-08,0.006069599185138941,3.15667469941161e-09,True
0,0,0.9468911290168762,0.2566043734550476,0.256601482629776,2.8908252716064453e-06,0.9468911290168762,2.332341750843625e-07,0.029807521030306816,2.3875422527908086e-08,0.01964012160897255,7.91262664279202e-08,0.00153236067853868,7.672737445396649e-10,0.0021289149299263954,1.2248332348363533e-09,True
0,0,0.933697521686554,0.2973732650279999,0.2973703444004059,2.9206275939941406e-06,0.933697521686554,2.97041935937159e-07,0.04433552548289299,6.293777943255918e-08,0.01876833476126194,6.568327393097206e-08,0.0013545824913308024,6.147084508079104e-10,0.0018440617714077234,9.742067152984646e-10,True
1,0,0.6510186195373535,1.0024356842041016,1.0023977756500244,3.790855407714844e-05,0.6510186195373535,1.4580808965547476e-05,0.10607469081878662,1.0609192457877725e-07,0.20074999332427979,7.97766824689461e-06,0.021880144253373146,2.1131764071924408e-07,0.020276609808206558,1.5325800006849022e-07,False
0,0,0.9566764831542969,0.20481157302856445,0.20481105148792267,5.21540641784668e-07,0.9566764831542969,4.053143598525821e-08,0.03446619212627411,1.858729703485551e-08,0.007582927588373423,3.979060192449424e-09,0.0004976652562618256,2.920586342214371e-11,0.0007767993374727666,6.10157133151823e-11,True
0,0,0.918681800365448,0.33247464895248413,0.3324719965457916,2.652406692504883e-06,0.918681800365448,2.899155902014172e-07,0.06332685798406601,8.418579255931036e-08,0.01603672467172146,5.3720967230219685e-08,0.0008538608672097325,2.456430892028294e-10,0.0011007875436916947,3.411647353512848e-10,True
2,2,0.7879459261894226,0.7849456071853638,0.7849299907684326,1.5616416931152344e-05,0.026479631662368774,3.6926334701092856e-07,0.04381364956498146,4.35245766539083e-07,0.7879459261894226,2.7237277322456066e-07,0.09873566776514053,6.483644483523676e-07,0.04302513226866722,8.655818106717561e-08,True
2,3,0.6243128180503845,0.9227119088172913,0.9226922392845154,1.9669532775878906e-05,7.729275239398703e-06,2.418496717997154e-13,8.124569285428151e-05,1.410147866531819e-11,0.1965108960866928,5.961857368674828e-06,0.6243128180503845,6.470778771472396e-06,0.1790873259305954,9.298621961306708e-08,False
2,2,0.7761191725730896,0.7910527586936951,0.7910322546958923,2.0503997802734375e-05,0.011252003721892834,6.642507344167825e-08,0.0937095358967781,2.4073135591606842e-06,0.7761191725730896,6.830678103142418e-07,0.08739057183265686,7.384629157058953e-07,0.0315287783741951,7.511794564152297e-08,True
0,0,0.8289632797241211,0.5831514596939087,0.583148181438446,3.2782554626464844e-06,0.8289632797241211,6.720085821143584e-07,0.12024755775928497,1.9240734161485307e-07,0.045158009976148605,1.612359454838952e-07,0.002709082094952464,1.1829207613445192e-09,0.0029220664873719215,1.2372941560201411e-09,True
0,0,0.9407100081443787,0.26482880115509033,0.2648274004459381,1.4007091522216797e-06,0.9407100081443787,1.1886637452107607e-07,0.04521658644080162,4.1709675713264005e-08,0.011982212774455547,1.876032662551097e-08,0.0008496199152432382,1.531608589955269e-10,0.0012415762757882476,2.764883877404145e-10,True
0,0,0.8497172594070435,0.5616142153739929,0.5616099238395691,4.291534423828125e-06,0.8497172594070435,8.601356853432662e-07,0.07714080810546875,9.915586218767203e-08,0.0638427734375,3.534032657626085e-07,0.004481594543904066,2.8180449085368764e-09,0.004817573353648186,2.716247449185971e-09,True
0,0,0.94792240858078,0.2390773892402649,0.23907656967639923,8.195638656616211e-07,0.94792240858078,7.095324150441229e-08,0.03951810672879219,2.8535282581287902e-08,0.011018487624824047,8.470721901687739e-09,0.0006378510734066367,5.067168906691677e-11,0.0009031730005517602,8.718605698510018e-11,True
0,0,0.9511446356773376,0.23322761058807373,0.2332257777452469,1.8328428268432617e-06,0.9511446356773376,1.2827921125335706e-07,0.03383198380470276,2.845025015574265e-08,0.0127384839579463,2.899374607068239e-08,0.0009278420475311577,2.9725311101458374e-10,0.001357126864604652,5.635377164914246e-10,True
0,0,0.7114346623420715,0.8191156387329102,0.8191091418266296,6.496906280517578e-06,0.7114346623420715,2.0492600469879108e-06,0.18999096751213074,6.196747222020349e-07,0.09067636728286743,5.932895419391571e-07,0.0041941325180232525,2.240687191346069e-09,0.003703843802213669,1.5337748848764932e-09,True
0,0,0.977403461933136,0.12394212931394577,0.12394165247678757,4.76837158203125e-07,0.977403461933136,1.750992772997506e-08,0.01677040569484234,6.361151605460691e-09,0.004940911196172237,2.4798338937870312e-09,0.00032694224501028657,1.5304165920659862e-11,0.0005582802114076912,3.592659503226514e-11,True
0,0,0.5457245707511902,1.1362860202789307,1.136225700378418,6.031990051269531e-05,0.5457245707511902,2.6120020265807398e-05,0.08615898340940475,1.1560062063153964e-07,0.29847463965415955,1.537107709737029e-05,0.037127505987882614,5.708540129489847e-07,0.0325143001973629,3.560780896805227e-07,True
0,0,0.9384064078330994,0.2666383981704712,0.26663780212402344,5.960464477539062e-07,0.9384064078330994,6.093384286032233e-08,0.049394894391298294,3.071231446938327e-08,0.011028752662241459,6.864803836492683e-09,0.0005007970030419528,2.1610544950756427e-11,0.000669205270241946,3.294267636455572e-11,True
0,0,0.9413831830024719,0.26039156317710876,0.26038920879364014,2.3543834686279297e-06,0.9413831830024719,2.116252062478452e-07,0.04559057578444481,7.077469632577049e-08,0.011326148174703121,2.894212514092942e-08,0.0006991002592258155,1.8146810443209205e-10,0.0010009329998865724,3.1251656817943285e-10,True
0,0,0.9729313254356384,0.1397351175546646,0.13973446190357208,6.556510925292969e-07,0.9729313254356384,3.280665694660456e-08,0.02211012877523899,1.621937073537083e-08,0.004272738471627235,2.6040840594987458e-09,0.000253907433943823,1.5107887163523515e-11,0.0004319842846598476,3.717849986206723e-11,True
0,0,0.9673098921775818,0.17279687523841858,0.1727953851222992,1.4901161193847656e-06,0.9673098921775818,7.699963333607229e-08,0.019463831558823586,1.1017966983217775e-08,0.011309967376291752,2.314342317788487e-08,0.0007715633255429566,1.862482390535547e-10,0.0011448003351688385,3.517078295267595e-10,True
0,0,0.9197681546211243,0.350538969039917,0.35053592920303345,3.039836883544922e-06,0.9197681546211243,4.203521370982344e-07,0.04623148590326309,6.878133262944175e-08,0.02944323420524597,1.1281917977612466e-07,0.0020288003142923117,7.844555560687638e-10,0.0025284048169851303,9.733017725110926e-10,True
0,0,0.94781094789505,0.23856711387634277,0.23856611549854279,9.98377799987793e-07,0.94781094789505,8.200315448902984e-08,0.03981994092464447,2.9291541636666807e-08,0.011056925170123577,1.220102596732886e-08,0.0005536709795705974,4.732706587740054e-11,0.0007584823179058731,7.32567340122614e-11,True
0,0,0.9672412276268005,0.16539405286312103,0.16539256274700165,1.4901161193847656e-06,0.9672412276268005,8.337934787050472e-08,0.02507617138326168,2.9752317942666195e-08,0.006795178633183241,1.1453323622845346e-08,0.00035227008629590273,5.303022951319569e-11,0.0005352253210730851,1.0482368445474677e-10,True
0,0,0.9755023121833801,0.13099253177642822,0.130992129445076,4.023313522338867e-07,0.9755023121833801,1.713597086450136e-08,0.018981602042913437,6.796297302713583e-09,0.004693484865128994,2.020463574226028e-09,0.00030311255250126123,1.3630244502516042e-11,0.0005194997065700591,3.3689183387419774e-11,True
1,0,0.7705931067466736,0.6981668472290039,0.6981619000434875,4.947185516357422e-06,0.7705931067466736,1.3217731975601055e-06,0.1618851274251938,3.7102395822330436e-07,0.06273636966943741,3.6141784676146926e-07,0.002489634556695819,9.562727276701821e-10,0.0022957525216042995,6.839700472660581e-10,False
